Name,Team,Position,BABIP,K%,BB%,HR%,1B%,2B%,3B%,R%,RBI%,IBB%,HBP%,SF%,SH%,SB%,CS%,NSB%
Aaron Judge,NYY ,OF,0.3205,0.2484,0.1727,0.07813305293089653,0.7362545018007204,0.26025410164065627,0.009848484848484806,0.1650943396226415,0.1758241758241758,0.03376545229058997,0.009432481265365321,0.0062893081761006,0.00141287284144422,0.01486673264623575,0.004322071519092451,0.0105446611271433
Shohei Ohtani,LAD ,Util,0.3115,0.24045,0.1376,0.07146198045819606,0.695443211068211,0.2697273166023165,0.04865529028373061,0.1844512195121951,0.165402124430956,0.022163060259346203,0.007618481438987291,0.0060975609756097,0.00136570561456752,0.0365188251043107,0.01024625134333585,0.026272573760974846
Bobby Witt Jr.,KC ,SS,0.31179999999999997,0.17099999999999999,0.073,0.04677291204730229,0.7121156241019254,0.2469225979499952,0.039879811968853054,0.1585365853658536,0.1393939393939394,0.008679776817349065,0.009292313377679202,0.0091463414634146,0.00136363636363635,0.05152296157450795,0.014170490392887824,0.03735247118162012
Juan Soto,NYM ,OF,0.28125,0.1778,0.1805,0.056446865885201675,0.7539949958298582,0.23571726438698912,0.009318681868186754,0.1589895988112927,0.1466666666666666,0.013178927015510005,0.005941775356336949,0.0059435364041604,0.0014791059280854402,0.03135082604470357,0.0079710144927536,0.023379811551949972
Jose Ramirez,CLE ,3B,0.26890000000000003,0.1162,0.09659999999999999,0.04070624264630113,0.7323582848837209,0.24559411337209303,0.021574091870074898,0.1399688958009331,0.1371340523882896,0.02713136519543447,0.00621508865175997,0.0093312597200622,0.0,0.0521267566960385,0.012142343289217223,0.03998441340682128
Elly De La Cruz,CIN ,SS,0.32930000000000004,0.26105,0.0915,0.03350681425043239,0.7287512195121951,0.24292682926829265,0.0405142276422764,0.1430842607313195,0.1210691823899371,0.008674960932868781,0.004764225935147081,0.0063593004769475,0.00156390386343211,0.06242278751123083,0.016249503073300448,0.04617328443793038
Ronald Acuna Jr.,ATL ,OF,0.32080000000000003,0.20639999999999997,0.1325,0.04634557132904785,0.772037400196106,0.2041952654433394,0.016269336723882144,0.1621187800963081,0.1240063593004769,0.005966536375038995,0.01266985992696493,0.0064205457463884,0.00143084260731312,0.03940983542501567,0.010565516787236176,0.028844318637779497
Julio Rodriguez,SEA ,OF,0.31515,0.22005,0.07200000000000001,0.04293271707201621,0.7683958029401863,0.19815396700706986,0.02204370459128079,0.1452599388379205,0.1380880121396054,0.00699088376900864,0.0137510267154849,0.0061162079510703,0.0,0.04243497745944247,0.0103938005509966,0.032041176908445865
Kyle Tucker,LAD ,OF,0.27345,0.14675,0.1318,0.04588105495429223,0.7266355878634639,0.24834070796460175,0.018319648020427785,0.1547231270358306,0.1419354838709677,0.009345982377399795,0.006347063150152331,0.00814332247557,0.00160522273425494,0.037039170506912376,0.007827746527379125,0.029211423979533253
Cal Raleigh,SEA ,C,0.2484,0.26995,0.1196,0.06263977635782747,0.7205139372822299,0.2696718931475029,0.0,0.1314102564102564,0.1629392971246006,0.01567926168993031,0.009612312607520261,0.0064102564102564,0.00143769968051112,0.013116846640351851,0.0036156783293072254,0.009501168311044625
Corbin Carroll,AZ ,OF,0.2929,0.2087,0.1043,0.042665291499294294,0.6696551441677587,0.2561230340760157,0.08951529673702274,0.1590163934426229,0.1274834437086092,0.004766575763365255,0.01312778199978281,0.0065573770491803,0.00329410419287421,0.053471363074012054,0.01198694589611265,0.041484417177899406
Junior Caminero,TB ,3B,0.28170000000000006,0.19219999999999998,0.0659,0.05746241829238029,0.7707977307746183,0.22739529345846757,0.008785997273579225,0.1293929712460063,0.1632329635499207,0.001924009986485745,0.007822412824108959,0.0079872204472843,0.0,0.009011236490592526,0.0033350334869543,0.0056762030036382255
Gunnar Henderson,BAL ,SS,0.31025,0.20894999999999997,0.09989999999999999,0.038308527077741746,0.7153846153846154,0.2596153846153846,0.03117721738126833,0.1419847328244274,0.1263318112633181,0.00538811281161351,0.009157516818292681,0.0076335877862595,0.0013698630136986301,0.036325831702544026,0.00809250023593295,0.028233331466611077
Kyle Schwarber,PHI ,OF,0.261,0.28259999999999996,0.1487,0.06160741799030728,0.7369601328903654,0.24266334440753043,0.012036505811606186,0.1441717791411043,0.1598173515981735,0.00699554570806825,0.010728025697771051,0.004601226993865,0.0013698630136986301,0.009035903989775926,0.003081827067559475,0.005954076922216451
Vladimir Guerrero Jr.,TOR ,1B,0.3049,0.13540000000000002,0.11019999999999999,0.04781297134238309,0.7790780141843971,0.22163120567375885,0.0029647349747338797,0.1463046757164404,0.143288084464555,0.01273143674599097,0.01040723981900444,0.0060331825037707,0.0,0.0078652396723955,0.0030473727952719,0.0048178668771236
Fernando Tatis Jr.,SD ,OF,0.30265,0.1961,0.1076,0.04486231563563638,0.75,0.219758064516129,0.01784046044470905,0.1521739130434782,0.1253869969040247,0.0056274397630905505,0.009313885737361301,0.0062111801242236,0.0013931888544891,0.039858377561550876,0.009124838918387074,0.0307335386431638
Nick Kurtz,ATH ,1B,0.31720000000000004,0.2885,0.11430000000000001,0.0587024853801169,0.7205899198167238,0.2586769759450171,0.018909595559080068,0.1456140350877193,0.1649305555555555,0.005399673425989154,0.007010233918128631,0.0070175438596491,0.00156249999999999,0.005123782467532425,0.00180918272481405,0.0033145997427183743
Pete Alonso,BAL ,1B,0.27495,0.22825,0.09409999999999999,0.05672695243687608,0.7516011770815303,0.2481824476371819,0.010649590650023369,0.1338461538461538,0.1572519083969465,0.007424780146272175,0.019984732824427483,0.0076923076923076,0.0,0.0033946418734330753,0.001534446267627375,0.0018601956058057003
Francisco Lindor,NYM ,SS,0.28125,0.18355,0.08689999999999999,0.040394257362590225,0.7494452773613194,0.23427661169415284,0.009974091901417688,0.1373182552504038,0.1229773462783171,0.002785091011481765,0.01470374494826709,0.0080775444264943,0.0014563106796115798,0.03743643088303283,0.00812388221768005,0.029312548665352777
Jackson Chourio,MIL ,OF,0.30820000000000003,0.20145,0.0627,0.03389659777424483,0.7351279317697228,0.23182022219728418,0.027500882712788503,0.128,0.1335453100158982,0.003342112489285145,0.00639593004769475,0.008,0.0015844524383423,0.038217466585588,0.0108718344012461,0.0273456321843419
Jazz Chisholm Jr.,NYY ,"2B,3B",0.2805,0.262,0.0953,0.04613466621699134,0.7601899077590885,0.21475854584915893,0.01985522887313441,0.1448040885860306,0.1302876480541455,0.0033125369164903997,0.00851212249615897,0.0068143100511073,0.00168704625207332,0.05583547964958778,0.013801919300455724,0.042033560349132054
Ketel Marte,AZ ,2B,0.2889,0.16365,0.1093,0.04726231215592909,0.7219520011394387,0.2600591083891184,0.018064259602145902,0.1407528641571195,0.1412337662337662,0.0088580492455872,0.00997433417646176,0.0065466448445171,0.00146103896103894,0.0084424504067361,0.0032670116904725504,0.005175438716263549
Trea Turner,PHI ,SS,0.3244,0.18195,0.0633,0.027424829518152283,0.7651676245210727,0.20104166666666667,0.02802345306220127,0.1364365971107544,0.1130573248407643,0.001323831942081725,0.008019292308635989,0.0064205457463884,0.0014331210191082,0.04469725442101507,0.008023882735611224,0.03667337168540384
Manny Machado,SD ,3B,0.28425,0.19569999999999999,0.08169999999999998,0.0448118279569892,0.7795151430953042,0.2269380383439844,0.001239669421487595,0.1258064516129032,0.1394230769230769,0.00626715266967721,0.0032237386269644303,0.0096774193548387,0.0,0.015087494027711399,0.004868395493395475,0.010219098534315924
Bryce Harper,PHI ,1B,0.31220000000000003,0.21334999999999998,0.12300000000000001,0.043420863825512974,0.7423926194797339,0.2531760435571687,0.00868915099972134,0.1387959866220735,0.1386138613861386,0.012098541246988094,0.008350166120290931,0.0066889632107023,0.0,0.01527395220725075,0.0049670518891353505,0.0103069003181154
Yordan Alvarez,HOU ,OF,0.3,0.17105,0.1253,0.059639727361246314,0.7361111111111112,0.2610294117647059,0.011502879259888538,0.1501831501831501,0.1518987341772152,0.019012988593684745,0.01445263597162326,0.0091575091575091,0.00162748643761296,0.0063008589511754,0.0018099592061777499,0.00449089974499765
Matt Olson,ATL ,1B,0.28135,0.24,0.12109999999999999,0.03980889980889972,0.7473442781265089,0.24468855625301783,0.008826898626619138,0.1212121212121212,0.1381381381381381,0.0058828693522570506,0.00893256893256885,0.0075757575757575,0.00135135135135135,0.001490557613006575,0.0,0.001490557613006575
Zach Neto,LAA ,SS,0.29705,0.24175,0.0693,0.04157924924154372,0.7284248665141113,0.25600686498855835,0.008838402914317745,0.1339712918660287,0.1182965299684542,0.00570216766464478,0.0254901664830271,0.0063795853269537,0.00455942695856353,0.04321825858020442,0.0128026205610823,0.030415638019122122
Brent Rooker,ATH ,OF,0.31015000000000004,0.25234999999999996,0.09330000000000001,0.05334522637795269,0.7171640141467728,0.2731358679634541,0.01613666966798881,0.1401574803149606,0.15,0.0043246495914984005,0.012276082677165269,0.0062992125984251,0.0,0.009662828947368399,0.0031661184210526254,0.006496710526315773
Pete Crow-Armstrong,CHC ,OF,0.2927,0.24125,0.05739999999999999,0.03595723442261212,0.7183600305110602,0.23850114416475965,0.04036497376311842,0.1416938110749185,0.1274193548387096,0.001975776266987415,0.013016706945465962,0.00814332247557,0.01254458024443998,0.05549238629533155,0.0136774193548387,0.041814966940492845
Mookie Betts,LAD ,SS,0.27140000000000003,0.11725000000000001,0.10249999999999998,0.03260242173285645,0.7341903225806452,0.2475,0.01836153740184597,0.1347402597402597,0.1304347826086956,0.0040217888832895145,0.009410356149486541,0.0097402597402597,0.0014492753623188,0.015093835570693902,0.0032614826258612747,0.011832352944832626
Rafael Devers,SF ,1B,0.29209999999999997,0.2423,0.1256,0.04903330206378984,0.7473214285714285,0.25,0.009137135799979814,0.1307692307692307,0.1402439024390244,0.015627552387880876,0.00922232645403374,0.0061538461538461,0.0013719512195121601,0.0033798798264949746,0.0015432926829267999,0.0018365871435681747
James Wood,WSH ,OF,0.34419999999999995,0.28959999999999997,0.1146,0.036771307249014215,0.7419491525423729,0.25,0.015407891233132846,0.1289808917197452,0.1269841269841269,0.00757204617284926,0.006208674552623541,0.0047770700636942,0.0014285714285713499,0.02564699792960655,0.0095795043163464,0.01606749361326015
Jarren Duran,BOS ,OF,0.3183,0.2323,0.08139999999999999,0.030925658978583192,0.6971709677419355,0.2736451612903225,0.05754957983193276,0.1348684210526315,0.1136738056013179,0.0016573023481945151,0.0115150546258562,0.0049342105263157,0.00164881476900172,0.0383852288089673,0.008344302033754025,0.030040926775213278
Roman Anthony,BOS ,OF,0.33245,0.24634999999999999,0.11879999999999999,0.031907747424988725,0.7282415254237288,0.25526129943502823,0.01759287793186093,0.1313131313131313,0.1116584564860427,0.0016072050554808348,0.00839677563815493,0.005050505050505,0.0014778325123152298,0.0167214012041598,0.0046730548620014505,0.01204834634215835
Freddie Freeman,LAD ,1B,0.30515,0.18530000000000002,0.1026,0.03597153217484951,0.7378461636178862,0.2534775152439024,0.015386839760905784,0.1342062193126023,0.1361426256077795,0.012615705145369624,0.011607562064474301,0.0081833060556464,0.0,0.013180694455855176,0.0031909967338775,0.009989697721977676
Jackson Merrill,SD ,OF,0.3055,0.19329999999999997,0.0671,0.0363576357635763,0.7207800196850394,0.2582738681102362,0.03160916868862458,0.1272727272727272,0.1336633663366336,0.00320685315284769,0.00512287592395602,0.0082644628099173,0.00493163602074488,0.012678767876787674,0.003328489845571575,0.0093502780312161
Brice Turang,MIL ,2B,0.3103,0.20725,0.09029999999999999,0.01948535762837892,0.7885431235431235,0.17875874125874122,0.02124077593917704,0.1220285261489698,0.1058451816745655,0.001547769523897615,0.0031685706631815903,0.0063391442155309,0.004726232336689361,0.04549690232307563,0.009555986794801349,0.035940915528274275
Riley Greene,DET ,OF,0.31605000000000005,0.27549999999999997,0.0911,0.043262335818246296,0.7394663894663895,0.23336798336798334,0.025152277783856695,0.1261980830670926,0.1412698412698412,0.00310084100973514,0.00798214919620666,0.0063897763578274,0.0,0.006682027649769525,0.0016200294550809248,0.0050619981946886
Cody Bellinger,NYY ,OF,0.26295,0.15009999999999998,0.0837,0.03585174930352589,0.7561462450592885,0.21581027667984182,0.02640265653852606,0.1201353637901861,0.1346801346801346,0.00491906922744479,0.005073578423832139,0.0101522842639593,0.0,0.018759018759018725,0.005094498996937975,0.01366451976208075
Geraldo Perdomo,AZ ,SS,0.28445,0.13145,0.1121,0.01747492283950617,0.771925691793893,0.19991948950381677,0.029364042890412684,0.125,0.1003086419753086,0.00148199044829567,0.01107831790123456,0.0078125,0.01410349854227397,0.03195861678004532,0.008011236325293224,0.023947380454752098
Josh Naylor,SEA ,1B,0.2664,0.1487,0.0844,0.03347512847623495,0.7805066475026949,0.22089471793029097,0.00217391304347825,0.1160862354892205,0.1416803953871499,0.009290618288209354,0.00977894710959206,0.0082918739635157,0.0,0.028228056304060903,0.0066967253388825745,0.021531330965178327
William Contreras,MIL ,C,0.30274999999999996,0.19169999999999998,0.1119,0.03459849946054524,0.7678957406230134,0.22886204704386517,0.0083454298227025,0.1198003327787021,0.1276948590381426,0.00616429730456305,0.008150870715750111,0.0066555740432612,0.0,0.01033153902618055,0.0033408045098738248,0.006990734516306725
Shea Langeliers,ATH ,C,0.28015,0.22619999999999998,0.07400000000000001,0.0551330798479087,0.7199742870500234,0.26954768583450206,0.012688722052635906,0.1349809885931558,0.1444866920152091,0.00190658288102625,0.0076045627376425,0.0076045627376425,0.00171102661596954,0.011417728499695176,0.0024421156759095747,0.008975612823785601
Austin Riley,ATL ,3B,0.30905000000000005,0.2593,0.0761,0.04678145867098861,0.7327339719970524,0.24193072955047898,0.017103524508931902,0.1312803889789303,0.136,0.001519183260013855,0.0127893679092382,0.0081037277147487,0.0,0.0035160714285714253,0.0016159733777038252,0.0019000980508676
Wyatt Langford,TEX ,OF,0.29555,0.22825,0.1149,0.04080041719038318,0.722604485219164,0.25172018348623854,0.0187119629394132,0.140983606557377,0.1207177814029363,0.004720890149001535,0.009668119701548331,0.0065573770491803,0.00146818923327891,0.03706886506641802,0.008800818287141701,0.028268046779276322
Corey Seager,TEX ,SS,0.2935,0.18335,0.113,0.05312652218482134,0.7599905303030302,0.24029356060606058,0.0040816326530612,0.1338432122370937,0.1444866920152091,0.017398338825748285,0.009364662774720192,0.0076481835564053,0.0,0.004190996740901599,0.0019179814975599,0.0022730152433416994
Bo Bichette,NYM ,SS,0.317,0.16275,0.0595,0.0283859432595196,0.7916108713981054,0.19074542478797793,0.012314328007758599,0.1220735785953177,0.1268533772652388,0.00155539839537961,0.006679045472828111,0.0066889632107023,0.0,0.008837498685547975,0.0033258705416859997,0.0055116281438619755
Maikel Garcia,KC ,"2B,3B,SS,OF",0.2986,0.1479,0.08229999999999998,0.020300196850393623,0.7630356607731494,0.22123164519029068,0.028310153794854388,0.1275590551181102,0.1015625,0.00023622047244093,0.0031471456692912497,0.0094488188976377,0.00466987781954887,0.04099506578947368,0.011025705645161274,0.029969360144312403
Randy Arozarena,SEA ,OF,0.28735,0.26355,0.10009999999999998,0.03679879183688854,0.7459905660377357,0.23707197763801535,0.017598042044121298,0.1340523882896764,0.1116207951070336,0.00148859554372794,0.02647992913114975,0.0061633281972265,0.00137614678899075,0.036727648592776725,0.0108008985300745,0.025926750062702224
Ben Rice,NYY ,"C,1B",0.2703,0.2101,0.099,0.04856617685023587,0.7264835164835164,0.2534493284493284,0.023160173160173124,0.1340782122905028,0.1386321626617375,0.0,0.014886564297442138,0.0074487895716946,0.0,0.00783466379584675,0.00331027766183685,0.0045243861340099
Alex Bregman,CHC ,3B,0.2625,0.14205,0.09989999999999999,0.03477485236220465,0.757563025210084,0.22899159663865545,0.00836238357526949,0.1181102362204724,0.1234375,0.00278086332958373,0.01258858267716527,0.0078740157480314,0.0014062500000000002,0.0034598214285714254,0.0015637245297805502,0.0018960968987908752
Hunter Goodman,COL ,C,0.29825,0.25695,0.06069999999999999,0.05075294837018385,0.7019365171811298,0.2864249660260143,0.029338286085790477,0.1252268602540834,0.1541218637992831,0.0,0.01087563179361078,0.0090744101633393,0.0,0.0035458049761153752,0.0018771350620171,0.0016686699140982752
Jeremy Pena,HOU ,SS,0.31045,0.17820000000000003,0.0583,0.027206659220575337,0.7711022610483041,0.20826053442959913,0.01454649584585322,0.1289808917197452,0.1090047393364928,0.00231695427414586,0.0176600658073474,0.0063694267515923,0.00315082155779294,0.029808315315118523,0.006822669826224276,0.022985645488894247
Tyler Soderstrom,ATH ,"1B,OF",0.30175,0.2299,0.086,0.03954776958201614,0.723067158067158,0.2505528255528255,0.0111734997029114,0.1284246575342466,0.1333333333333333,0.0034065993801805153,0.010272216368106749,0.0085616438356164,0.0,0.0081109366823652,0.0036440161710139755,0.0044669205113512245
Vinnie Pasquantino,KC ,1B,0.26630000000000004,0.14730000000000001,0.0827,0.03857674489253428,0.7324242424242424,0.2515495867768595,0.009731594510576959,0.1164274322169059,0.1476190476190476,0.005622810319606651,0.00956482114376849,0.011164274322169,0.0,0.0019668737060040747,0.0,0.0019668737060040747
Oneil Cruz,PIT ,OF,0.31045,0.302,0.10089999999999999,0.045034393036578066,0.7123096129837703,0.2617977528089887,0.03306422527396306,0.1463878326996197,0.1209829867674858,0.00698848376717719,0.00760025013117503,0.0057034220532319,0.0,0.05314837741248755,0.011605789810807775,0.041542587601679774
George Springer,TOR ,OF,0.28585,0.19459999999999997,0.1006,0.04578840717484299,0.7617108127721335,0.21775217706821476,0.016465518933347224,0.1438721136767318,0.125,0.0017029903798508749,0.0108238686113126,0.0071047957371225,0.00158450704225344,0.02478843650136105,0.0051927946992298,0.01959564180213125
CJ Abrams,WSH ,SS,0.28200000000000003,0.18935,0.061599999999999995,0.026523887973640813,0.7369747899159663,0.23739495798319327,0.03243408403836204,0.1202635914332784,0.1054365733113673,0.00295755864124886,0.01993410214168032,0.0065897858319604,0.0031241337831123296,0.049765958003190225,0.011610176814769575,0.038155781188420654
Eugenio Suarez,CIN ,3B,0.273,0.29835,0.0834,0.057114190157668374,0.7395075757575758,0.2599116161616161,0.011312388591800329,0.1226890756302521,0.1588628762541806,0.001636857388136125,0.01696551530311118,0.0084033613445378,0.0,0.004980074273552474,0.001694321447077025,0.003285752826475449
Michael Harris II,ATL ,OF,0.29835,0.19294999999999998,0.0475,0.03214924498787862,0.7515495867768595,0.23078512396694215,0.02678933416497733,0.127208480565371,0.1234567901234567,0.00218938923081525,0.00865599740746972,0.0070671378091872,0.0035230352303522103,0.03208478513356558,0.008675612283859624,0.023409172849705957
Byron Buxton,MIN ,OF,0.29735,0.27435,0.07869999999999999,0.05238677815814578,0.6710099591419816,0.30033835546475995,0.04412812126955214,0.141747572815534,0.1387283236994219,0.005624844668211245,0.015522008343154241,0.0058252427184466,0.0017341040462427,0.029712014863748925,0.0044239157416929,0.025288099122056026
Seiya Suzuki,CHC ,OF,0.30375,0.25255,0.10629999999999998,0.04481177446102819,0.7297179113435651,0.2488853639715339,0.027891966596095004,0.1366666666666666,0.1393034825870646,0.0032393796134362746,0.00649751243781088,0.0083333333333333,0.0,0.0131605216294131,0.005037963492641275,0.008122558136771825
Salvador Perez,KC ,"C,1B",0.27115,0.20779999999999998,0.051699999999999996,0.04921862037179285,0.7542266019054735,0.244605828507379,0.00566037735849054,0.1130742049469964,0.1530434782608695,0.008718773268961054,0.016050084498386772,0.0088339222614841,0.0,0.0003993610223642,0.0,0.0003993610223642
Nico Hoerner,CHC ,2B,0.2969,0.0937,0.060899999999999996,0.00868711372956737,0.7949370603480191,0.17916975194372453,0.02049549549549544,0.1206030150753768,0.0919540229885057,0.0015432794427586549,0.01504567170829516,0.0083752093802345,0.0014778325123152298,0.0429219600725952,0.00995326512567885,0.03296869494691635
Jose Altuve,HOU ,"2B,OF",0.28255,0.17345,0.0833,0.034002075406433685,0.7810964912280702,0.2099780701754385,0.008354519774011266,0.1241496598639455,0.1152542372881356,0.004460744114823565,0.00850051885160842,0.0068027210884353,0.00152542372881348,0.020872214816225428,0.006368992338054275,0.014503222478171152
Christian Yelich,MIL ,OF,0.31745,0.24264999999999998,0.11139999999999999,0.03037825712881019,0.7729030144167759,0.20048328964613368,0.01093865895267762,0.1256637168141593,0.1284722222222222,0.008544695533080446,0.00706612586037363,0.0053097345132743,0.0,0.0287698412698412,0.006800690021231375,0.021969151248609823
Teoscar Hernandez,LAD ,OF,0.31175,0.26225,0.06409999999999999,0.04763740730295135,0.7452830188679245,0.2382075471698113,0.009513226909525885,0.1394495412844036,0.1500904159132007,0.0017165653858802299,0.009161039865952179,0.0073394495412844,0.0,0.011498776725880224,0.0036248861551457503,0.007873890570734475
Kyle Stowers,MIA ,OF,0.29845,0.28415,0.09480000000000001,0.04216864905623657,0.7196109693877552,0.2565369897959183,0.03045381310418898,0.1173380035026269,0.1423611111111111,0.00456719754854451,0.01224855273399489,0.0070052539404553,0.00156249999999999,0.00815245279146135,0.00180815620782725,0.0063442965836341
Willy Adames,SF ,SS,0.27830000000000005,0.2502,0.10629999999999998,0.04462536281219763,0.7221081830790569,0.26578825705039294,0.012039242881618634,0.1302325581395348,0.1294298921417565,0.00298241376404148,0.00619772816855977,0.0077519379844961,0.0,0.0174983150695189,0.0050797753367463,0.012418539732772602
Will Smith,LAD ,C,0.28964999999999996,0.19289999999999996,0.11319999999999998,0.04710578842315363,0.7516304347826086,0.2282608695652173,0.012796248934356335,0.1457085828343313,0.1377245508982036,0.0056976047904191505,0.0177644710578842,0.0119760479041916,0.0,0.004494011976047849,0.002026667004973075,0.002467344971074774
Michael Busch,CHC ,1B,0.29055,0.2478,0.09889999999999999,0.04207915548651315,0.7195757575757575,0.2581313131313131,0.02983281086729361,0.1254295532646048,0.1352739726027397,0.002949973238836525,0.013740997034317139,0.0068728522336769,0.00154109589041088,0.005113243927708001,0.0017783177215874501,0.0033349262061205505
Ozzie Albies,ATL ,2B,0.26255000000000006,0.14905000000000002,0.0723,0.03056392931392925,0.7490384615384615,0.23849587912087905,0.017392493708283118,0.1145299145299145,0.1199324324324324,0.0016158053658052898,0.008536902286902239,0.0102564102564102,0.00152027027027019,0.018697715572715497,0.005174302049301975,0.013523413523413522
Trevor Story,BOS ,SS,0.31205,0.2693,0.06169999999999999,0.03741003824838021,0.761132561132561,0.2228442728442728,0.01266731016731015,0.1292639138240574,0.1252173913043478,0.0028727650051676,0.010564358754195561,0.0071813285457809,0.0017155933311539602,0.040150375939849624,0.00881006864988555,0.03134030728996407
Luke Keaschall,MIN ,2B,0.31065,0.1679,0.0871,0.01910924441412242,0.7524741340530814,0.23228744939271245,0.014270399629906389,0.1268939393939394,0.1031894934333958,0.0007557990789697949,0.01740469895957696,0.0094696969696969,0.0016885553470919101,0.044931821227552925,0.011567776735459626,0.0333640444920933
Agustin Ramirez,MIA ,C,0.27725,0.1965,0.0706,0.03342611958661417,0.7330004342162397,0.2501628310898827,0.01111871917343039,0.115234375,0.124015748031496,0.0030716884966065705,0.009970164862204721,0.0078125,0.0,0.02399268606068585,0.006214848143981975,0.017777837916703877
Yandy Diaz,TB ,1B,0.3083,0.1503,0.0916,0.0370846103239678,0.8097907813010787,0.18425138934292246,0.007302619115278945,0.1247947454844006,0.1205211726384364,0.00287618578317978,0.00836636125864473,0.0065681444991789,0.0014657980456026002,0.003211045897816925,0.001629995103361625,0.0015810507944553
Willson Contreras,BOS ,1B,0.3084,0.25075000000000003,0.09230000000000001,0.03978415596472225,0.7553255325532553,0.22854785478547854,0.01059620630430389,0.1286231884057971,0.1316725978647686,0.0016812021670912897,0.029111867553767583,0.0072463768115942,0.00176562710002388,0.009135652051960775,0.0018827651869887498,0.0072528868649720255
Taylor Ward,BAL ,OF,0.28805000000000003,0.24355,0.1047,0.043297343231249286,0.7462616822429906,0.2429906542056074,0.01885283425796559,0.1284109149277688,0.1303656597774244,0.00024077046548956498,0.01106625462210386,0.0080256821829855,0.00143084260731312,0.008241479455496949,0.003211183959847,0.005030295495649949
Jo Adell,LAA ,OF,0.27330000000000004,0.27049999999999996,0.0694,0.05368745013108395,0.735,0.2527777777777777,0.013539600062982195,0.1272401433691756,0.146643109540636,0.00169134282561048,0.01431665336828905,0.0053763440860215,0.0,0.016493901365295827,0.005605699800276475,0.010888201565019351
Jakob Marsee,MIA ,OF,0.28485,0.21764999999999998,0.10439999999999999,0.02262055662716997,0.7371844660194175,0.23680073971336102,0.03777380952380951,0.1228070175438596,0.0977312390924956,0.00026315789473683,0.01385321943602457,0.0070175438596491,0.00765965882978434,0.06257490695767355,0.015939069591894,0.04663583736577955
Jordan Westburg,BAL ,"2B,3B",0.30325,0.2241,0.0644,0.03979113384484227,0.7336093085701499,0.22994517789214589,0.024722106759275348,0.1322463768115942,0.1274509803921568,0.0,0.012638533674339252,0.0054347826086956,0.00220588235294112,0.010058568882098249,0.0042647058823529,0.005793862999745349
Matt Chapman,SF ,3B,0.28135,0.2469,0.11259999999999998,0.042564140083894225,0.7073207806217515,0.2725066195939982,0.02114643503185267,0.1343283582089552,0.1209150326797385,0.001528226340287315,0.011591552043703001,0.0082918739635157,0.0,0.015121673669467726,0.00494122606884235,0.010180447600625376
Ian Happ,CHC ,OF,0.28800000000000003,0.23665,0.12360000000000002,0.0335197440038885,0.7212283384301732,0.2609582059123343,0.009221271129656594,0.1261980830670926,0.1188589540412044,0.00307582569597222,0.007822412824108959,0.0063897763578274,0.00142630744849443,0.012928169210834325,0.003170829874474825,0.0097573393363595
Drake Baldwin,ATL ,C,0.28535,0.18015000000000003,0.08549999999999999,0.03012559530069257,0.7771941747572815,0.20791262135922325,0.01269348184818481,0.11284046692607,0.1447876447876447,0.00190533353227897,0.00777609182278436,0.0077821011673151,0.0,0.0019213612963612501,0.0,0.0019213612963612501
Lawrence Butler,ATH ,OF,0.29595,0.25885,0.08669999999999999,0.039412330479946106,0.7257173166296221,0.2556829662558092,0.017818467893300934,0.1315315315315315,0.1156583629893238,0.00027027027027027,0.00342117918630373,0.0072072072072072,0.00177149151475529,0.03294992374173862,0.00742141162514825,0.025528512116590373
Andy Pages,LAD ,OF,0.2935,0.21655000000000002,0.061,0.03834736614853191,0.7204527496839443,0.25497787610619466,0.014778604546287256,0.1319444444444444,0.1329879101899827,0.000433128238341965,0.01388169257340233,0.0086805555555555,0.00172051710188833,0.01627562701186025,0.0067245570268022,0.00955106998505805
Noelvi Marte,CIN ,"3B,OF",0.29595,0.2225,0.06,0.0332553651381812,0.7518564356435643,0.22943069306930694,0.018984314161753238,0.1200787401574803,0.1156862745098039,0.001901623289335785,0.00983865987339811,0.0059055118110236,0.00176470588235286,0.028009385572410728,0.009580112668675426,0.018429272903735302
Luis Robert Jr.,NYM ,OF,0.2948,0.28109999999999996,0.07289999999999999,0.03560347747544314,0.7576068376068376,0.21327838827838824,0.01130885374787808,0.1372549019607843,0.1170825335892514,0.00645505632408639,0.01154792819239016,0.0058823529411764,0.0017274472168905901,0.05673782273270429,0.013745538534587126,0.04299228419811717
Jacob Wilson,ATH ,SS,0.30845,0.07944999999999999,0.0515,0.013063485956136923,0.8049173358526217,0.1852857817666509,0.00723477788132957,0.1132743362831858,0.1113043478260869,0.0016569322366744152,0.010774913428241559,0.0070796460176991,0.003455110107284,0.009855307735742475,0.0036613272311212504,0.006193980504621224
Munetaka Murakami,CWS ,"1B,3B",0.282,0.3266,0.14290000000000003,0.05583821548294116,0.7421176734785537,0.2392207500561419,0.0055840163934426194,0.1412429378531073,0.1349353049907578,0.008957404510098105,0.011093705943168561,0.0037664783427495,0.00166358595194082,0.016192613829265474,0.00550546398218605,0.010687149847079424
Brandon Nimmo,TEX ,OF,0.29245,0.2183,0.09609999999999999,0.035260263758795755,0.7568365817091454,0.22344452773613188,0.02403193894855847,0.1272141706924315,0.1157556270096463,0.001592793788375985,0.014490423598490131,0.0064412238325281,0.00160567549635069,0.014820344000408225,0.0035797998617662996,0.011240544138641926
Jackson Holliday,BAL ,"2B,SS",0.30425,0.2174,0.0972,0.025421132621963327,0.7470175438596491,0.2243808049535603,0.022268542643738,0.1264591439688716,0.0981595092024539,0.0021704349141365153,0.007821886960604041,0.0058365758754863,0.00184049079754599,0.026635078878177003,0.008679498587239876,0.017955580290937127
Colson Montgomery,CWS ,"3B,SS",0.27530000000000004,0.2985,0.08289999999999999,0.040780709124516853,0.7371987951807228,0.23727051061388407,0.024437757364586605,0.1127541589648798,0.1272727272727272,0.002164012190363025,0.01660863720383128,0.0073937153419593,0.0,0.003973119903352425,0.0018557623478882997,0.002117357555464125
Dansby Swanson,CHC ,SS,0.3003,0.25465000000000004,0.0819,0.03549026064229338,0.7560106788710907,0.23197940503432485,0.018267993212524744,0.1243941841680129,0.1194267515923566,0.0014948564622259699,0.00629353899344528,0.0064620355411954,0.0014331210191082,0.025668047018625427,0.006208367773617875,0.019459679245007553
Ceddanne Rafaela,BOS ,"2B,OF",0.29495,0.21085,0.043899999999999995,0.02919279484709688,0.7381715838509317,0.2282802795031056,0.03341782776565378,0.1224862888482632,0.1129032258064516,0.00045343450426896,0.011126509537195382,0.0073126142595978,0.0035542136765718403,0.03632342814767728,0.01104662348489705,0.025276804662780226
Xavier Edwards,MIA ,"2B,SS",0.3181,0.13754999999999998,0.0795,0.0038134681583476496,0.8194627276901882,0.1594851778151946,0.027512036030439477,0.1128472222222222,0.0757314974182444,0.0016783808823332999,0.005203851118760721,0.0069444444444444,0.00702677820918218,0.04606632510106867,0.0108814674982572,0.035184857602811474
Mike Trout,LAA ,OF,0.30205,0.3054,0.1353,0.048417240130387465,0.7373333333333333,0.24666666666666662,0.024086312118570135,0.1272727272727272,0.1274900398406374,0.013424656352943135,0.013922491850778661,0.006060606060606,0.0,0.006267785998861625,0.002099350780895725,0.0041684352179659
Steven Kwan,CLE ,OF,0.28574999999999995,0.0911,0.0883,0.00701157348619526,0.8144856591285162,0.1629550468836183,0.01890640640640635,0.1092043681747269,0.0837209302325581,0.001516867668936485,0.00764043584999204,0.0078003120124804,0.004637174331176709,0.028073089700996624,0.00749745517187375,0.020575634529122873
Ivan Herrera,STL ,C,0.3093,0.19734999999999997,0.0962,0.032414153404365674,0.7832539682539682,0.20806878306878307,0.00944589741993063,0.1261950286806883,0.120817843866171,0.0017206006224246202,0.017532181367148302,0.005736137667304,0.00167286245353155,0.016706202178525177,0.00519225714392995,0.011513945034595227
Kazuma Okamoto,TOR ,"1B,3B",0.25775000000000003,0.18764999999999998,0.09720000000000001,0.04773486886472946,0.7323907799517556,0.26440632538193515,0.00454665959703075,0.1257253384912959,0.1340996168582375,0.009637126293857755,0.013526682822354062,0.0077369439071566,0.0017241379310344502,0.00421284893267645,0.001921277733226375,0.002291571199450075
Adley Rutschman,BAL ,C,0.27185000000000004,0.1576,0.10869999999999999,0.03186133706151492,0.7594115004492362,0.2375336927223719,0.011883164005805476,0.1192170818505338,0.1142857142857142,0.0035411273647695347,0.00694140823589219,0.0088967971530249,0.0,0.0017809818273598502,0.0,0.0017809818273598502
Alec Burleson,STL ,"1B,OF",0.27725,0.14065,0.0683,0.03506326792591232,0.7798611111111111,0.21233974358974353,0.0083867521367521,0.1122807017543859,0.127177700348432,0.00043737392261139,0.0070126535851824405,0.010087719298245552,0.00173405720768167,0.0103314156065148,0.0035374548358633,0.006793960770651501
Christian Walker,HOU ,1B,0.263,0.2599,0.08199999999999999,0.04751773049645388,0.7523876404494381,0.23403150952613572,0.011257925254240336,0.1187943262411347,0.1365248226950354,0.003141575779247835,0.01258865248226941,0.0088652482269503,0.0,0.0052498659038083,0.001807798706317825,0.0034420671974904754
Bryan Reynolds,PIT ,OF,0.31865,0.24334999999999998,0.0884,0.02713381555153699,0.7477315335583052,0.2268153980752406,0.030579187837252296,0.119047619047619,0.1170886075949367,0.003121838718976845,0.01269439421338146,0.0079365079365079,0.0,0.00826273685038125,0.0031985002297698,0.005064236620611449
Jurickson Profar,ATL ,OF,0.2695,0.16235,0.11129999999999998,0.03264080225119109,0.7776155610444602,0.22320483415666897,0.009118845695372744,0.1262975778546712,0.1120543293718166,0.00159389113115316,0.01398476098718716,0.0069204152249134,0.0016832930854485003,0.014953890687447902,0.0037987761152571,0.011155114572190802
Brenton Doyle,COL ,OF,0.32085,0.2655,0.0644,0.035571258801129574,0.7344835907335906,0.22816119691119688,0.025663805519358873,0.1330935251798561,0.1136767317939609,0.0,0.00538897478819785,0.0071942446043165,0.00513187157633922,0.03721883069391162,0.00870573577860345,0.028513094915308165
Marcus Semien,NYM ,2B,0.26365000000000005,0.1661,0.0865,0.03316153236748402,0.7555615453728661,0.20902964959568732,0.018331736731942074,0.1212653778558875,0.1157167530224525,0.0013373078449672251,0.005436013246279341,0.0087873462214411,0.0,0.016316416181250598,0.00371342806614745,0.012602988115103148
Ernie Clement,TOR ,"1B,2B,3B,SS",0.26965000000000006,0.10189999999999999,0.0426,0.01857465856898072,0.7678461538461538,0.20784615384615382,0.016687827426810443,0.1080074487895716,0.101633393829401,0.001625414085497245,0.00575388577396096,0.0093109869646182,0.00746525233623789,0.014771279773647,0.00515644594689325,0.00961483382675375
Gleyber Torres,DET ,2B,0.28835,0.17175,0.11129999999999998,0.026792898999323602,0.7827764976958526,0.21489375320020476,0.007955709165386545,0.1182965299684542,0.107981220657277,0.00112781954887215,0.006304211529252601,0.0094637223974763,0.0015588266440749203,0.00812418369868325,0.0031323471967335,0.00499183650194975
Yainer Diaz,HOU ,C,0.2952,0.17345,0.0437,0.03497001889627877,0.7798127074442864,0.21194879089615926,0.00912504103293576,0.1132437619961612,0.1298449612403101,0.001955183725773865,0.00576373699950897,0.0076775431861804,0.0017441860465116,0.002435806643212825,0.0005197505197505,0.001916056123462325
Max Muncy,LAD ,3B,0.30369999999999997,0.28175,0.059300000000000005,0.037772490066780524,0.7251237357879429,0.25333095088577473,0.01744450901552535,0.12465964551759565,0.1254111033949606,0.00375544597069883,0.0116117395387612,0.0073079886976624,0.00166476570668187,0.007844622271075663,0.003940875465121313,0.0039037468059543497
Spencer Torkelson,DET ,1B,0.272,0.2591,0.1043,0.04286995898838,0.7180803571428571,0.27200255102040816,0.008900226757369574,0.1167763157894736,0.1282467532467532,0.004683365764116959,0.01149820574162675,0.0082236842105263,0.0,0.0032031140902108253,0.0016508080307906753,0.00155230605942015
Brendan Donovan,SEA ,"2B,SS,OF",0.2888,0.13849999999999998,0.08710000000000001,0.02352822340270503,0.7725319693094628,0.2176653270003653,0.008418453588331865,0.114963503649635,0.101633393829401,0.00358899309057939,0.01641441572721123,0.0072992700729927,0.00344535908737355,0.009037950479647325,0.0036397542416623254,0.005398196237984999
Alejandro Kirk,TOR ,C,0.2742,0.12195,0.0945,0.03670913205994301,0.7944392377382068,0.19488701447464335,0.00268817204301075,0.1224066390041493,0.1301652892561983,0.004065932809802995,0.01016254586605389,0.0103734439834024,0.0,0.0020546372819099747,0.0,0.0020546372819099747
Chandler Simpson,TB ,OF,0.31795,0.10569999999999999,0.052199999999999996,0.00022075055187637004,0.8414670868347339,0.12736344537815125,0.027178392017964164,0.1258278145695364,0.0728476821192053,0.000331125827814555,0.0022075055187637,0.0066225165562913,0.0092657011862309,0.09481114911578484,0.020566384631258976,0.07424476448452585
Ryan McMahon,NYY ,3B,0.2864,0.31894999999999996,0.113,0.03525052742616028,0.762819069069069,0.23451576576576574,0.014283223315481354,0.1125,0.1075949367088607,0.003795665418065935,0.00625791139240506,0.00625,0.0,0.0062774476879358995,0.00377135307853015,0.0025060946094057493
Addison Barger,TOR ,"3B,OF",0.28315,0.23829999999999998,0.0775,0.03634126000225398,0.7191089941159988,0.27759876716166987,0.01176016357789958,0.1199143468950749,0.1263157894736842,0.00395920381426968,0.008550884706412661,0.006423982869379,0.0,0.008728916886811575,0.00213204471355375,0.006596872173257825
Paul Goldschmidt,NYY ,1B,0.2913,0.22675,0.07629999999999999,0.03287292817679555,0.7650684931506848,0.2346897663174859,0.0057142857142856805,0.1132596685082873,0.1077348066298342,0.004862954724833101,0.005524861878453,0.005524861878453,0.0,0.011534046064432726,0.0027740703954311,0.008759975669001625
Andres Gimenez,TOR ,"2B,SS",0.2839,0.17325,0.054599999999999996,0.015062235255783601,0.7814536340852131,0.1960761278195488,0.017980013106159848,0.1163636363636363,0.0985663082437276,0.003245674418349915,0.025418051482567563,0.0072727272727272,0.00534291135809161,0.03654558597632598,0.007281105990783401,0.029264479985542574
Carson Kelly,CHC ,C,0.26355,0.20315,0.09230000000000001,0.03505434782608692,0.7941344246031745,0.20554315476190474,0.016301406926406897,0.1114130434782608,0.1168478260869565,0.0,0.0108695652173913,0.0081521739130434,0.0024456521739130203,0.005416569530248225,0.0,0.005416569530248225
J.T. Realmuto,PHI ,C,0.31335,0.24085,0.0657,0.03198584456240639,0.753469156762875,0.23268251273344645,0.024016389788700937,0.1225806451612903,0.1139240506329113,0.00203355110929631,0.01502518034571932,0.008064516129032251,0.0,0.01457594936708855,0.0038023120640661,0.01077363730302245
Brett Baty,NYM ,"2B,3B",0.2887,0.2475,0.0795,0.03344667498168715,0.7905073772959951,0.20618789521228542,0.010993543758966974,0.1106194690265486,0.116331096196868,0.000555572053612065,0.00664459226703092,0.0044247787610619,0.00201342281879187,0.01008994201707525,0.002355359124060975,0.007734582893014276
Dillon Dingler,DET ,C,0.30069999999999997,0.2486,0.0595,0.026913741598207534,0.7481249999999999,0.246875,0.02089133089133087,0.1019417475728155,0.1177884615384615,0.00232860021632197,0.01454910380881254,0.0072815533980582,0.0021634615384614904,0.0023775972590627252,0.0018028846153845752,0.0005747126436781501
Jorge Polanco,NYM ,"2B,3B",0.27075000000000005,0.2036,0.0906,0.03832573673870334,0.7440733423879491,0.23465859982713907,0.0,0.118,0.1355599214145383,0.0018700900278503102,0.007789390962671901,0.008,0.00390264614233173,0.010572515238527001,0.00400852593862485,0.006563989299902151
Javier Baez,DET ,"2B,3B,SS,OF",0.28374999999999995,0.23865,0.0384,0.02542743731242133,0.7631488347457627,0.23265360169491522,0.016863167680865446,0.1022364217252396,0.1151515151515151,0.0,0.01271371865621062,0.0063897763578274,0.0,0.0152597402597402,0.0032379782379782,0.012021762021762
J.P. Crawford,SEA ,SS,0.2881,0.19245,0.11049999999999999,0.01709370217107866,0.7790521658127619,0.20528644620400552,0.009234022556390949,0.1050847457627118,0.0919732441471571,0.00159885540293998,0.00846323904540555,0.0050847457627118,0.005142993652310369,0.0098798716811139,0.0017482517482516752,0.008131619932862225
Giancarlo Stanton,NYY ,OF,0.25980000000000003,0.31020000000000003,0.0943,0.060476995185409485,0.7733366434955313,0.22244289970208533,0.0,0.1215189873417721,0.1612090680100755,0.004895233267497429,0.005060740362847931,0.0050632911392405,0.0,0.0006053268765133,0.0,0.0006053268765133
Isaac Paredes,HOU ,3B,0.2493,0.16835,0.1106,0.03749204140577229,0.7754166666666666,0.22430555555555556,0.01057196436943266,0.1175257731958762,0.1267893660531697,0.0,0.01874602070288614,0.0082474226804123,0.0,0.0020589524153219246,0.0020645278939209998,-5.575478599075152e-06
Zach McKinstry,DET ,"3B,SS,OF",0.28575,0.21775000000000003,0.08399999999999999,0.01904535225895785,0.7288919000301114,0.2092366757000903,0.06320232441096732,0.1202830188679245,0.0894495412844036,0.00218227850460596,0.009407997230396361,0.0070754716981132,0.00227743979969086,0.03433153694176558,0.008823739126301276,0.025507797815464302
Nolan Arenado,AZ ,3B,0.2661,0.14055,0.06520000000000001,0.0294720769349254,0.7790602529134639,0.21919166873295312,0.01150659588159586,0.1051660516605166,0.1234119782214156,0.00613998695157836,0.00736801923373135,0.0092250922509225,0.0,0.005343988775183351,0.0018456576485318499,0.003498331126651501
JJ Wetherholt,STL ,"2B,3B,SS",0.283,0.17445,0.08529999999999999,0.01721128282719109,0.7576462765957447,0.22224069148936168,0.012348466105888103,0.1031578947368421,0.0985626283367556,0.001912593959899005,0.01280579271587591,0.0063157894736842,0.0018480492813141,0.022506314454099702,0.00482022134666045,0.017686093107439252
Luis Arraez,SF ,"1B,2B",0.3045,0.0407,0.0534,0.00066115702479338,0.8220784532440973,0.1565811489124372,0.018351145843477107,0.1072607260726072,0.0892561983471074,0.0034808574247180745,0.00660175108419932,0.0082508250825082,0.010049215340328689,0.013127628245094974,0.0049859001563546754,0.008141728088740299
Anthony Volpe,NYY ,SS,0.27790000000000004,0.23905,0.0712,0.029213416561314747,0.744375,0.253125,0.025389610389610358,0.1183035714285714,0.1084070796460177,0.0,0.008920670037926641,0.0089285714285714,0.004402468952182601,0.03705287424704388,0.008957353756442025,0.028095520490601853
Tommy Edman,LAD ,"2B,3B,OF",0.27165000000000006,0.17450000000000002,0.064,0.025221088435374142,0.7581996792301523,0.2190256615878107,0.020816233470132173,0.125,0.1133786848072562,0.00034090909090908004,0.00931560502989066,0.0068181818181818,0.00223922902494328,0.020762471655328775,0.00406449051769245,0.016697981137636327
Austin Wells,NYY ,C,0.2531,0.24575,0.0834,0.04052236092594833,0.7327464788732394,0.25440140845070425,0.01459287123708431,0.1126126126126126,0.1300448430493273,0.00033783783783783,0.01125621136831893,0.009009009009009,0.00201793721973093,0.009437954145307,0.0023292827435581497,0.00710867140174885
Ezequiel Tovar,COL ,SS,0.32385,0.242,0.048999999999999995,0.03342471337579617,0.7328918888129414,0.25140977443609025,0.029004329004328994,0.1184,0.1130573248407643,0.0,0.006396942675159231,0.008,0.009520385100824761,0.014204628841468774,0.004782802547770649,0.009421826293698124
Matt Shaw,CHC ,3B,0.27995000000000003,0.1982,0.0797,0.02186080057699238,0.7609090909090909,0.20454545454545453,0.030898370497427045,0.1205673758865248,0.1050847457627118,0.0,0.010591417237648731,0.0070921985815602,0.0030508474576270497,0.03788673661555012,0.009899845916795026,0.027986890698755096
Logan O'Hoppe,LAA ,C,0.2852,0.28305,0.0691,0.04229749282712498,0.764421052631579,0.21934210526315784,0.013917785330907154,0.111358574610245,0.1175166297117516,0.0,0.01113091916503282,0.0066815144766146,0.00222028451132312,0.0050113356087595,0.002322601782026425,0.002688733826733075
Josh Jung,TEX ,3B,0.3009,0.2521,0.0564,0.03166532271803195,0.7675737962145729,0.22249190938511326,0.010196764054253585,0.1084812623274161,0.1190019193857965,0.0,0.007676407454939849,0.0059171597633136,0.0,0.00796274292755415,0.0020038734331876,0.00595886949436655
Chase DeLauter,CLE ,OF,0.2755,0.18555,0.07880000000000001,0.024500057464659223,0.7560635412630763,0.24283223556760944,0.011306620055651374,0.1017699115044247,0.1103896103896103,0.000548308623529845,0.00640635176033404,0.0066371681415929,0.0,0.006445760122230626,0.0021777003484319997,0.004268059773798626
Marcelo Mayer,BOS ,"2B,3B",0.30195,0.23215,0.07269999999999999,0.0249895110343918,0.7342824074074075,0.2647762345679012,0.02078817547055248,0.1091811414392059,0.1111111111111111,0.002833253407563,0.00494959302813436,0.0074441687344913,0.0021739130434781997,0.01213678874848285,0.004437520653354075,0.007699268095128774
Jose Caballero,NYY ,"2B,3B,SS,OF",0.28195000000000003,0.25585,0.09259999999999999,0.02181627729812087,0.7795430107526882,0.21895161290322573,0.016766065377910942,0.1368715083798882,0.0852272727272727,0.0,0.016788344337226972,0.0055865921787709,0.00574855699855692,0.10502570346320339,0.0236679711017459,0.08135773236145749
Tyler Stephenson,CIN ,C,0.304,0.27985,0.09459999999999999,0.035436974789915955,0.7640547945205479,0.23132420091324196,0.013598455598455555,0.1095238095238095,0.1223529411764706,0.002259103641456545,0.011890756302521,0.0071428571428571,0.0,0.002320261437908425,0.0017647058823528749,0.00055555555555555
Brandon Lowe,PIT ,2B,0.2862,0.25645,0.08479999999999999,0.039908417337106816,0.7395511921458625,0.25479195885928,0.011058238162024971,0.1167608286252354,0.1350844277673546,0.0018437295101205449,0.00922504531433839,0.007532956685499,0.0,0.00791789511301705,0.0019183768996727,0.00599951821334435
Jonathan Aranda,TB ,1B,0.3146,0.2535,0.0955,0.0373377125315109,0.7571057642374937,0.2319326640124632,0.009640728792104904,0.1180679785330948,0.1305114638447971,0.004760354439584555,0.01607746258909043,0.0071556350626118,0.0,0.003466520707899925,0.0018457638750525,0.0016207568328474252
Colt Keith,DET ,"1B,2B,3B",0.29985,0.208,0.0883,0.02762108539194706,0.7466033640803039,0.21459576776994024,0.029908741847254294,0.1194968553459119,0.111340206185567,0.00205126322071328,0.00627893405952146,0.0062893081761006,0.0018556701030927,0.0061697875026298496,0.0020607950447583,0.004108992457871549
Samuel Basallo,BAL ,C,0.27995000000000003,0.24415,0.0745,0.03576410623267453,0.75,0.2368421052631578,0.001973684210526315,0.1113744075829383,0.1297169811320754,0.00460725612138775,0.007341500491817849,0.0071090047393364,0.00212264150943393,0.006448156285000425,0.002535739090172425,0.003912417194828001
Ryan O'Hearn,PIT ,"1B,OF",0.30415000000000003,0.18809999999999996,0.0927,0.02609301944057085,0.7776470049459607,0.21443945777614948,0.011204577665082234,0.1157684630738523,0.1174168297455968,0.0056061668624214,0.00996050950935694,0.0079840319361277,0.0,0.006234632946961674,0.0020232659273755,0.004211367019586174
Bryce Eldridge,SF ,1B,0.30425,0.2981,0.0849,0.04234006734006732,0.7505434782608695,0.24909420289855072,0.00675133689839569,0.1161616161616161,0.1259259259259259,0.007836249398749355,0.00755892255892249,0.0075757575757575,0.0,0.004298941798941725,0.001851851851851825,0.0024470899470899
Matt McLain,CIN ,2B,0.30505000000000004,0.27695000000000003,0.08990000000000001,0.03253293421832747,0.740366132723112,0.22909038901601822,0.020823387139176537,0.1235521235521235,0.1048689138576779,0.000289575289575285,0.01154830593032832,0.0057915057915057,0.00369546184152923,0.0301829490733985,0.0073225229826353,0.0228604260907632
Jonathan India,KC ,"2B,3B,OF",0.28654999999999997,0.19085,0.10199999999999998,0.02482906688687028,0.741533895657607,0.2461730709153389,0.010211164479850019,0.1213872832369942,0.0971428571428571,0.0,0.025019543077346468,0.0077071290944123,0.00189511754068715,0.0094032549728752,0.003849206349206325,0.005554048623668876
Luis Garcia Jr.,WSH ,2B,0.28955,0.15695,0.05569999999999999,0.028085121342442315,0.7699107364244979,0.21919166873295312,0.015990288854811848,0.1117764471057884,0.12133072407045,0.002223068540023655,0.00398420380374274,0.0099800399201596,0.0,0.025746901500326075,0.0100267239021105,0.015720177598215576
Francisco Alvarez,NYM ,C,0.272,0.2581,0.0875,0.039577651693259344,0.7835714285714286,0.2142857142857142,0.01465159161490678,0.1098398169336384,0.1324200913242009,0.0022531742799764953,0.013726842418732949,0.0068649885583524,0.0020547945205479,0.002272866883715175,0.0,0.002272866883715175
Kyle Teel,CWS ,C,0.31295,0.25395,0.10419999999999999,0.02591006423982863,0.7647727272727272,0.2045454545454545,0.01176948051948045,0.1156316916488222,0.1049250535331905,0.0,0.01049250535331897,0.006423982869379,0.00214271210219298,0.014474728642102874,0.0044315036298114,0.010043225012291473
Spencer Steer,CIN ,"1B,OF",0.27005,0.21325,0.09459999999999999,0.03145894750047034,0.742051282051282,0.24602564102564095,0.01541723065666724,0.116331096196868,0.1214953271028037,0.0,0.013248761211817091,0.0067114093959731,0.0,0.0162346091084408,0.004730163093274626,0.011504446015166172
Alec Bohm,PHI ,"1B,3B",0.30095,0.15615,0.0636,0.0250903207216791,0.7835875,0.20678125,0.015961021505376323,0.111310592459605,0.1252204585537918,0.00290872085069233,0.007345029906370351,0.0107719928186714,0.0,0.005610290093048625,0.001792676134781325,0.0038176139582673
Gabriel Moreno,AZ ,C,0.31425000000000003,0.1704,0.0898,0.0230949656750572,0.7747422680412371,0.2061855670103092,0.010479211510139275,0.1212814645308924,0.1227272727272727,0.004430517994591215,0.00891980445184106,0.0091533180778032,0.0,0.0090111642743221,0.004023341523341475,0.004987822750980625
Jung Hoo Lee,SF ,OF,0.2911,0.10955,0.0746,0.01267857592783889,0.7220930232558138,0.2422480620155038,0.0464833656330749,0.1162790697674418,0.0968309859154929,0.00167591974647212,0.008930371135579072,0.0089445438282647,0.0017487106547329101,0.01598889312888825,0.005563831708197849,0.010425061420690402
Brooks Lee,MIN ,"2B,3B,SS",0.26875000000000004,0.17095,0.06259999999999999,0.02258719682607269,0.7739023099982366,0.20939869511549986,0.015503610829041453,0.098330241187384,0.1129326047358834,0.001720946699593835,0.005555724525279511,0.0092764378478664,0.00163934426229507,0.00714515314322445,0.00194215708493865,0.0052029960582858
Jeff McNeil,ATH ,"2B,OF",0.27280000000000004,0.12514999999999998,0.0803,0.02277531004584053,0.7453087478559176,0.23597770154373926,0.026233766233766158,0.1121673003802281,0.1065420560747663,0.004386514772762435,0.01537045591841079,0.0076045627376425,0.0037087200604822,0.007758939630350425,0.0019110341283285499,0.005847905502021875
Carter Jensen,KC ,C,0.29985,0.25805,0.09459999999999999,0.028584517625965644,0.7188967136150235,0.2386052425665101,0.04020050125313278,0.1185567010309278,0.1202046035805626,0.0025126766033738155,0.00515068420913857,0.0077319587628865,0.00255116683993337,0.00954295846062585,0.0027298468794632004,0.00681311158116265
Victor Scott II,STL ,OF,0.2786,0.21974999999999997,0.0732,0.0141595752767542,0.7879468599033815,0.1739130434782608,0.027770345596432534,0.1176470588235294,0.0769230769230769,0.000304259634888435,0.01435681393553132,0.0081135902636916,0.01219994093024675,0.06454898206520078,0.011873341563435625,0.05267564050176515
Carlos Correa,HOU ,"3B,SS",0.30445,0.20129999999999998,0.089,0.02765567765567759,0.798345690823567,0.20174599378139202,0.0078097345132742794,0.1135531135531135,0.1153846153846153,0.003561253561253475,0.0054945054945054,0.0073260073260073,0.0,0.00044091710758375,0.0,0.00044091710758375
Ha-Seong Kim,ATL ,"2B,SS",0.27585000000000004,0.17925,0.09739999999999999,0.023152454780361688,0.7730521155830753,0.1925309597523219,0.01507829676493018,0.1295681063122923,0.0972222222222222,0.00259209727774956,0.00980343300110735,0.0066445182724252,0.005484261501210601,0.0367685633575464,0.011103416435826399,0.02566514692172
Bryson Stott,PHI ,"2B,SS",0.28765,0.16595000000000001,0.0842,0.02452629246130919,0.7764319111630625,0.19955435417884276,0.024762784296682556,0.1254416961130742,0.1045296167247386,0.0016430860231669048,0.00529296610482505,0.0070671378091872,0.0034569157890615,0.041792271855302744,0.008900525287720375,0.03289174656758237
Colton Cowser,BAL ,OF,0.3013,0.31184999999999996,0.0929,0.04061111401536929,0.7155765920826161,0.2626936316695353,0.012486852170587063,0.1276595744680851,0.1196911196911196,0.002241031357906885,0.01353703800512304,0.0058027079303675,0.00173745173745171,0.025182472100280226,0.006044309615738101,0.019138162484542125
Caleb Durbin,BOS ,"2B,3B",0.26675000000000004,0.10975,0.06319999999999999,0.01718106814126451,0.7767076167076167,0.2017403767403767,0.017329086349704873,0.1153119092627599,0.1009345794392523,0.000470469763086745,0.02510785647403842,0.0075614366729678,0.00576101468624831,0.04104639519359143,0.011220203717315925,0.0298261914762755
Josh Smith,TEX ,"1B,3B,SS,OF",0.27845000000000003,0.18775,0.0916,0.01829914909829812,0.7629872311827957,0.2185819892473118,0.018438742108954822,0.1108870967741935,0.0866141732283464,0.00196698012035943,0.0203105156210312,0.0060483870967741,0.005902044778649221,0.018179769480869624,0.006021490546165775,0.012158278934703849
Nick Castellanos,SD ,OF,0.3005,0.23600000000000002,0.05840000000000001,0.031774425831880476,0.7666903409090908,0.2208806818181818,0.01727747138706039,0.1139240506329113,0.122754491017964,0.0020474808210657,0.00944250739028268,0.0094936708860759,0.0,0.008796966506547325,0.002913958179896875,0.00588300832665045
Jake Cronenworth,SD ,"1B,2B,SS",0.2755,0.2001,0.1056,0.0261437968013452,0.7454692556634304,0.2347230154197601,0.019752526253219705,0.1159929701230228,0.1053540587219343,0.001626808148794655,0.0178897620586976,0.0070298769771528,0.00498067275269341,0.007165474134385974,0.0030493891714597748,0.0041160849629262
Daulton Varsho,TOR ,OF,0.25229999999999997,0.2583,0.0801,0.04852653138500189,0.7216071428571428,0.2623511904761905,0.03467224231464737,0.1271028037383177,0.1381215469613259,0.0017250400960714149,0.00746562021307714,0.0074766355140186,0.0018255257904266498,0.015671572496401852,0.003766447003483525,0.011905125492918327
Jac Caglianone,KC ,"1B,OF",0.27585000000000004,0.2198,0.076,0.033651115618661215,0.7452777777777777,0.23181818181818178,0.020747924135183966,0.1117647058823529,0.127789046653144,0.004099504869414015,0.01223744670281899,0.0060624249699879505,0.0,0.005599091210697125,0.002198804949509925,0.0034002862611872
Adolis Garcia,PHI ,OF,0.27425,0.26095,0.0667,0.042321933221687175,0.7507224462365591,0.23991935483870963,0.00947580645161286,0.1176470588235294,0.1387900355871886,0.0016851983307741548,0.009161738538831869,0.0091911764705882,0.0,0.0204268417392727,0.005503558718861174,0.014923283020411526
Willi Castro,COL ,"2B,3B,OF",0.3156,0.2229,0.0776,0.02132853787433935,0.7434438289769777,0.2125021637528129,0.037373432700071395,0.125,0.0973282442748091,0.0018529276067443651,0.02132853787433935,0.0076923076923076,0.0019007074350584998,0.028795472974862225,0.00925732888575275,0.019538144089109477
Jake Burger,TEX ,1B,0.27490000000000003,0.24825,0.0541,0.04999597034171495,0.7428370786516854,0.2451758671226184,0.01099739456114637,0.1179883945841392,0.1382575757575757,0.001755039539993895,0.013700838168923202,0.0058027079303675,0.0,0.0036912492269634252,0.0019275539369352,0.0017636952900282252
Dylan Crews,WSH ,OF,0.28155,0.22135,0.0665,0.028871641408887903,0.7579750346740637,0.2125751271382339,0.035081407563025205,0.1175406871609403,0.1061946902654867,0.00027124773960215997,0.014612811854886432,0.0072332730560578,0.0,0.0441102104558637,0.012690093650657226,0.03142011680520647
Nolan Schanuel,LAA ,1B,0.28559999999999997,0.1371,0.11,0.014295125164690321,0.796067606015445,0.18276656279636902,0.00966994633164525,0.1094276094276094,0.0936454849498327,0.004506001245131621,0.01514138035877161,0.0084175084175084,0.00500206315423701,0.0103659927029492,0.003424112119764225,0.006941880583184975
Ryan Jeffers,MIN ,C,0.27705,0.2081,0.0906,0.03191083180174297,0.7596590909090908,0.2414772727272727,0.01118213897155749,0.1117764471057884,0.1128712871287128,0.0019314554164109499,0.017949842888480443,0.0059880239520958,0.0019733828067318403,0.004404331446528925,0.00202627405597695,0.002378057390551975
Konnor Griffin,PIT ,"SS,OF",0.325,0.24875,0.0596,0.027891864933845708,0.7839377352035579,0.20265993841943208,0.01288441039307124,0.1207865168539325,0.1148825065274151,0.00228159204188603,0.01725731217179564,0.0056179775280898,0.00277630868410646,0.0496403658692735,0.010610675950101525,0.039029689919171974
Marcell Ozuna,PIT ,Util,0.28695,0.2437,0.11939999999999998,0.03732253945019902,0.7740595611285266,0.2250522466039707,0.0,0.11605415860735,0.1312741312741312,0.00191175701813998,0.00580158771648132,0.0077369439071566,0.0,0.000476190476190475,0.0,0.000476190476190475
Sal Frelick,MIL ,OF,0.2861,0.139,0.0789,0.011224772640276659,0.7886652542372882,0.1793079096045197,0.02597007798822218,0.1103074141048824,0.0948905109489051,0.00076048453020881,0.009232322699013971,0.0054249547920434,0.0036760609653319898,0.033342201494136275,0.0076722547525467,0.025669946741589574
Mark Vientos,NYM ,3B,0.28205,0.261,0.0693,0.03998381162619569,0.7663461538461538,0.229326923076923,0.012621753246753225,0.108167770419426,0.1333333333333333,0.000331125827814555,0.008835908756438469,0.0088300220750551,0.0,0.002233560090702925,0.0,0.002233560090702925
Trent Grisham,NYY ,OF,0.25315,0.24855,0.1294,0.04764185434337519,0.729623287671233,0.2511265320836337,0.015632832080200464,0.1307692307692307,0.1197718631178707,0.0,0.01133518572682067,0.0057692307692307,0.00377919608908193,0.009807848995111324,0.0033682399522357246,0.0064396090428755996
Kerry Carpenter,DET ,OF,0.2849,0.2379,0.06509999999999999,0.0482991104391547,0.7307954545454546,0.23044786096256684,0.035488922841863946,0.1260504201680672,0.1464435146443514,0.0035855555611365598,0.014490524243170001,0.0084033613445378,0.0,0.0046686875587054495,0.0021628618849322497,0.0025058256737731997
Masyn Winn,STL ,SS,0.28735,0.17745,0.0635,0.0199494417526859,0.7677509061367329,0.2098800149981252,0.016751524480492504,0.1089108910891089,0.0981996726677577,0.0,0.00824407317982202,0.0082508250825082,0.004729544276260201,0.022619725325553224,0.0064998087526247006,0.016119916572928522
Heliot Ramos,SF ,OF,0.306,0.2385,0.0747,0.039173750507268325,0.7562653918586122,0.2196327683615819,0.017587963021565057,0.1268533772652388,0.1158238172920065,0.002902573789344355,0.013329803730807761,0.0065897858319604,0.00146818923327891,0.010058337470742602,0.003386831679525075,0.006671505791217527
Xander Bogaerts,SD ,SS,0.30165,0.1763,0.07959999999999999,0.02634888114056934,0.779143897996357,0.21148591845313153,0.008244652691045233,0.1265597147950089,0.101933216168717,0.003081927715194075,0.00872437807204683,0.0089126559714795,0.00158172231985938,0.029386386395052498,0.007074209534666399,0.0223121768603861
Royce Lewis,MIN ,3B,0.27015,0.21125,0.0706,0.0345477628929165,0.7429213483146068,0.25591539986781225,0.004617749264902415,0.1148936170212766,0.1275720164609053,0.00184766157579387,0.006156203484808631,0.0085106382978723,0.0,0.021604938271604923,0.00468556687462155,0.016919371396983372
TJ Friedl,CIN ,OF,0.2649,0.1683,0.0993,0.02130065197656179,0.7994401776626261,0.18781808087350788,0.02630399215872279,0.1111111111111111,0.095320623916811,0.0,0.019540040163956912,0.0070546737213403,0.006881222685557371,0.01951478700646225,0.005364323819324024,0.014150463187138225
Miguel Vargas,CWS ,"1B,3B",0.2655,0.18964999999999999,0.09739999999999999,0.03765086206896547,0.7143939393939394,0.2765894236482472,0.016470496557705834,0.1197916666666666,0.1137931034482758,0.000260416666666665,0.01040948275862062,0.0086805555555555,0.0,0.01320454805819675,0.0036087017840772248,0.009595846274119524
Sal Stewart,CIN ,1B,0.29895,0.18864999999999998,0.0735,0.0381764170636407,0.7523630504833512,0.2391783029001074,0.00154639175257731,0.1231422505307855,0.1323529411764706,0.000318471337579605,0.00848364823636457,0.0084925690021231,0.0,0.014501633986928025,0.004364852737211374,0.010136781249716651
Kevin McGonigle,DET ,SS,0.27225000000000005,0.14265,0.09049999999999998,0.028003003003002933,0.7224278846153845,0.23557692307692302,0.027829670329670306,0.1234567901234567,0.1201201201201201,0.00046296296296296,0.0061561561561561205,0.0092592592592592,0.00298841698841698,0.02076576576576575,0.006283863935109475,0.014481901830656277
Anthony Santander,TOR ,OF,0.24269999999999997,0.22645,0.09129999999999999,0.04526266416510313,0.7480263157894737,0.2532894736842105,0.0,0.1153846153846153,0.1300813008130081,0.0,0.01316447779862412,0.0064102564102564,0.0,0.0,0.0,0.0
Wilyer Abreu,BOS ,OF,0.2822,0.2461,0.09889999999999999,0.04379866671926154,0.7073863636363636,0.27112299465240636,0.011831793433426784,0.1235059760956175,0.1386138613861386,0.00650054927657385,0.00577452565973721,0.0079681274900398,0.00178217821782171,0.016707442945066674,0.005618236242228824,0.01108920670283785
Otto Lopez,MIA ,"2B,SS",0.30355,0.15165,0.0659,0.02173216467394981,0.7787111111111111,0.20476190476190476,0.019092082111436922,0.1179673321234119,0.1065719360568383,0.0019536115968244398,0.0072440548913166,0.008620689655172351,0.00176278265333201,0.028703549772944,0.008722601673655399,0.0199809480992886
Kyle Manzardo,CLE ,1B,0.2639,0.2357,0.09459999999999999,0.04458828194839321,0.7331525248611649,0.2656915924060441,0.012158309575716852,0.1125461254612546,0.1347905282331511,0.00393591291192121,0.01105599580585968,0.0092250922509225,0.0,0.00373827665446225,0.0006053268765133,0.00313294977794895
Jasson Dominguez,NYY ,OF,0.29715,0.25175000000000003,0.09300000000000001,0.03336779448621552,0.7541666666666667,0.22187499999999993,0.0030612244897959147,0.131578947368421,0.1083333333333333,0.00098057644110275,0.00718358395989974,0.0075187969924812,0.0,0.04553571428571425,0.008368644067796575,0.03716707021791767
Daylen Lile,WSH ,OF,0.3109,0.17825,0.06319999999999999,0.015387590796130531,0.7225406504065042,0.23917682926829265,0.06347427365687383,0.111317254174397,0.1088560885608856,0.00027829313543597996,0.009455805133190462,0.0074211502782931,0.00184134843156749,0.026153887216991474,0.00915595565351625,0.016997931563475226
Ramon Laureano,SD ,OF,0.30065,0.26949999999999996,0.071,0.03763950892857134,0.7399629972247918,0.22155411655874185,0.0319923427636193,0.1289682539682539,0.125,0.0018322172619046851,0.01961495535714282,0.0059523809523809,0.0,0.016629464285714275,0.00552831809807255,0.011101146187641724
Andrew Vaughn,MIL ,1B,0.28195,0.19815,0.0679,0.03936018250042633,0.7552588996763754,0.2347230154197601,0.00848481718653166,0.1098484848484848,0.1369606003752345,0.0,0.013057521746546081,0.0094696969696969,0.0016885553470919101,0.00044642857142855,0.0,0.00044642857142855
Mickey Moniak,COL ,OF,0.3022,0.24680000000000002,0.0562,0.04199922646883014,0.6982192414431081,0.2541628122109158,0.054772949883005906,0.1281512605042016,0.1359832635983263,0.00205494331623861,0.00839984529376602,0.0063025210084033,0.0,0.01922337972846035,0.006451299017222876,0.012772080711237473
Spencer Horwitz,PIT ,1B,0.29159999999999997,0.18055000000000002,0.10249999999999998,0.02122480113326789,0.7522253582283978,0.2393074250976986,0.010462049988534675,0.1073684210526315,0.1076604554865424,0.002031883137114025,0.01050888089789684,0.0063157894736842,0.00186335403726708,0.0041116262794156,0.0021171291168346753,0.001994497162580925
Jordan Beck,COL ,OF,0.33035000000000003,0.2781,0.0759,0.03071559348561126,0.7296116504854369,0.24029126213592228,0.02910927974712122,0.1276595744680851,0.1087786259541984,0.0,0.007535768600410401,0.0077369439071566,0.0,0.030490049073064275,0.0094448180690691,0.021045231003995177
Jake Mangum,PIT ,OF,0.31925000000000003,0.1678,0.043899999999999995,0.0035685387663644303,0.7953846153846155,0.18128205128205124,0.021456660250879372,0.1107491856677524,0.0891719745222929,0.0,0.00975020228635445,0.006514657980456,0.00315778722772086,0.04125503704666578,0.010214385583346251,0.031040651463319524
Cedric Mullins,TB ,OF,0.26365000000000005,0.22694999999999999,0.09069999999999999,0.0374160438465371,0.7422830725462304,0.2315078236130867,0.025281954887218017,0.132286995515695,0.1088888888888888,0.00033632286995515496,0.0089606377678126,0.0067264573991031,0.00442016806722685,0.04374649859943975,0.009117647058823451,0.0346288515406163
Justin Crawford,PHI ,OF,0.3295,0.20715,0.0647,0.01261489895082164,0.7925416281221092,0.18645929694727098,0.023489513579190047,0.1215189873417721,0.0880195599022004,0.00037974683544302995,0.005045959580328671,0.0050632911392405,0.01020710821504431,0.05439382053675207,0.012513185761830352,0.04188063477492172
Josh Lowe,LAA ,OF,0.2983,0.27015,0.0794,0.02593605059092599,0.7278651685393258,0.23826834104428285,0.02326255783212157,0.1201716738197424,0.1040339702760085,0.00408651392605188,0.0042872893943121295,0.0064377682403433,0.00211203526893839,0.04551192505350567,0.008744723663706325,0.036767201389799345
Brandon Marsh,PHI ,OF,0.33365,0.28200000000000003,0.09699999999999998,0.0241021643433602,0.7574087203119461,0.2130450194966324,0.02886101154918355,0.1206896551724138,0.1106382978723404,0.0020450961454714653,0.0062444974321349805,0.0064655172413793,0.00423220172096401,0.0230863906845327,0.006000826275562849,0.01708556440896985
Josh Bell,MIN ,1B,0.27170000000000005,0.18810000000000002,0.09989999999999999,0.03726533080454074,0.7838365243004418,0.20565958342099722,0.010477829496214034,0.1175373134328358,0.1215469613259668,0.0017706330179429498,0.00745306616090809,0.0074626865671641,0.0,0.00181675553929965,0.0018966793871390002,-7.992384783935013e-05
Dominic Canzone,SEA ,OF,0.27435,0.23095,0.07200000000000001,0.03470196442121232,0.762819069069069,0.23451576576576574,0.0081081081081081,0.105911330049261,0.1222493887530562,0.004740794373230725,0.007383742637937,0.0073891625615763,0.0,0.010262363793567375,0.0025822438253078,0.007680119968259575
Carson Benge,NYM,OF,0.2861,0.21764999999999998,0.0827,0.02405231607629427,0.7477941176470588,0.235906862745098,0.024938725490196025,0.1093333333333333,0.106267029972752,0.003173319900167085,0.01068991825613073,0.0053333333333333,0.00245231607629421,0.02055045451423075,0.005052444425741375,0.015498010088489375
Evan Carter,TEX ,OF,0.287,0.22325,0.0935,0.024755722978846633,0.7427957177957177,0.22749210249210244,0.040327269675095714,0.125615763546798,0.1035294117647058,0.002180382497826665,0.01273080266589386,0.0073891625615763,0.0,0.04050420168067225,0.009746995572422475,0.030757206108249776
Cam Smith,HOU ,OF,0.3144,0.2601,0.08399999999999999,0.02249117410605051,0.7577635327635327,0.22863247863247857,0.02436425660109867,0.1144278606965174,0.1030444964871194,0.0006073263658289249,0.01259918207557059,0.0049751243781094,0.00210772833723648,0.013886855971896902,0.003189105037477375,0.010697750934419527
Chase Meidroth,CHW,"2B,3B,SS",0.2902,0.1493,0.095,0.008162373883840581,0.8209415584415584,0.170413961038961,0.009269078693583586,0.1045627376425855,0.0734463276836158,0.0,0.01348377764888686,0.0057034220532319,0.0037514941612774404,0.023786536712947323,0.007192927390667451,0.01659360932227987
Matt Wallner,MIN,OF,0.2822,0.31015,0.10249999999999998,0.04615384615384612,0.6835714285714285,0.28928571428571426,0.029374039938556,0.1268191268191268,0.1309771309771309,0.0020953807718513,0.023076923076923012,0.0062370062370062,0.0,0.010422308216425775,0.004338015313625025,0.00608429290280075
Lenyn Sosa,CHW,"1B,2B",0.2873,0.22174999999999997,0.0417,0.03032581453634084,0.7725791139240505,0.2113924050632911,0.01107142857142855,0.0977443609022556,0.1177944862155388,0.00037593984962406,0.00725790379563366,0.00730138599510825,0.004987468671679191,0.00499092558983665,0.002610693400167075,0.002380232189669575
Zac Veen,COL ,OF,0.3025,0.23695,0.071,0.0238095238095238,0.7244999999999999,0.2425,0.04236363636363631,0.119047619047619,0.0952380952380952,0.0,0.0079365079365079,0.0079365079365079,0.007983193277310889,0.034313725490196026,0.008184523809523774,0.026129201680672252
Jordan Walker,STL ,OF,0.29915,0.26505,0.0709,0.03335590551181102,0.7281856441430908,0.2507306523263969,0.01095458997660116,0.116,0.108267716535433,0.0018764232018449799,0.009984251968503931,0.006,0.0,0.017866156153557675,0.006122136115604025,0.01174402003795365
