#,Name,Team,W,L,ERA,G,GS,SV,HLD,BS,IP,TBF,H,R,ER,HR,BB,IBB,HBP,SO,K/9,BB/9,WHIP,K%,BB%
1,Mason Miller,SDP,4,2,2.43,66,0,32,2,,66.0,259,39,19,18,6,24,,2,106,14.50,3.33,0.96,41.0%,9.4%
2,Jhoan Duran,PHI,7,3,2.67,70,0,29,3,,70.0,285,55,23,21,4,22,,4,84,10.83,2.84,1.10,29.6%,7.7%
3,Cade Smith,CLE,6,3,2.85,70,0,30,3,,70.0,285,53,24,22,6,22,,4,91,11.68,2.84,1.07,31.9%,7.8%
4,Griffin Jax,TBR,5,3,2.83,67,0,12,10,,67.0,271,53,23,21,6,19,,2,87,11.67,2.53,1.06,32.0%,6.9%
5,Edwin Diaz,LAD,5,2,2.98,66,0,36,3,,66.0,268,47,24,22,7,23,,4,93,12.67,3.18,1.07,34.7%,8.7%
6,Aroldis Chapman,BOS,5,3,2.96,62,0,31,2,,62.0,255,45,22,20,5,28,,2,88,12.76,4.05,1.17,34.4%,10.9%
7,Grant Taylor,CHW,5,5,3.47,80,3,5,15,,92.0,386,79,39,36,9,33,,2,103,10.08,3.22,1.21,26.8%,8.6%
8,Bryan Abreu,HOU,4,2,2.97,68,0,3,13,,68.0,281,50,24,22,6,28,,4,91,12.02,3.76,1.16,32.3%,10.1%
9,Josh Hader,HOU,5,3,3.21,66,0,31,2,,66.0,267,47,26,24,8,25,,2,92,12.57,3.46,1.09,34.5%,9.5%
10,David Bednar,NYY,5,4,3.24,65,0,33,2,,65.0,267,51,25,23,7,22,,2,81,11.20,3.00,1.12,30.3%,8.1%
11,Devin Williams,NYM,5,4,3.12,64,0,32,3,,64.0,262,46,24,22,6,27,,3,85,11.93,3.77,1.14,32.4%,10.2%
12,Abner Uribe,MIL,4,2,3.12,72,0,19,7,,72.0,299,54,27,25,6,33,,4,87,10.83,4.13,1.21,28.9%,11.0%
13,Garrett Whitlock,BOS,5,3,3.32,70,0,3,14,,70.0,289,61,28,26,7,19,,3,79,10.10,2.46,1.15,27.2%,6.6%
14,Pete Fairbanks,MIA,4,3,3.38,62,0,27,4,,62.0,256,53,25,23,6,22,,2,65,9.37,3.20,1.20,25.2%,8.6%
15,Andres Munoz,SEA,4,2,2.86,64,0,28,3,,64.0,261,46,22,20,5,25,,4,82,11.56,3.50,1.11,31.5%,9.5%
16,Jose Alvarado,PHI,5,3,3.30,64,0,3,12,,64.0,269,53,25,23,6,26,,2,75,10.52,3.71,1.24,27.8%,9.8%
17,Will Vest,DET,4,4,3.30,68,0,5,12,,68.0,282,60,27,25,6,21,,2,69,9.20,2.80,1.19,24.6%,7.5%
18,Trevor Megill,MIL,5,3,3.28,66,0,11,9,,66.0,274,54,26,24,7,23,,2,82,11.14,3.19,1.17,29.8%,8.5%
19,Ryan Helsley,BAL,4,3,3.38,64,0,25,4,,64.0,266,53,26,24,7,23,,2,75,10.55,3.29,1.20,28.2%,8.8%
20,Adrian Morejon,SDP,6,5,3.39,68,0,3,13,,68.0,282,59,28,26,6,23,,2,69,9.09,3.01,1.20,24.4%,8.1%
21,Tanner Scott,LAD,4,3,3.47,63,0,4,15,,63.0,263,52,26,24,7,25,,3,72,10.27,3.55,1.21,27.4%,9.4%
22,Jeremiah Estrada,SDP,5,3,3.29,70,0,0,15,,70.0,289,52,28,26,8,28,,2,95,12.26,3.65,1.15,33.0%,9.8%
23,Jeff Hoffman,TOR,5,4,3.39,63,0,26,4,,63.0,259,50,26,24,8,23,,4,76,10.90,3.30,1.15,29.4%,8.9%
24,Hunter Harvey,CHC,4,2,3.09,52,0,5,13,,52.0,211,43,19,18,5,15,,2,58,10.04,2.51,1.10,27.5%,6.9%
25,Matt Brash,SEA,4,3,3.10,63,0,3,12,,63.0,266,51,24,22,5,26,,3,76,10.82,3.66,1.21,28.5%,9.6%
26,Matt Strahm,KCR,4,3,3.50,66,0,1,17,,66.0,271,56,28,26,8,20,,3,72,9.79,2.73,1.14,26.5%,7.4%
27,Robert Garcia,TEX,5,4,3.54,64,0,20,6,,64.0,268,55,27,25,7,23,,2,70,9.86,3.18,1.21,26.1%,8.4%
28,Robert Suarez,ATL,5,4,3.56,67,0,8,11,,67.0,277,59,29,26,7,21,,2,70,9.34,2.82,1.19,25.1%,7.6%
29,Garrett Cleavinger,TBR,5,3,3.26,66,0,8,13,,66.0,271,51,26,24,8,24,,5,83,11.37,3.31,1.13,30.8%,9.0%
30,Edwin Uceta,TBR,5,4,3.66,68,0,12,11,,68.0,284,55,30,28,9,25,,5,81,10.75,3.37,1.18,28.6%,9.0%
31,Camilo Doval,NYY,4,3,3.52,64,0,2,14,,64.0,272,51,27,25,5,30,,3,74,10.43,4.27,1.27,27.3%,11.2%
32,Fernando Cruz,NYY,4,3,3.38,61,0,1,16,,61.0,260,47,25,23,7,28,,3,82,12.07,4.17,1.24,31.5%,10.9%
33,Ryan Walker,SFG,5,3,3.27,63,0,27,5,,63.0,264,55,25,23,5,20,,5,68,9.74,2.82,1.18,25.8%,7.5%
34,Raisel Iglesias,ATL,5,3,3.61,66,0,26,4,,66.0,270,58,29,27,8,18,,2,71,9.66,2.43,1.15,26.2%,6.6%
35,Emilio Pagan,CIN,3,3,4.04,66,0,27,4,,66.0,271,56,32,30,10,23,,2,71,9.69,3.10,1.19,26.3%,8.4%
36,Chris Martin,TEX,4,3,3.38,54,0,4,12,,54.0,223,51,22,20,6,11,,2,53,8.89,1.91,1.15,24.0%,5.1%
37,Alex Vesia,LAD,4,3,3.55,61,0,1,18,,61.0,253,47,26,24,8,25,,3,77,11.33,3.75,1.19,30.4%,10.0%
38,Dennis Santana,PIT,4,3,3.72,68,0,26,5,,68.0,284,62,30,28,7,23,,3,63,8.33,3.06,1.25,22.1%,8.1%
39,Jose A. Ferrer,SEA,4,3,3.27,70,0,3,16,,70.0,292,62,28,25,5,21,,4,67,8.67,2.76,1.19,23.1%,7.4%
40,Kevin Ginkel,ARI,4,3,3.61,62,0,12,11,,62.0,263,56,27,25,6,24,,3,64,9.31,3.44,1.28,24.4%,9.0%
41,Lucas Erceg,KCR,4,4,3.70,62,0,2,13,,62.0,265,56,28,26,5,24,,4,61,8.80,3.46,1.29,22.9%,9.0%
42,Seranthony Dominguez,CHW,4,4,3.92,63,0,20,6,,63.0,268,53,30,27,8,30,,2,71,10.20,4.23,1.31,26.7%,11.1%
43,Orion Kerkering,PHI,5,3,3.49,63,0,1,13,,63.0,264,53,27,24,6,23,,4,70,9.94,3.30,1.21,26.3%,8.7%
44,Daniel Palencia,CHC,5,3,3.68,67,0,30,4,,67.0,282,55,30,27,7,28,,4,75,10.02,3.72,1.23,26.4%,9.8%
45,Robert Stephenson,LAA,2,4,4.08,60,0,15,8,,60.0,251,54,29,27,8,19,,2,67,9.98,2.92,1.22,26.5%,7.8%
46,Graham Ashcraft,CIN,5,4,3.88,65,0,2,16,,65.0,278,63,30,28,6,21,,3,59,8.20,2.91,1.29,21.3%,7.6%
47,Jared Koenig,MIL,4,3,3.56,65,0,1,15,,65.0,274,58,28,26,7,22,,3,66,9.17,3.10,1.23,24.2%,8.2%
48,Drew Pomeranz,LAA,3,3,3.93,58,0,3,11,,58.0,244,52,27,25,7,19,,4,61,9.49,3.01,1.24,25.0%,7.9%
49,Louis Varland,TOR,4,3,3.51,67,0,2,13,,67.0,278,61,29,26,8,18,,2,66,8.92,2.43,1.18,23.9%,6.5%
50,Dylan Lee,ATL,3,3,3.55,65,0,1,16,,65.0,267,57,28,26,9,19,,1,73,10.12,2.68,1.17,27.4%,7.3%
51,Gregory Soto,PIT,3,3,3.69,61,0,4,14,,61.0,264,54,27,25,5,25,,5,66,9.76,3.76,1.30,25.1%,9.7%
52,Jordan Leasure,CHW,4,4,4.16,64,0,5,11,,64.0,272,54,32,30,9,29,,2,73,10.21,4.07,1.30,26.7%,10.6%
53,Mark Leiter Jr.,ATH,5,4,3.99,64,0,6,13,,64.0,276,58,31,28,8,26,,4,69,9.64,3.63,1.31,24.9%,9.4%
54,Andrew Kittredge,BAL,4,4,3.73,67,0,4,13,,67.0,278,64,30,28,9,18,,2,66,8.85,2.38,1.22,23.7%,6.4%
55,Bryan Baker,TBR,4,3,3.80,63,0,3,12,,63.0,262,53,29,27,8,23,,2,70,9.99,3.24,1.21,26.7%,8.7%
56,Cole Sands,MIN,4,4,3.92,68,0,2,13,,68.0,286,63,32,30,8,21,,4,67,8.90,2.79,1.23,23.5%,7.4%
57,JoJo Romero,STL,5,3,3.49,64,0,14,9,,64.0,272,57,27,25,6,25,,2,62,8.69,3.58,1.29,22.8%,9.4%
58,Blake Treinen,LAD,5,4,3.94,58,0,1,14,,58.0,250,53,27,25,7,22,,3,65,10.02,3.34,1.28,25.8%,8.6%
59,A.J. Minter,NYM,4,3,3.42,52,0,2,14,,52.0,214,43,22,20,6,18,,1,58,10.09,3.12,1.18,27.2%,8.4%
60,Jimmy Herget,COL,3,3,4.58,77,0,2,15,,77.0,332,78,42,39,11,25,,5,70,8.22,2.88,1.34,21.2%,7.4%
61,Jason Adam,SDP,4,3,3.52,61,0,1,15,,61.0,252,50,26,24,7,23,,5,64,9.50,3.37,1.19,25.6%,9.1%
62,Justin Topa,MIN,3,3,4.03,63,0,6,11,,63.0,272,64,31,28,6,20,,4,52,7.41,2.92,1.34,19.0%,7.5%
63,Carlos Estevez,KCR,4,4,4.17,65,0,31,2,,65.0,273,59,32,30,8,24,,3,58,8.08,3.26,1.27,21.4%,8.6%
64,Bryan King,HOU,4,3,3.67,67,0,1,17,,67.0,280,61,30,27,9,20,,4,66,8.93,2.73,1.21,23.7%,7.2%
65,Troy Melton,DET,4,4,4.09,42,6,0,1,,70.0,296,68,34,32,10,21,,2,62,7.99,2.68,1.27,21.0%,7.0%
66,Caleb Thielbar,CHC,5,3,3.63,66,0,1,15,,66.0,274,58,28,27,9,22,,1,69,9.40,3.01,1.21,25.1%,8.0%
67,Carmen Mlodzinski,PIT,4,4,3.73,53,3,0,4,,68.0,289,65,30,28,7,23,,3,60,8.00,3.04,1.30,20.9%,7.9%
68,Kutter Crawford,BOS,5,5,4.31,56,6,0,4,,86.0,362,82,44,41,13,25,,3,81,8.39,2.59,1.24,22.2%,6.9%
69,Tony Santillan,CIN,3,3,4.27,70,0,4,13,,70.0,302,62,35,33,9,31,,5,73,9.39,4.05,1.34,24.2%,10.4%
70,Sean Newcomb,CHW,3,3,3.93,62,2,2,10,,69.0,299,65,33,30,7,28,,3,66,8.57,3.61,1.34,22.0%,9.3%
71,Yimi Garcia,TOR,3,3,3.82,56,0,4,11,,56.0,235,48,25,24,7,20,,3,61,9.82,3.27,1.22,26.0%,8.6%
72,Justin Wilson,,2,2,3.62,43,0,0,0,,43.0,186,40,19,17,5,16,,1,47,9.79,3.37,1.30,25.1%,8.6%
73,Steven Okert,HOU,3,3,3.85,64,0,0,14,,64.0,266,53,29,27,9,23,,3,73,10.27,3.27,1.20,27.5%,8.8%
74,Kirby Yates,LAA,3,4,3.92,56,0,4,12,,56.0,237,46,27,24,7,26,,3,67,10.70,4.24,1.28,28.1%,11.1%
75,Brooks Raley,NYM,3,3,3.80,62,0,1,14,,62.0,260,54,28,26,6,22,,5,61,8.79,3.20,1.23,23.3%,8.5%
76,Danny Coulombe,,2,2,3.66,46,0,0,0,,46.0,192,41,20,19,5,17,,1,45,8.88,3.31,1.26,23.6%,8.8%
77,Luke Weaver,NYM,4,3,4.00,67,0,4,14,,67.0,283,61,32,30,9,22,,2,73,9.75,2.98,1.24,25.6%,7.8%
78,Shawn Armstrong,CLE,3,3,3.81,68,0,3,16,,68.0,285,62,31,29,8,21,,4,68,8.99,2.76,1.21,23.9%,7.3%
79,Taylor Rogers,MIN,4,3,4.13,61,0,20,5,,61.0,266,56,30,28,8,27,,4,65,9.52,4.02,1.36,24.3%,10.3%
80,Clayton Beeter,WSN,3,3,3.98,63,0,17,9,,63.0,271,53,30,28,7,33,,3,72,10.25,4.66,1.36,26.4%,12.0%
81,Victor Vodnik,COL,3,4,4.25,64,0,22,4,,64.0,281,62,33,30,7,31,,2,62,8.68,4.34,1.46,22.0%,11.0%
82,Yennier Cano,BAL,4,3,3.66,60,0,1,12,,60.0,254,57,27,24,6,21,,2,55,8.22,3.16,1.30,21.5%,8.3%
83,Tyler Kinley,ATL,4,3,4.02,63,0,0,13,,63.0,268,55,30,28,8,27,,2,70,10.01,3.83,1.29,26.2%,10.0%
84,Gabe Speier,SEA,4,2,3.34,58,0,0,12,,58.0,239,48,24,21,7,18,,3,67,10.35,2.77,1.14,27.9%,7.5%
85,Justin Sterner,ATH,3,3,4.15,65,0,8,10,,65.0,276,59,32,30,9,24,,4,65,9.03,3.32,1.28,23.6%,8.7%
86,Eduard Bazardo,SEA,3,3,3.63,68,0,1,14,,68.0,283,59,30,27,8,23,,3,69,9.19,3.03,1.21,24.5%,8.1%
87,Connor Prielipp,MIN,4,4,4.06,45,5,0,1,,64.0,276,62,31,29,7,23,,4,59,8.35,3.31,1.34,21.3%,8.5%
88,Riley O'Brien,STL,3,3,3.71,63,0,16,9,,63.0,272,55,28,26,6,28,,6,65,9.33,4.02,1.32,24.0%,10.3%
89,Jakob Junis,TEX,3,3,4.08,65,0,1,14,,65.0,273,63,32,29,8,17,,3,57,7.84,2.35,1.23,20.8%,6.2%
90,Justin Slaten,BOS,4,4,3.99,61,0,0,13,,61.0,258,57,30,27,7,22,,2,58,8.56,3.18,1.29,22.5%,8.4%
91,Tyler Holton,DET,4,4,3.65,72,0,1,14,,72.0,294,66,32,29,9,19,,2,60,7.56,2.34,1.18,20.6%,6.4%
92,Kody Funderburk,MIN,4,4,3.86,65,0,3,15,,65.0,282,61,30,28,6,27,,5,62,8.57,3.72,1.35,22.0%,9.6%
93,Hunter Gaddis,CLE,3,3,3.87,66,0,3,14,,66.0,278,60,31,28,9,21,,4,64,8.78,2.88,1.23,23.2%,7.6%
94,Aaron Bummer,ATL,4,3,3.57,60,0,0,12,,60.0,260,56,26,24,5,23,,5,62,9.30,3.48,1.32,23.8%,8.9%
95,John Schreiber,KCR,3,3,4.05,64,0,1,14,,64.0,272,60,31,29,7,23,,3,59,8.34,3.28,1.30,21.8%,8.6%
96,Tanner Banks,PHI,3,3,3.85,62,0,0,12,,62.0,259,58,29,27,8,18,,2,58,8.48,2.55,1.23,22.5%,6.8%
97,Aaron Ashby,MIL,4,3,3.72,64,0,1,13,,64.0,280,56,29,26,6,31,,4,67,9.42,4.41,1.37,23.9%,11.2%
98,Kyle Finnegan,DET,4,4,3.92,64,0,4,13,,64.0,270,60,30,28,8,23,,1,60,8.38,3.22,1.30,22.0%,8.5%
99,Kenley Jansen,DET,4,3,4.11,60,0,23,4,,60.0,250,53,29,27,9,22,,2,60,9.04,3.24,1.24,24.1%,8.6%
100,Mason Englert,TBR,3,2,3.99,60,0,1,12,,60.0,253,57,29,27,8,18,,2,56,8.40,2.63,1.24,22.1%,6.9%
101,Keegan Akin,BAL,4,3,3.93,66,0,3,15,,66.0,278,61,31,29,9,23,,2,67,9.18,3.15,1.27,24.2%,8.3%
102,Dietrich Enns,BAL,3,3,3.96,62,0,0,13,,62.0,268,64,29,27,8,19,,2,56,8.15,2.69,1.33,21.0%,6.9%
103,Tyler Rogers,TOR,5,3,3.86,74,0,2,18,,74.0,311,76,34,32,8,18,,3,51,6.14,2.14,1.26,16.2%,5.6%
104,Jovani Moran,BOS,3,2,3.74,56,0,0,10,,56.0,241,50,25,23,5,24,,2,61,9.75,3.93,1.33,25.2%,10.2%
105,Andrew Nardi,MIA,3,3,3.71,56,0,0,10,,56.0,238,47,25,23,7,24,,2,67,10.70,3.80,1.26,28.0%,9.9%
106,Erik Miller,SFG,4,3,3.60,62,0,4,15,,62.0,269,52,27,25,5,33,,2,68,9.80,4.81,1.38,25.1%,12.3%
107,Phil Maton,CHC,4,3,3.76,65,0,4,14,,65.0,274,54,29,27,7,25,,6,67,9.31,3.53,1.23,24.5%,9.3%
108,Jordan Wicks,CHC,3,2,3.86,31,3,0,1,,44.0,186,42,20,19,5,13,,1,40,8.12,2.75,1.27,21.3%,7.2%
109,Mason Montgomery,PIT,3,3,3.87,60,0,2,12,,60.0,258,54,28,26,7,24,,3,63,9.39,3.65,1.31,24.3%,9.4%
110,Ben Brown,CHC,3,3,3.75,42,2,0,1,,49.0,206,43,22,21,6,16,,2,55,9.97,2.94,1.20,26.5%,7.8%
111,Calvin Faucher,MIA,3,4,4.00,64,0,5,11,,64.0,280,60,31,28,7,28,,3,64,8.96,3.95,1.38,22.8%,10.0%
112,Greg Weissert,BOS,4,4,4.21,65,0,1,17,,65.0,279,63,33,30,8,23,,3,59,8.11,3.21,1.33,21.0%,8.3%
113,Angel Zerpa,MIL,3,3,3.61,60,0,0,12,,60.0,253,55,26,24,7,20,,3,57,8.52,2.98,1.25,22.4%,7.8%
114,Justin Wrobleski,LAD,3,3,4.23,40,3,0,1,,56.0,239,54,28,26,8,19,,2,52,8.30,2.98,1.29,21.7%,7.8%
115,Tommy Nance,TOR,3,3,3.78,58,0,0,12,,58.0,247,56,27,24,7,18,,3,55,8.51,2.79,1.27,22.2%,7.3%
116,Julian Fernandez,WSN,3,3,3.95,59,0,2,12,,59.0,250,54,28,26,7,21,,2,59,8.99,3.20,1.28,23.6%,8.4%
117,Brock Burke,CIN,4,3,4.17,62,0,1,13,,62.0,264,60,31,29,8,21,,2,58,8.38,2.98,1.29,21.9%,7.8%
118,Drew Anderson,DET,3,3,3.89,54,2,0,6,,61.0,258,54,29,26,8,22,,3,68,10.08,3.26,1.25,26.5%,8.6%
119,Paul Blackburn,NYY,3,4,4.42,59,2,0,12,,66.0,282,66,35,32,9,20,,2,55,7.50,2.76,1.32,19.4%,7.1%
120,Juan Mejia,COL,3,4,4.57,66,0,3,14,,66.0,292,63,36,33,8,31,,6,68,9.24,4.17,1.41,23.2%,10.5%
121,Pierce Johnson,CIN,3,3,4.25,61,0,1,12,,61.0,263,57,31,29,9,25,,2,67,9.94,3.67,1.34,25.6%,9.4%
122,Mike Vasil,CHW,4,5,4.34,76,3,1,14,,93.0,405,92,48,45,11,37,,6,75,7.24,3.59,1.38,18.5%,9.2%
123,Brusdar Graterol,LAD,3,1,3.54,46,0,0,5,,46.0,189,43,19,18,4,13,,1,39,7.70,2.51,1.21,20.9%,6.8%
124,Keider Montero,DET,3,4,4.39,37,5,0,1,,59.0,253,59,31,29,8,20,,3,49,7.52,3.04,1.34,19.4%,7.8%
125,Nick Mears,KCR,3,4,4.12,60,0,0,12,,60.0,257,56,30,27,7,24,,2,58,8.64,3.54,1.33,22.4%,9.2%
126,Jordan Romano,LAA,3,4,4.24,57,0,1,9,,57.0,243,52,29,27,8,22,,3,61,9.66,3.41,1.28,25.2%,8.9%
127,Justin Lawrence,PIT,3,4,3.95,58,0,1,12,,58.0,253,52,28,25,5,28,,5,59,9.10,4.33,1.38,23.2%,11.0%
128,Tobias Myers,NYM,4,4,4.17,61,3,0,11,,75.0,320,75,37,35,10,22,,3,63,7.58,2.64,1.29,19.7%,6.9%
129,Anthony Bender,MIA,4,3,3.91,61,0,1,12,,61.0,258,56,29,26,7,24,,3,58,8.56,3.51,1.30,22.5%,9.2%
130,Matt Svanson,STL,3,3,3.80,65,0,6,15,,65.0,278,61,30,27,7,24,,4,59,8.20,3.28,1.30,21.3%,8.5%
131,Ryne Stanek,STL,4,4,4.07,60,0,2,12,,60.0,261,54,29,27,7,28,,2,61,9.15,4.26,1.37,23.4%,10.9%
132,Dauri Moreta,,2,2,3.87,34,0,0,0,,34.0,145,29,16,15,4,15,,2,38,10.09,3.91,1.28,26.4%,10.2%
133,Luis Garcia,NYM,3,3,3.91,60,0,0,13,,60.0,260,58,28,26,6,23,,3,54,8.15,3.51,1.36,20.9%,9.0%
134,Brant Hurter,DET,3,3,3.76,55,0,0,9,,55.0,234,52,25,23,6,16,,5,49,7.95,2.64,1.24,20.8%,6.9%
135,Jack Dreyer,LAD,3,2,4.13,54,0,0,12,,54.0,227,49,27,25,8,21,,1,54,8.96,3.45,1.28,23.6%,9.1%
136,Joey Wentz,ATL,3,3,4.41,36,3,0,1,,51.0,222,50,27,25,7,21,,1,50,8.81,3.65,1.39,22.4%,9.3%
137,PJ Poulin,WSN,4,4,4.08,61,0,2,14,,61.0,264,57,30,28,7,26,,3,59,8.67,3.79,1.35,22.2%,9.7%
138,Eric Orze,MIN,3,3,4.09,56,0,0,10,,56.0,243,51,27,25,6,25,,3,55,8.90,4.04,1.37,22.8%,10.4%
139,Brad Keller,PHI,4,4,4.20,68,0,2,16,,68.0,293,65,34,32,9,27,,3,61,8.10,3.53,1.35,20.9%,9.1%
140,Emerson Hancock,SEA,4,4,4.35,48,6,0,1,,76.0,328,76,40,37,11,24,,4,60,7.15,2.86,1.32,18.4%,7.4%
141,Brendon Little,TOR,3,3,3.57,54,0,0,10,,54.0,235,46,23,21,5,29,,2,58,9.74,4.79,1.39,24.9%,12.3%
142,Ryan Gusto,MIA,3,4,4.42,43,3,0,1,,57.0,248,58,30,28,8,20,,2,49,7.67,3.13,1.35,19.7%,8.0%
143,Caleb Ferguson,CIN,3,3,4.21,58,0,0,10,,58.0,250,54,29,27,6,23,,5,55,8.61,3.52,1.32,22.2%,9.1%
144,Scott Barlow,ATH,3,3,4.25,54,0,2,9,,54.0,234,47,27,26,6,28,,3,58,9.64,4.58,1.38,24.7%,11.7%
145,Brenan Hanifee,DET,3,3,3.91,58,0,0,11,,58.0,248,60,27,25,6,16,,2,43,6.62,2.44,1.31,17.2%,6.3%
146,Tyler Wells,BAL,4,4,4.36,57,3,0,7,,71.0,294,68,37,34,12,18,,2,63,8.04,2.27,1.21,21.6%,6.1%
147,Bennett Sousa,HOU,3,2,3.57,50,0,0,4,,50.0,208,43,21,20,6,18,,1,55,9.95,3.32,1.23,26.5%,8.8%
148,Jake Bird,NYY,3,2,3.92,53,0,0,10,,53.0,229,46,25,23,6,22,,5,56,9.56,3.79,1.29,24.6%,9.8%
149,Ryan Thompson,ARI,4,3,3.81,64,0,1,16,,64.0,271,64,29,27,7,20,,3,52,7.29,2.76,1.30,19.1%,7.2%
150,Yoendrys Gomez,TBR,3,3,4.32,43,3,0,1,,56.0,241,51,29,27,8,23,,3,56,8.95,3.66,1.32,23.1%,9.5%
151,Bailey Falter,KCR,4,4,4.57,53,5,0,4,,73.0,311,74,40,37,11,24,,2,54,6.70,2.92,1.34,17.4%,7.6%
152,Blade Tidwell,SFG,2,3,4.29,27,3,0,1,,42.0,183,41,22,20,5,16,,2,37,7.92,3.49,1.36,20.2%,8.9%
153,Mason Barnett,ATH,2,2,4.60,29,3,0,1,,43.0,189,42,24,22,6,18,,2,37,7.69,3.72,1.40,19.5%,9.4%
154,Jalen Beeks,,3,2,3.79,40,0,0,0,,40.0,172,38,18,17,4,15,,2,36,8.03,3.48,1.34,20.7%,9.0%
155,Cristian Mena,ARI,1,1,3.87,19,2,0,1,,26.0,111,24,12,11,3,9,,1,25,8.62,3.24,1.30,22.5%,8.4%
156,Hoby Milner,CHC,3,2,3.91,60,0,0,13,,60.0,255,59,28,26,7,18,,3,50,7.56,2.73,1.28,19.8%,7.1%
157,Isaac Mattson,PIT,4,4,4.26,64,0,2,13,,64.0,277,59,32,30,8,29,,3,60,8.45,4.10,1.38,21.7%,10.5%
158,JP Sears,SDP,3,4,4.48,35,5,0,1,,56.0,235,54,30,28,10,15,,3,50,8.03,2.45,1.24,21.2%,6.4%
159,Tim Herrin,CLE,4,3,3.66,54,0,0,10,,54.0,231,46,24,22,5,25,,3,57,9.49,4.23,1.32,24.7%,11.0%
160,Luis Perales,WSN,2,2,4.35,23,3,0,1,,36.0,158,33,19,17,4,17,,2,35,8.87,4.24,1.39,22.3%,10.7%
161,Sawyer Gipson-Long,DET,2,2,4.06,27,2,0,1,,34.0,141,33,16,15,4,9,,2,30,7.96,2.34,1.24,21.0%,6.2%
162,Coleman Crow,MIL,1,1,3.91,26,2,0,0,,27.0,113,25,13,12,3,8,,1,25,8.55,2.82,1.24,22.5%,7.4%
163,Cade Povich,BAL,1,1,4.06,19,2,0,1,,26.0,109,24,12,12,3,9,,1,26,8.97,3.10,1.29,23.4%,8.1%
164,Jordan Hicks,CHW,3,3,4.20,54,0,0,9,,54.0,237,52,27,25,5,24,,4,50,8.35,3.93,1.39,21.2%,10.0%
165,Travis Adams,MIN,4,4,4.54,53,3,0,4,,69.0,303,73,38,35,9,24,,2,54,6.98,3.06,1.39,17.8%,7.8%
166,Erik Sabrowski,CLE,3,3,3.93,61,0,0,14,,61.0,265,49,29,27,7,36,,3,73,10.70,5.27,1.39,27.4%,13.5%
167,A.J. Puk,ARI,3,2,3.32,42,0,7,1,,42.0,174,35,17,16,5,14,,2,50,10.75,3.00,1.17,28.8%,8.0%
168,Cooper Criswell,SEA,3,3,4.05,37,3,0,1,,51.0,221,51,25,23,6,15,,4,42,7.39,2.69,1.29,19.1%,7.0%
169,Eric Lauer,TOR,3,3,4.12,50,2,0,4,,57.0,240,54,28,26,9,18,,2,53,8.39,2.81,1.26,22.1%,7.4%
170,Christian Scott,NYM,2,2,4.06,32,2,0,1,,38.0,160,36,19,17,5,10,,2,36,8.48,2.46,1.21,22.5%,6.5%
171,Chase Petty,CIN,2,4,5.09,33,3,0,1,,46.0,204,48,28,26,7,20,,2,36,6.96,3.81,1.46,17.5%,9.6%
172,Keaton Winn,SFG,2,1,3.95,23,2,0,1,,29.0,125,29,14,13,3,9,,2,26,8.04,2.66,1.28,20.9%,6.9%
173,Gregory Santos,SFG,3,2,3.64,53,0,0,5,,53.0,234,50,23,21,4,23,,3,50,8.48,3.87,1.38,21.4%,9.8%
174,Brock Stewart,LAD,2,2,3.81,44,0,0,1,,44.0,186,37,20,19,5,18,,2,51,10.46,3.60,1.24,27.5%,9.5%
175,Sam Hentges,SFG,2,2,3.28,44,0,0,1,,44.0,184,39,17,16,3,14,,1,43,8.89,2.94,1.22,23.6%,7.8%
176,Hogan Harris,ATH,3,3,4.18,66,0,10,11,,66.0,286,60,33,31,8,31,,3,64,8.75,4.18,1.38,22.5%,10.7%
177,Ben Joyce,LAA,2,2,3.56,48,0,10,0,,48.0,204,38,21,19,4,21,,4,57,10.74,4.03,1.25,28.1%,10.5%
178,Matt Gage,SFG,2,2,3.88,56,0,0,10,,56.0,241,56,26,24,6,20,,2,47,7.49,3.17,1.35,19.3%,8.2%
179,Tyler Alexander,TEX,4,5,4.68,62,2,0,11,,69.0,295,71,39,36,11,18,,2,57,7.38,2.37,1.29,19.2%,6.2%
180,Josh Sborz,TEX,3,3,4.07,48,0,0,4,,48.0,207,45,23,22,6,20,,1,48,9.01,3.73,1.34,23.2%,9.6%
181,Joe Rock,TBR,1,2,4.15,20,2,0,1,,27.0,117,27,14,13,3,9,,1,22,7.26,2.83,1.32,18.8%,7.3%
182,DJ Herz,WSN,1,2,4.08,19,2,0,1,,25.0,107,22,12,11,3,12,,1,26,9.60,4.28,1.35,24.6%,11.0%
183,Jonathan Bowlan,PHI,3,3,4.16,56,0,0,10,,56.0,239,54,28,26,8,19,,2,53,8.54,3.02,1.30,22.2%,7.8%
184,Drey Jameson,ARI,4,3,3.88,59,0,5,11,,59.0,253,56,28,25,6,22,,3,55,8.40,3.41,1.33,21.7%,8.8%
185,Braden Nett,ATH,2,2,4.72,21,3,0,1,,34.0,151,34,19,18,4,16,,2,29,7.58,4.34,1.48,18.8%,10.8%
186,Tyler Uberstine,BOS,1,1,4.38,20,2,0,1,,27.0,116,27,14,13,4,9,,1,24,8.00,3.00,1.33,20.6%,7.7%
187,Hayden Wesneski,HOU,2,2,4.23,24,2,0,1,,31.0,130,29,16,14,5,10,,1,30,8.62,2.91,1.26,22.7%,7.6%
188,Wandy Peralta,SDP,3,3,3.85,57,0,0,10,,57.0,244,52,26,24,5,25,,3,50,7.94,3.88,1.34,20.6%,10.1%
189,Seth Halvorsen,COL,3,4,4.64,60,0,3,11,,60.0,264,61,33,31,8,27,,3,55,8.31,4.12,1.47,21.0%,10.4%
190,Elvis Alvarado,ATH,3,3,4.19,58,0,3,10,,58.0,252,52,29,27,8,27,,3,60,9.27,4.26,1.37,23.8%,10.9%
191,Adam Mazur,MIA,2,2,4.34,28,2,0,1,,35.0,148,36,18,17,5,10,,1,27,6.98,2.55,1.32,18.1%,6.6%
192,Brady Basso,ATH,3,2,4.01,50,0,0,4,,50.0,212,49,24,22,6,16,,2,44,7.90,2.87,1.29,20.7%,7.5%
193,Jonathan Pintaro,NYM,2,1,3.96,26,2,0,1,,32.0,139,30,15,14,3,13,,2,31,8.57,3.68,1.33,21.9%,9.4%
194,Mason Black,KCR,2,3,4.91,27,3,0,1,,40.0,179,41,24,22,6,17,,2,32,7.24,3.72,1.44,18.2%,9.3%
195,Brent Headrick,NYY,2,2,3.99,50,0,0,5,,50.0,210,45,24,22,7,16,,2,51,9.21,2.86,1.22,24.3%,7.6%
196,Jose Butto,SFG,3,3,3.89,61,0,2,13,,61.0,260,55,28,26,6,24,,3,56,8.26,3.58,1.31,21.5%,9.3%
197,Cole Sulser,TBR,3,3,4.17,55,0,0,10,,55.0,235,54,28,25,7,19,,2,49,8.04,3.19,1.33,20.9%,8.3%
198,Carlos Rodriguez,MIL,2,3,4.43,42,2,0,1,,49.0,212,46,26,24,7,19,,3,45,8.33,3.56,1.33,21.4%,9.1%
199,Austin Gomber,TEX,1,2,4.82,18,2,0,1,,25.0,106,26,14,13,4,6,,0,19,6.88,2.28,1.30,18.0%,5.9%
200,Sam Moll,CIN,2,2,4.44,50,0,0,4,,50.0,217,46,27,25,6,23,,4,49,8.80,4.07,1.37,22.6%,10.4%
201,Ricky Tiedemann,TOR,1,1,4.21,16,2,0,1,,22.0,96,19,11,10,3,11,,2,23,9.35,4.42,1.37,23.7%,11.2%
202,Enyel De Los Santos,HOU,3,3,4.14,60,0,0,12,,60.0,254,55,30,28,9,22,,3,59,8.92,3.28,1.28,23.4%,8.6%
203,Jonathan Loaisiga,ARI,2,2,3.61,44,0,0,4,,44.0,187,43,19,18,4,14,,2,37,7.61,2.79,1.29,19.9%,7.3%
204,Jose Leclerc,,2,2,4.15,37,0,0,0,,37.0,160,32,18,17,5,18,,2,40,9.73,4.26,1.35,25.1%,11.0%
205,Dane Dunning,SEA,1,1,4.13,14,2,0,1,,21.0,89,20,10,10,3,7,,1,18,7.91,2.90,1.29,20.5%,7.5%
206,Brandon Williamson,CIN,3,3,4.85,45,3,0,1,,59.0,257,59,34,32,9,24,,3,49,7.60,3.69,1.42,19.2%,9.3%
207,Kai-Wei Teng,HOU,2,2,4.47,28,2,0,1,,35.0,152,32,19,17,4,15,,4,33,8.52,3.87,1.36,21.6%,9.8%
208,Braydon Fisher,TOR,3,3,3.84,52,0,0,7,,52.0,223,44,24,22,6,24,,2,59,10.18,4.08,1.30,26.3%,10.6%
209,Justin Martinez,ARI,2,1,3.20,22,0,0,1,,22.0,94,17,9,8,2,12,,1,28,11.34,4.80,1.30,29.4%,12.4%
210,Ian Hamilton,ATL,2,2,3.73,50,0,0,7,,50.0,214,45,23,21,5,22,,2,52,9.44,4.00,1.34,24.5%,10.4%
211,Evan Phillips,LAD,2,1,3.45,28,0,0,1,,28.0,114,24,12,11,3,9,,1,30,9.77,2.80,1.16,26.6%,7.6%
212,Ty Madden,DET,1,2,4.44,25,2,0,1,,32.0,137,31,17,16,4,12,,1,28,7.98,3.54,1.38,20.4%,9.0%
213,Joel Payamps,ATL,3,2,4.07,53,0,0,10,,53.0,226,52,26,24,7,17,,2,48,8.19,2.86,1.29,21.4%,7.5%
214,Jack Perkins,ATH,2,2,3.82,40,0,0,1,,40.0,169,34,18,17,5,16,,3,43,9.65,3.69,1.26,25.4%,9.7%
215,Brennan Bernardino,COL,3,3,4.46,58,0,2,10,,58.0,257,58,31,29,7,27,,5,53,8.23,4.19,1.46,20.7%,10.5%
216,Brandon Eisert,CHW,3,3,4.07,52,0,0,6,,52.0,223,49,25,23,7,19,,2,51,8.78,3.30,1.32,22.7%,8.5%
217,Brandon Young,BAL,2,2,4.37,21,2,0,1,,27.0,116,28,14,13,4,8,,1,24,7.93,2.61,1.31,20.6%,6.8%
218,Bryan Hudson,NYM,2,2,4.00,48,0,0,5,,48.0,205,43,23,21,5,21,,2,46,8.60,3.87,1.33,22.4%,10.1%
219,Kevin Kelly,TBR,3,3,3.83,44,0,0,1,,44.0,184,41,20,19,5,11,,4,39,7.98,2.18,1.18,21.2%,5.8%
220,Matt Festa,CLE,3,4,4.13,58,0,0,12,,58.0,247,53,29,27,8,21,,3,57,8.78,3.32,1.28,23.0%,8.7%
221,Jason Foley,SFG,1,1,3.43,28,0,0,1,,28.0,117,27,12,11,2,7,,1,24,7.75,2.34,1.23,20.5%,6.2%
222,Trevor Williams,WSN,1,2,4.60,23,2,0,1,,29.0,127,32,16,15,4,8,,1,24,7.24,2.58,1.36,18.5%,6.6%
223,Joey Lucchesi,,2,2,4.14,40,0,0,0,,40.0,173,41,20,18,5,15,,1,29,6.63,3.27,1.39,17.0%,8.4%
224,Colin Selby,BAL,3,3,4.04,50,0,0,4,,50.0,215,46,25,22,6,22,,2,52,9.35,3.90,1.35,24.1%,10.1%
225,Pedro Avila,CLE,2,3,4.31,32,2,0,1,,39.0,170,39,20,19,5,16,,2,33,7.54,3.77,1.41,19.2%,9.6%
226,Ryan Yarbrough,NYY,3,3,4.41,54,2,0,7,,62.0,265,61,33,30,10,18,,5,50,7.29,2.64,1.27,19.0%,6.9%
227,Gabriel Hughes,COL,1,2,4.99,24,2,0,1,,30.0,133,34,18,17,4,11,,1,22,6.48,3.20,1.47,16.3%,8.1%
228,David Morgan,SDP,3,2,4.05,58,0,0,12,,58.0,250,52,28,26,7,24,,4,59,9.12,3.68,1.30,23.5%,9.5%
229,Rob Zastryzny,MIL,3,2,4.10,50,0,0,4,,50.0,214,48,24,23,7,18,,2,46,8.21,3.20,1.31,21.3%,8.3%
230,Chase Silseth,LAA,2,3,4.20,50,0,0,4,,50.0,215,46,25,23,6,21,,2,50,8.99,3.82,1.35,23.2%,9.9%
231,John Klein,MIN,2,3,4.52,34,2,0,1,,41.0,180,41,22,21,6,15,,3,35,7.69,3.21,1.36,19.6%,8.2%
232,Felix Bautista,BAL,1,1,3.21,13,0,0,1,,13.0,53,9,5,5,1,6,,0,18,12.37,4.01,1.15,33.6%,10.9%
233,Landon Knack,LAD,1,1,4.95,14,2,0,1,,21.0,90,21,12,11,4,8,,1,18,7.98,3.46,1.38,20.4%,8.9%
234,AJ Blubaugh,HOU,3,3,4.40,46,2,0,1,,53.0,229,50,28,26,8,22,,2,49,8.28,3.65,1.36,21.3%,9.4%
235,Tim Hill,NYY,4,3,4.15,66,0,0,15,,66.0,285,71,33,30,7,19,,3,38,5.13,2.63,1.37,13.2%,6.8%
236,Liam Hendriks,MIN,2,2,4.30,34,0,0,1,,34.0,148,32,18,16,5,13,,1,36,9.53,3.54,1.33,24.4%,9.1%
237,Alex Lange,KCR,3,3,3.92,52,0,0,7,,52.0,227,44,24,23,5,28,,3,56,9.69,4.88,1.40,24.7%,12.5%
238,Andrew Chafin,MIN,3,3,4.19,54,0,0,7,,54.0,238,50,27,25,6,28,,2,58,9.71,4.63,1.44,24.5%,11.7%
239,Porter Hodge,CHC,3,3,4.02,50,0,0,5,,50.0,216,42,24,22,6,26,,3,56,10.05,4.68,1.35,25.8%,12.0%
240,Nate Pearson,HOU,2,3,4.40,54,0,0,10,,54.0,236,50,28,26,8,24,,3,54,9.07,4.00,1.38,23.1%,10.2%
241,James McArthur,KCR,2,2,4.13,40,0,0,1,,40.0,173,39,20,18,4,14,,2,36,8.13,3.14,1.33,20.9%,8.1%
242,Javier Assad,CHC,3,3,4.06,54,2,0,7,,61.0,260,59,30,27,8,22,,3,51,7.50,3.31,1.33,19.4%,8.6%
243,Grant Anderson,MIL,3,3,4.13,56,0,0,10,,56.0,240,51,28,26,8,22,,3,57,9.16,3.55,1.30,23.8%,9.2%
244,Doug Nikhazy,CLE,2,2,4.43,27,2,0,1,,33.0,146,32,18,16,5,16,,1,30,8.07,4.26,1.44,20.4%,10.8%
245,Evan Sisk,PIT,2,3,3.92,52,0,0,7,,52.0,226,49,25,23,5,23,,3,49,8.54,3.96,1.37,21.8%,10.1%
246,Ryan Brasier,TEX,2,2,3.99,44,0,0,1,,44.0,182,41,21,19,5,13,,1,38,7.80,2.73,1.24,21.0%,7.3%
247,Yaramil Hiraldo,BAL,1,1,4.20,38,0,0,1,,38.0,160,35,19,18,6,14,,1,39,9.21,3.21,1.28,24.3%,8.5%
248,Josh White,MIA,3,3,3.96,47,0,0,1,,47.0,201,42,22,21,6,19,,2,47,9.09,3.65,1.30,23.6%,9.5%
249,Walker Buehler,SDP,2,3,4.89,25,3,0,1,,39.0,172,40,23,21,6,15,,2,33,7.70,3.45,1.42,19.4%,8.7%
250,Jaden Hill,COL,3,3,4.52,52,0,0,6,,52.0,228,51,28,26,7,20,,5,51,8.87,3.43,1.37,22.5%,8.7%
251,Zack Kelly,BOS,3,3,4.36,58,0,0,12,,58.0,253,54,30,28,7,27,,3,56,8.74,4.23,1.40,22.3%,10.8%
252,Yohan Ramirez,PIT,3,3,4.18,56,0,0,10,,56.0,246,51,28,26,6,24,,9,57,9.11,3.78,1.34,23.0%,9.6%
253,Ryan Johnson,LAA,1,1,4.05,18,0,0,1,,18.0,77,18,9,8,2,6,,0,17,8.47,2.91,1.30,21.9%,7.5%
254,Gordon Graceffo,STL,3,3,4.22,58,0,0,12,,58.0,249,59,29,27,7,18,,2,46,7.15,2.73,1.32,18.5%,7.1%
255,Paul Sewald,ARI,3,3,4.53,58,0,8,10,,58.0,245,54,32,29,9,20,,3,57,8.87,3.04,1.26,23.4%,8.0%
256,Luke Little,CHC,1,1,3.65,20,0,0,1,,20.0,86,16,9,8,2,11,,2,23,10.38,5.00,1.33,26.7%,12.9%
257,Bradgley Rodriguez,SDP,3,3,4.15,48,0,0,4,,48.0,209,44,24,22,6,22,,3,44,8.21,4.11,1.37,21.0%,10.5%
258,Manuel Rodriguez,TBR,1,1,3.83,16,0,0,1,,16.0,68,15,7,7,2,6,,1,15,8.28,3.13,1.27,21.7%,8.2%
259,Jorge Lopez,,2,2,4.37,30,0,0,0,,30.0,131,30,16,15,3,11,,3,25,7.62,3.30,1.36,19.4%,8.4%
260,Dylan Dodd,ATL,3,2,4.00,46,0,0,4,,46.0,194,47,22,20,6,12,,1,39,7.65,2.27,1.27,20.1%,6.0%
261,Jack Kochanowicz,LAA,1,2,4.87,18,2,0,1,,25.0,109,27,14,13,3,9,,2,16,5.80,3.22,1.44,14.6%,8.1%
262,John King,MIA,3,2,3.91,52,0,0,7,,52.0,226,57,25,23,5,15,,1,33,5.77,2.60,1.39,14.7%,6.6%
263,Richard Lovelady,WSN,2,2,4.11,52,0,0,7,,52.0,224,50,26,24,6,18,,4,47,8.07,3.10,1.31,20.8%,8.0%
264,RJ Petit,COL,3,5,4.79,55,0,0,9,,55.0,243,57,31,29,7,21,,4,47,7.73,3.46,1.43,19.4%,8.7%
265,Ryan Fernandez,STL,3,3,4.01,44,0,0,1,,44.0,189,40,21,20,5,19,,1,45,9.29,3.95,1.34,24.0%,10.2%
266,Tim Mayza,PHI,2,1,4.05,31,0,0,1,,31.0,134,31,15,14,3,11,,1,26,7.53,3.09,1.36,19.4%,7.9%
267,Justin Hagenman,NYM,1,1,4.11,27,0,0,1,,27.0,113,26,13,12,4,6,,1,24,8.07,2.08,1.20,21.5%,5.5%
268,Huascar Brazoban,NYM,3,2,4.08,52,0,0,7,,52.0,225,47,25,24,5,24,,3,49,8.56,4.09,1.37,21.9%,10.5%
269,Anthony Banda,MIN,3,3,4.34,60,0,1,12,,60.0,261,57,31,29,8,27,,3,58,8.70,3.98,1.39,22.2%,10.2%
270,Tyler Phillips,MIA,3,3,4.23,68,0,3,15,,68.0,293,71,35,32,8,22,,2,50,6.61,2.97,1.37,17.0%,7.7%
271,Luke Jackson,,2,2,4.23,41,0,0,0,,41.0,178,39,21,19,5,19,,2,37,8.23,4.17,1.40,21.0%,10.7%
272,Gus Varland,WSN,2,3,4.36,48,0,0,4,,48.0,213,47,25,23,6,21,,3,45,8.52,3.89,1.41,21.4%,9.8%
273,Steven Cruz,KCR,2,2,4.21,45,0,0,1,,45.0,194,41,23,21,5,20,,2,42,8.34,3.93,1.36,21.5%,10.1%
274,Sean Guenther,DET,1,1,3.94,18,0,0,1,,18.0,77,18,9,8,2,5,,1,14,6.85,2.74,1.33,17.8%,7.1%
275,Grant Wolfram,BAL,3,3,4.27,45,0,0,1,,45.0,198,44,23,21,5,20,,2,42,8.37,3.97,1.41,21.1%,10.0%
276,Anthony Nunez,BAL,2,2,4.06,32,0,0,1,,32.0,137,28,16,14,4,14,,2,34,9.63,3.85,1.30,25.0%,10.0%
277,Joe Jimenez,ATL,1,1,4.00,18,0,0,1,,18.0,76,16,9,8,2,7,,1,20,10.18,3.26,1.25,26.7%,8.6%
278,Yerry De los Santos,NYY,1,1,4.02,34,0,0,1,,34.0,147,33,17,15,4,13,,1,28,7.29,3.43,1.35,18.8%,8.8%
279,Chase Lee,TOR,1,1,3.88,25,0,0,1,,25.0,106,23,12,11,3,8,,1,24,8.79,2.81,1.24,23.0%,7.4%
280,Ryan Watson,BOS,3,3,4.25,52,0,0,7,,52.0,224,53,26,25,6,18,,2,43,7.47,3.14,1.36,19.3%,8.1%
281,Julian Aguiar,CIN,1,2,5.02,28,2,0,1,,35.0,150,37,21,19,6,11,,2,25,6.57,2.78,1.37,16.8%,7.1%
282,Welinton Herrera,COL,2,2,4.41,30,0,0,1,,30.0,132,29,16,15,4,13,,2,29,8.84,3.86,1.41,22.3%,9.7%
283,Kendry Rojas,MIN,2,2,4.16,42,0,0,1,,42.0,183,41,21,19,5,16,,2,38,8.20,3.48,1.36,20.9%,8.8%
284,Daniel Lynch IV,KCR,3,3,4.30,59,0,0,11,,59.0,255,61,31,28,8,19,,2,46,7.01,2.91,1.36,18.0%,7.5%
285,Ben Casparius,LAD,3,3,4.62,55,0,0,13,,55.0,238,53,30,28,8,21,,3,52,8.53,3.43,1.34,21.9%,8.8%
286,Colton Gordon,HOU,2,2,4.16,40,0,0,1,,40.0,169,40,20,18,6,11,,2,35,7.94,2.44,1.26,20.8%,6.4%
287,Spencer Miles,TOR,1,1,4.20,21,0,0,0,,21.0,94,20,11,10,3,8,,0,21,9.00,3.60,1.33,22.4%,9.0%
288,DL Hall,MIL,3,2,4.03,52,0,0,6,,52.0,225,47,25,23,6,23,,2,52,9.00,4.05,1.35,23.1%,10.4%
289,Andrew Morris,MIN,1,1,4.02,16,0,0,1,,16.0,68,16,8,7,2,4,,1,13,7.49,2.43,1.28,19.6%,6.4%
290,Jacob Webb,CHC,3,3,4.26,54,0,0,11,,54.0,229,48,27,26,8,21,,3,51,8.54,3.52,1.29,22.4%,9.2%
291,Mason Fluharty,TOR,2,2,3.93,42,0,0,1,,42.0,180,37,20,18,5,17,,2,44,9.42,3.72,1.29,24.4%,9.7%
292,Paxton Schultz,WSN,2,3,4.37,46,0,0,1,,46.0,200,45,24,22,6,17,,1,41,8.11,3.41,1.37,20.7%,8.7%
293,Dylan Ross,NYM,1,1,3.96,36,0,0,1,,36.0,155,31,17,16,4,17,,1,38,9.48,4.33,1.35,24.5%,11.2%
294,Jose Suarez,ATL,1,1,3.94,22,0,0,1,,22.0,94,21,10,10,3,7,,1,21,8.71,2.95,1.29,22.7%,7.7%
295,Austin Warren,NYM,3,3,4.28,46,0,0,1,,46.0,198,44,24,22,6,17,,3,42,8.15,3.35,1.32,21.1%,8.7%
296,Jose Fermin,LAA,3,4,4.37,52,0,0,6,,52.0,223,46,27,25,7,24,,2,54,9.31,4.24,1.36,24.1%,11.0%
297,Michel Otanez,TEX,1,1,4.05,22,0,0,1,,22.0,96,18,11,10,2,12,,2,27,10.85,4.91,1.36,27.5%,12.5%
298,Tyler Ferguson,ATH,2,2,4.31,42,0,0,1,,42.0,183,38,22,20,5,20,,3,41,8.81,4.38,1.39,22.5%,11.2%
299,Danny Young,ATL,1,1,3.96,20,0,0,1,,20.0,88,18,9,9,2,9,,3,21,9.60,3.92,1.32,24.3%,10.0%
300,Craig Yoho,MIL,3,2,4.01,42,0,0,1,,42.0,180,36,20,19,5,19,,3,44,9.33,4.06,1.32,24.1%,10.5%
301,Colin Holderman,CLE,2,2,4.02,42,0,0,1,,42.0,182,39,20,19,5,18,,3,41,8.69,3.81,1.35,22.2%,9.7%
302,Nick Sandlin,LAA,2,3,4.39,40,0,0,1,,40.0,170,35,21,19,6,18,,2,41,9.18,4.08,1.34,24.0%,10.7%
303,Carlos Hernandez,CLE,1,1,4.24,18,0,0,1,,18.0,78,17,9,8,2,8,,1,18,8.84,3.92,1.36,22.7%,10.1%
304,Franco Aleman,CLE,2,1,3.99,22,0,0,1,,22.0,95,20,10,10,3,10,,1,24,9.65,3.93,1.33,24.7%,10.1%
305,Yariel Rodriguez,TOR,2,2,4.08,36,0,0,1,,36.0,154,32,18,16,5,16,,2,36,9.00,4.03,1.33,23.4%,10.5%
306,Edgardo Henriquez,LAD,2,2,4.41,40,0,0,1,,40.0,175,36,21,20,5,19,,3,42,9.48,4.33,1.37,24.0%,11.0%
307,Drew Sommers,DET,1,1,3.93,21,0,0,1,,21.0,92,21,10,9,2,8,,1,18,7.57,3.38,1.36,19.3%,8.6%
308,Sammy Peralta,MIL,1,1,4.07,10,0,0,1,,10.0,42,10,5,5,1,3,,0,9,7.74,2.78,1.27,20.2%,7.3%
309,Kyle Nicolas,PIT,2,2,4.11,42,0,0,1,,42.0,184,39,21,19,5,20,,2,41,8.89,4.34,1.40,22.6%,11.0%
310,Cody Laweryson,MIN,1,1,4.40,26,0,0,1,,26.0,112,26,14,13,4,9,,1,22,7.69,3.07,1.35,19.8%,7.9%
311,Bryce Montes de Oca,WSN,0,1,4.04,10,0,0,1,,10.0,44,8,5,4,1,6,,1,11,10.35,5.15,1.41,25.9%,12.9%
312,Yuki Matsui,SDP,2,2,4.11,52,0,0,7,,52.0,223,46,25,24,7,24,,1,53,9.26,4.15,1.35,24.0%,10.8%
313,Philip Abner,ARI,1,1,4.07,14,0,0,1,,14.0,61,14,7,6,2,6,,1,13,8.29,3.61,1.37,21.1%,9.2%
314,Hayden Harris,ATL,2,2,4.05,42,0,0,1,,42.0,180,37,21,19,5,18,,3,46,9.77,3.82,1.31,25.3%,9.9%
315,Jesse Scholtens,TBR,1,2,4.22,34,0,0,1,,34.0,145,34,17,16,5,10,,1,30,7.86,2.75,1.30,20.4%,7.1%
316,Ryan Borucki,CHW,1,1,4.03,18,0,0,1,,18.0,78,16,9,8,2,8,,1,17,8.75,3.93,1.35,22.4%,10.1%
317,Adbert Alzolay,NYM,2,3,4.08,42,0,0,1,,42.0,177,39,20,19,6,13,,3,39,8.40,2.86,1.25,22.1%,7.5%
318,Derek Law,ARI,1,1,4.13,24,0,0,1,,24.0,103,24,12,11,3,9,,1,20,7.53,3.22,1.36,19.4%,8.3%
319,Griff McGarry,WSN,3,3,4.37,55,0,0,10,,55.0,245,48,29,27,6,32,,3,61,9.94,5.30,1.46,24.8%,13.2%
320,AJ Smith-Shawver,ATL,0,0,3.85,8,0,0,1,,8.0,34,7,4,3,1,3,,0,9,10.07,3.45,1.28,26.2%,9.0%
321,Tristan Beck,SFG,1,1,4.07,34,0,0,1,,34.0,145,33,17,15,4,11,,2,29,7.65,2.83,1.29,19.9%,7.4%
322,Kyle Wright,CHC,1,1,4.09,14,0,0,1,,14.0,60,13,7,6,2,5,,1,12,7.89,3.07,1.29,20.5%,8.0%
323,Lake Bachar,MIA,3,3,4.23,48,0,0,4,,48.0,206,44,24,23,7,20,,2,48,8.92,3.72,1.34,23.1%,9.6%
324,Zach McCambley,PHI,2,2,4.47,48,0,0,4,,48.0,210,45,26,24,6,22,,3,46,8.64,4.07,1.39,21.9%,10.3%
325,Ethan Roberts,CHC,2,2,4.28,42,0,0,1,,42.0,183,39,22,20,6,17,,3,42,8.90,3.68,1.34,22.7%,9.4%
326,Mitch Spence,KCR,1,1,4.32,16,0,0,1,,16.0,69,17,8,8,2,4,,1,13,7.23,2.52,1.32,18.7%,6.5%
327,Taylor Clarke,ARI,2,2,4.20,56,0,0,10,,56.0,238,57,28,26,8,16,,2,45,7.30,2.54,1.31,19.1%,6.6%
328,Easton McGee,MIL,1,1,4.13,30,0,0,1,,30.0,128,29,15,14,4,9,,2,24,7.35,2.72,1.28,19.2%,7.1%
329,Nick Raquet,STL,3,3,4.17,38,0,0,1,,38.0,165,38,19,18,5,13,,2,30,7.10,3.12,1.35,18.2%,8.0%
330,Shane Drohan,MIL,2,2,4.20,34,0,0,1,,34.0,147,32,17,16,4,14,,1,32,8.56,3.78,1.35,22.1%,9.7%
331,Jedixson Paez,CHW,2,2,4.41,38,0,0,1,,38.0,163,40,20,19,5,11,,2,29,6.92,2.59,1.33,17.9%,6.7%
332,Alex Carrillo,NYM,1,1,4.30,20,0,0,1,,20.0,87,18,10,10,3,9,,1,21,9.38,4.17,1.36,23.9%,10.7%
333,Zak Kent,STL,0,0,4.19,8,0,0,1,,8.0,35,7,4,4,1,3,,0,8,8.51,3.92,1.36,21.7%,10.0%
334,Hunter Stratton,ATL,2,1,4.25,30,0,0,1,,30.0,129,29,15,14,4,11,,2,28,8.28,3.18,1.33,21.4%,8.2%
335,JT Brubaker,SFG,2,3,4.21,54,0,0,7,,54.0,236,55,28,25,6,19,,3,46,7.59,3.18,1.37,19.3%,8.1%
336,Brendan Beck,NYY,1,1,4.20,12,0,0,1,,12.0,51,12,6,6,2,3,,0,10,7.52,2.44,1.25,19.8%,6.4%
337,Connor Brogdon,CLE,3,3,4.26,52,0,0,7,,52.0,225,49,26,25,8,21,,2,52,9.07,3.61,1.35,23.3%,9.3%
338,Chris Murphy,CHW,2,2,4.32,42,0,0,1,,42.0,184,40,22,20,5,20,,3,38,8.09,4.26,1.42,20.5%,10.8%
339,Tyler Gilbert,CHW,1,2,4.54,26,0,0,1,,26.0,113,26,14,13,4,10,,1,23,7.93,3.43,1.37,20.3%,8.8%
340,Ron Marinaccio,SDP,2,2,4.26,44,0,0,1,,44.0,190,39,22,21,6,20,,4,43,8.75,4.04,1.34,22.5%,10.4%
341,Cam Booser,TBR,0,1,4.21,8,0,0,1,,8.0,35,7,4,4,1,4,,0,9,9.63,3.99,1.37,24.7%,10.2%
342,Elmer Rodriguez,NYY,0,0,4.08,6,0,0,1,,6.0,26,6,3,3,1,2,,0,5,8.20,3.55,1.33,21.3%,9.2%
343,K.C. Hunt,MIL,0,0,4.20,6,0,0,1,,6.0,25,6,3,3,1,2,,0,5,8.16,2.91,1.28,21.4%,7.6%
344,Garrett Hawkins,SDP,2,2,4.20,26,0,0,1,,26.0,112,24,13,12,4,11,,1,27,9.19,3.70,1.33,23.7%,9.5%
345,Hector Neris,KCR,1,2,4.45,22,0,0,1,,22.0,95,20,12,11,3,10,,1,23,9.29,4.22,1.38,23.8%,10.8%
346,Chen Zhong-Ao Zhuang,ATH,0,0,4.35,8,0,0,1,,8.0,34,8,4,4,1,2,,0,6,7.28,2.16,1.26,19.2%,5.7%
347,Yosver Zulueta,SEA,1,1,3.88,24,0,0,1,,24.0,104,21,11,10,2,11,,2,25,9.36,4.28,1.34,24.0%,11.0%
348,Jhony Brito,SDP,1,1,4.18,16,0,0,1,,16.0,69,16,8,7,2,5,,1,13,7.35,3.01,1.33,19.0%,7.8%
349,Kyle Backhus,PHI,1,1,4.31,16,0,0,1,,16.0,69,15,8,8,2,6,,1,15,8.61,3.64,1.34,22.0%,9.3%
350,Duncan Davitt,CHW,1,1,4.49,21,0,0,1,,21.0,90,21,11,10,3,6,,1,17,7.17,2.67,1.31,18.6%,6.9%
351,Josh Staumont,CIN,1,1,4.79,12,0,0,1,,12.0,54,11,7,6,1,7,,1,12,8.72,4.93,1.49,21.7%,12.3%
352,Andre Granillo,WSN,2,3,4.44,42,0,0,1,,42.0,182,39,22,21,6,19,,1,40,8.56,4.07,1.39,22.0%,10.5%
353,Bobby Miller,LAD,1,1,4.56,26,0,0,1,,26.0,113,25,14,13,4,11,,1,25,8.68,3.78,1.37,22.3%,9.7%
354,Matt Bowman,MIN,1,1,4.51,10,0,0,1,,10.0,44,10,5,5,1,3,,1,8,7.27,3.14,1.38,18.5%,8.0%
355,Bryan Hoeing,SDP,1,1,4.18,18,0,0,1,,18.0,77,18,9,8,2,6,,1,14,7.17,2.90,1.32,18.7%,7.6%
356,John Brebbia,COL,1,1,4.95,12,0,0,1,,12.0,53,13,7,7,2,4,,1,11,8.58,3.31,1.43,21.6%,8.3%
357,Lou Trivino,PHI,1,1,4.59,24,0,0,1,,24.0,106,24,13,12,3,10,,1,21,8.06,3.84,1.42,20.3%,9.6%
358,Ryan Lambert,NYM,0,1,4.24,12,0,0,1,,12.0,52,10,6,6,2,6,,1,13,9.94,4.57,1.36,25.3%,11.6%
359,Jose Espada,BAL,1,1,4.55,11,0,0,1,,11.0,48,10,6,6,2,5,,0,11,8.81,4.26,1.42,22.4%,10.8%
360,Henry Baez,ATH,0,0,4.29,10,0,0,1,,10.0,43,10,5,5,1,4,,1,8,6.83,3.17,1.37,17.5%,8.1%
361,Tyler Samaniego,BOS,2,2,4.31,34,0,0,1,,34.0,149,34,17,16,4,14,,2,28,7.50,3.66,1.41,19.0%,9.3%
362,Nick Burdi,NYM,0,0,4.12,8,0,0,1,,8.0,35,7,4,4,1,4,,1,9,9.76,4.47,1.35,24.9%,11.4%
363,Osvaldo Bido,NYY,1,1,4.44,16,0,0,1,,16.0,70,15,8,8,2,6,,1,15,8.39,3.47,1.33,21.5%,8.9%
364,Will Klein,LAD,3,3,4.43,52,0,0,8,,52.0,231,46,27,26,6,30,,3,55,9.57,5.23,1.46,23.9%,13.1%
365,Jhancarlos Lara,ATL,1,1,4.11,10,0,0,1,,10.0,45,9,5,5,1,6,,1,11,10.07,5.21,1.45,25.1%,13.0%
366,Michael Kopech,,3,2,4.37,42,0,0,0,,42.0,181,36,22,20,6,22,,2,46,9.82,4.80,1.38,25.3%,12.3%
367,Trevor Stephan,CLE,1,1,4.18,16,0,0,1,,16.0,69,15,8,7,2,6,,1,15,8.54,3.36,1.33,22.0%,8.7%
368,Evan Reifert,TBR,1,1,4.25,12,0,0,1,,12.0,53,10,6,6,1,6,,1,13,9.92,4.80,1.39,25.1%,12.1%
369,Jose Corniell,TEX,1,1,4.37,10,0,0,1,,10.0,43,9,5,5,1,3,,1,9,8.51,3.04,1.27,22.2%,7.9%
370,Luinder Avila,KCR,2,2,4.27,42,0,0,1,,42.0,183,40,22,20,5,18,,3,37,7.92,3.75,1.38,20.2%,9.6%
371,Angel Bastardo,TOR,1,1,4.19,20,0,0,1,,20.0,87,19,10,9,3,9,,1,19,8.44,3.83,1.37,21.5%,9.8%
372,A.J. Causey,ATH,1,1,4.45,13,0,0,1,,13.0,56,13,7,6,2,5,,1,11,7.47,3.43,1.36,19.1%,8.8%
373,Zack Thompson,STL,1,1,4.15,12,0,0,1,,12.0,52,11,6,6,1,6,,1,12,8.84,4.16,1.39,22.5%,10.6%
374,Collin Snider,CHC,0,1,4.43,10,0,0,1,,10.0,43,10,5,5,1,4,,1,8,7.31,3.18,1.35,18.7%,8.2%
375,Kolby Allard,CLE,1,1,4.23,14,0,0,1,,14.0,60,15,7,7,2,4,,0,11,6.96,2.69,1.34,18.0%,7.0%
376,Jake Bennett,BOS,1,1,4.44,12,0,0,1,,12.0,52,13,6,6,2,4,,0,9,6.67,3.00,1.39,17.1%,7.7%
377,Tucker Davidson,PHI,0,0,4.51,8,0,0,1,,8.0,35,8,4,4,1,3,,0,6,7.31,3.33,1.39,18.7%,8.5%
378,Scott Effross,DET,1,1,4.42,13,0,0,1,,13.0,56,14,7,6,2,4,,0,9,6.02,2.83,1.38,15.5%,7.3%
379,Kervin Castro,NYY,1,1,4.44,18,0,0,1,,18.0,79,17,10,9,2,8,,1,17,8.42,4.21,1.39,21.4%,10.7%
380,David Sandlin,CHW,1,1,4.46,15,0,0,1,,15.0,65,15,8,7,2,5,,0,12,7.50,3.07,1.36,19.3%,7.9%
381,Hunter Bigge,TBR,2,2,4.22,46,0,0,4,,46.0,201,42,23,22,6,21,,2,47,9.11,4.17,1.38,23.2%,10.6%
382,Austin Voth,CHW,0,0,4.51,8,0,0,1,,8.0,34,8,4,4,1,2,,0,6,7.28,2.57,1.33,18.8%,6.6%
383,Chris Roycroft,STL,2,2,4.29,40,0,0,1,,40.0,177,40,21,19,4,18,,2,32,7.18,4.07,1.45,18.0%,10.2%
384,Tate Kuehner,MIL,1,1,4.25,14,0,0,1,,14.0,62,13,7,7,2,7,,1,13,8.39,4.36,1.42,21.1%,11.0%
385,Dom Hamel,NYY,0,0,4.52,8,0,0,1,,8.0,35,8,4,4,1,3,,0,7,8.11,3.39,1.33,20.8%,8.7%
386,Ken Waldichuk,WSN,1,1,4.47,11,0,0,1,,11.0,48,10,6,5,1,5,,1,11,8.70,4.06,1.39,22.1%,10.3%
387,Jeff Criswell,COL,1,1,4.76,14,0,0,1,,14.0,62,15,8,7,2,6,,0,13,8.24,3.69,1.45,20.8%,9.3%
388,Tyson Neighbors,BAL,1,1,4.45,15,0,0,1,,15.0,65,14,8,7,2,6,,1,15,8.90,3.75,1.34,22.9%,9.6%
389,Carson Seymour,SFG,1,1,3.98,20,0,0,1,,20.0,86,20,10,9,2,7,,1,17,7.54,3.12,1.34,19.4%,8.0%
390,Casey Legumina,SEA,4,4,4.10,54,0,0,7,,54.0,232,50,26,25,7,21,,3,52,8.61,3.54,1.32,22.3%,9.1%
391,Dylan Smith,DET,1,2,4.33,28,0,0,1,,28.0,122,27,15,13,3,11,,1,24,7.73,3.64,1.38,19.7%,9.3%
392,Matt Seelinger,DET,0,0,4.51,6,0,0,1,,6.0,26,6,3,3,1,3,,0,5,8.18,3.76,1.40,20.9%,9.6%
393,Lyon Richardson,CIN,1,1,4.58,18,0,0,1,,18.0,79,17,10,9,2,8,,1,16,7.97,4.22,1.44,20.1%,10.7%
394,Dax Fulton,MIA,1,1,4.36,14,0,0,1,,14.0,62,14,7,7,2,7,,1,12,7.67,4.19,1.45,19.2%,10.5%
395,J.P. France,HOU,1,1,4.27,12,0,0,1,,12.0,52,12,6,6,2,5,,0,11,8.03,3.51,1.37,20.6%,9.0%
396,Jake Eder,WSN,1,1,4.61,12,0,0,1,,12.0,53,12,7,6,2,5,,1,10,7.20,3.45,1.39,18.3%,8.8%
397,Beau Brieske,DET,2,3,4.55,50,0,0,4,,50.0,217,48,27,25,7,21,,1,43,7.80,3.85,1.39,20.0%,9.9%
398,Chris Devenski,PIT,1,1,4.43,16,0,0,1,,16.0,69,16,9,8,2,5,,0,13,7.37,2.85,1.34,19.1%,7.4%
399,Tom Cosgrove,HOU,1,1,4.54,13,0,0,1,,13.0,57,12,7,7,2,6,,1,12,8.11,4.19,1.39,20.6%,10.7%
400,Cionel Perez,WSN,1,1,4.27,32,0,0,1,,32.0,142,30,17,15,3,17,,2,28,7.80,4.76,1.48,19.6%,11.9%
