#,Name,Team,G,AB,PA,H,1B,2B,3B,HR,R,RBI,BB,IBB,SO,HBP,SF,SH,SB,CS,NSB,AVG,OBP,SLG,OPS,BABIP,K%,BB%
1,Aaron Judge,NYY,141,500,624,144,76,25,1,42,107,115,113,23,153,6,5,0,8,2,6,0.288,0.421,0.594,1.015,0.329,24.50%,18.10%
2,Shohei Ohtani,LAD,152,592,696,171,84,30,5,52,138,138,95,16,166,5,4,0,29,5,24,0.289,0.389,0.62,1.009,0.315,23.90%,13.60%
3,Cal Raleigh,SEA,152,538,621,124,61,22,0,41,82,108,75,10,168,5,3,0,7,2,5,0.23,0.329,0.5,0.829,0.25,27.10%,12.10%
4,Bobby Witt Jr.,KCR,152,598,658,169,99,34,9,27,98,93,46,6,117,7,7,0,32,9,23,0.283,0.337,0.505,0.842,0.308,17.80%,7.00%
5,Juan Soto,NYM,152,538,670,146,85,23,1,37,109,103,124,9,116,3,4,1,23,3,20,0.271,0.408,0.524,0.932,0.28,17.30%,18.50%
6,Francisco Lindor,NYM,151,596,672,157,99,30,1,27,102,90,58,2,121,12,6,0,23,4,19,0.263,0.338,0.453,0.791,0.286,18.00%,8.60%
7,Gunnar Henderson,BAL,152,574,651,156,91,32,5,28,99,90,67,3,141,6,4,0,21,4,17,0.272,0.352,0.491,0.843,0.313,21.70%,10.30%
8,Julio Rodriguez,SEA,152,609,666,162,102,29,2,29,94,98,46,5,148,9,2,0,27,6,21,0.266,0.326,0.463,0.789,0.306,22.20%,6.90%
9,William Contreras,MIL,152,566,648,153,101,31,1,20,87,82,75,4,124,3,4,0,6,2,4,0.27,0.356,0.435,0.791,0.312,19.10%,11.60%
10,Fernando Tatis Jr.,SDP,147,562,644,149,93,28,2,26,101,80,74,4,126,6,2,0,25,5,20,0.265,0.356,0.461,0.816,0.299,19.60%,11.50%
11,Corbin Carroll,ARI,152,574,661,147,80,27,13,27,112,92,70,3,140,10,5,2,35,6,29,0.256,0.344,0.49,0.834,0.291,21.20%,10.60%
12,Jose Ramirez,CLE,148,564,637,153,93,31,3,26,91,88,63,19,73,4,6,0,28,6,22,0.271,0.345,0.475,0.821,0.27,11.50%,9.90%
13,Pete Crow-Armstrong,CHC,152,560,614,143,84,28,6,25,91,91,33,1,151,9,6,6,32,8,24,0.255,0.304,0.461,0.765,0.303,24.60%,5.40%
14,Adley Rutschman,BAL,133,489,559,124,76,28,1,19,65,66,62,2,89,3,5,0,1,0,1,0.254,0.338,0.431,0.77,0.272,15.90%,11.10%
15,Kyle Tucker,LAD,136,496,579,133,75,25,2,31,87,96,78,5,82,2,2,1,21,3,18,0.268,0.369,0.514,0.883,0.265,14.20%,13.50%
16,Alejandro Kirk,TOR,126,418,476,113,82,17,0,14,43,62,48,2,56,4,6,0,1,0,1,0.27,0.347,0.411,0.758,0.28,11.80%,10.10%
17,Mookie Betts,LAD,137,532,613,146,91,30,2,23,91,87,71,3,72,4,6,0,9,2,7,0.274,0.361,0.468,0.829,0.278,11.70%,11.60%
18,Ronald Acuna Jr.,ATL,119,444,529,127,78,21,1,27,101,71,78,3,110,6,1,0,24,5,19,0.286,0.399,0.52,0.919,0.325,20.80%,14.70%
19,Vladimir Guerrero Jr.,TOR,152,578,663,168,104,32,0,32,93,102,75,9,89,6,4,0,5,2,3,0.291,0.376,0.512,0.888,0.295,13.40%,11.30%
20,Trea Turner,PHI,135,555,603,158,109,28,3,18,87,73,40,1,112,5,3,0,26,4,22,0.285,0.337,0.443,0.78,0.327,18.60%,6.60%
21,Elly De La Cruz,CIN,152,589,656,154,94,30,7,23,100,87,62,6,174,3,1,1,40,10,30,0.261,0.334,0.453,0.788,0.333,26.50%,9.50%
22,Willy Adames,SFG,152,572,650,137,83,27,1,26,85,85,68,2,157,4,6,0,11,3,8,0.24,0.322,0.427,0.748,0.281,24.20%,10.50%
23,Junior Caminero,TBR,151,585,637,158,95,27,0,36,83,115,44,1,119,3,5,0,6,1,5,0.27,0.322,0.501,0.823,0.28,18.70%,6.90%
24,Wyatt Langford,TEX,142,522,599,135,82,28,2,23,83,75,68,3,135,5,4,0,21,5,16,0.259,0.347,0.452,0.799,0.304,22.50%,11.40%
25,Bo Bichette,NYM,137,555,598,163,114,31,1,17,73,80,37,1,97,3,3,0,5,4,1,0.294,0.339,0.445,0.785,0.329,16.20%,6.20%
26,Ketel Marte,ARI,132,490,563,131,78,26,3,24,81,78,62,5,91,6,5,0,5,1,4,0.267,0.353,0.48,0.833,0.282,16.20%,11.00%
27,Geraldo Perdomo,ARI,152,504,603,132,90,25,4,13,86,68,74,1,76,8,7,10,20,5,15,0.262,0.361,0.405,0.766,0.282,12.60%,12.30%
28,Matt Chapman,SFG,133,473,547,116,66,26,1,23,79,66,64,1,134,7,3,0,7,2,5,0.245,0.342,0.45,0.792,0.292,24.50%,11.70%
29,Pete Alonso,BAL,152,584,663,160,84,37,1,38,84,113,57,6,145,14,8,0,1,1,0,0.274,0.348,0.536,0.884,0.298,21.90%,8.60%
30,Zach Neto,LAA,143,528,592,136,79,31,1,25,85,82,41,4,142,18,3,2,23,8,15,0.258,0.331,0.462,0.793,0.305,24.00%,6.90%
31,Corey Seager,TEX,113,430,493,112,69,22,0,21,64,63,56,9,90,4,3,0,2,0,2,0.26,0.349,0.458,0.807,0.283,18.30%,11.40%
32,Drake Baldwin,ATL,123,434,485,115,70,23,1,21,56,71,45,1,92,5,1,0,0,0,0,0.265,0.34,0.468,0.808,0.292,19.00%,9.30%
33,Nico Hoerner,CHC,151,580,634,161,121,28,3,9,82,62,40,1,57,10,4,0,26,6,20,0.278,0.333,0.383,0.716,0.293,9.00%,6.30%
34,Roman Anthony,BOS,134,501,588,134,85,28,3,18,88,71,78,1,143,5,4,0,8,4,4,0.267,0.369,0.443,0.812,0.337,24.30%,13.30%
35,Michael Harris II,ATL,152,574,609,158,103,29,4,22,74,80,24,1,118,5,4,2,19,5,14,0.275,0.308,0.455,0.763,0.311,19.40%,3.90%
36,Will Smith,LAD,117,413,487,106,66,20,1,19,67,66,58,3,94,9,7,0,2,1,1,0.257,0.355,0.448,0.803,0.283,19.30%,11.90%
37,Dansby Swanson,CHC,146,543,601,131,86,24,2,19,78,71,52,1,155,3,3,0,14,3,11,0.241,0.309,0.398,0.707,0.301,25.80%,8.70%
38,Jackson Merrill,SDP,136,500,547,135,86,24,5,20,71,75,36,2,104,3,5,3,6,3,3,0.27,0.32,0.458,0.778,0.302,19.00%,6.60%
39,Riley Greene,DET,147,557,619,149,88,29,3,29,83,98,54,2,168,4,4,0,3,2,1,0.268,0.334,0.487,0.821,0.33,27.10%,8.70%
40,Freddie Freeman,LAD,136,520,597,150,89,37,2,22,82,82,64,8,110,8,5,0,8,2,6,0.288,0.372,0.494,0.866,0.326,18.40%,10.70%
41,James Wood,WSN,152,571,656,150,87,34,3,26,88,93,79,5,194,3,3,0,15,6,9,0.263,0.354,0.469,0.823,0.35,29.60%,12.00%
42,Patrick Bailey,SFG,121,387,430,89,62,16,2,9,45,46,34,0,112,2,5,2,2,0,2,0.23,0.292,0.351,0.643,0.295,26.00%,7.90%
43,Jeremy Pena,HOU,141,543,593,146,102,26,2,16,73,66,34,1,107,11,3,2,16,4,12,0.269,0.323,0.413,0.736,0.307,18.00%,5.70%
44,Jarren Duran,BOS,150,580,643,150,85,39,9,17,86,75,51,1,148,8,3,1,23,5,18,0.259,0.326,0.445,0.77,0.318,23.00%,7.90%
45,Konnor Griffin,PIT,128,532,591,139,97,25,3,14,101,76,35,1,152,19,3,2,32,10,22,0.261,0.328,0.398,0.726,0.339,25.70%,5.90%
46,Byron Buxton,MIN,116,424,473,106,56,22,4,24,75,67,37,3,130,8,4,0,14,0,14,0.25,0.319,0.491,0.81,0.299,27.50%,7.80%
47,Ceddanne Rafaela,BOS,148,542,582,143,91,31,4,17,83,75,27,0,122,8,3,2,20,7,13,0.264,0.307,0.43,0.737,0.31,21.00%,4.60%
48,Steven Kwan,CLE,149,580,648,163,126,24,3,10,84,61,57,1,57,5,3,3,18,5,13,0.281,0.349,0.384,0.733,0.297,8.80%,8.80%
49,Brent Rooker,ATH,152,563,634,155,87,32,2,34,84,110,61,3,157,6,4,0,6,1,5,0.275,0.35,0.52,0.871,0.322,24.80%,9.60%
50,Cody Bellinger,NYY,141,542,605,143,94,25,2,22,84,90,50,3,86,3,10,0,12,3,9,0.264,0.324,0.439,0.763,0.273,14.20%,8.30%
51,Manny Machado,SDP,145,558,616,144,94,27,0,23,76,84,52,4,122,2,4,0,9,2,7,0.258,0.321,0.43,0.752,0.29,19.80%,8.40%
52,Shea Langeliers,ATH,136,495,543,127,70,27,1,29,70,93,40,1,120,4,4,0,5,1,4,0.257,0.315,0.491,0.806,0.28,22.10%,7.40%
53,Jordan Westburg,BAL,112,430,466,112,65,24,2,21,69,66,29,0,107,6,1,0,4,2,2,0.26,0.315,0.472,0.788,0.3,23.00%,6.20%
54,Michael Busch,CHC,146,513,586,132,74,27,3,28,82,87,62,2,142,8,3,0,3,0,3,0.257,0.345,0.485,0.83,0.301,24.20%,10.60%
55,Maikel Garcia,KCR,152,571,635,150,104,30,5,11,82,67,54,0,98,1,6,3,25,7,18,0.263,0.324,0.391,0.715,0.297,15.40%,8.50%
56,Yordan Alvarez,HOU,112,401,473,116,68,23,1,24,64,72,60,9,83,6,6,0,2,1,1,0.289,0.385,0.531,0.916,0.307,17.50%,12.70%
57,Gabriel Moreno,ARI,100,327,367,91,65,16,1,9,44,45,34,2,62,3,3,0,3,2,1,0.278,0.349,0.416,0.765,0.317,16.90%,9.30%
58,Matt Olson,ATL,152,575,661,144,80,33,1,30,86,91,77,4,159,5,4,0,1,0,1,0.25,0.342,0.468,0.81,0.292,24.10%,11.60%
59,Austin Riley,ATL,124,488,539,128,75,26,2,25,72,72,40,1,138,7,4,0,2,1,1,0.262,0.325,0.477,0.802,0.313,25.60%,7.40%
60,Andy Pages,LAD,147,535,589,138,82,29,2,25,73,84,37,0,129,10,6,1,9,4,5,0.258,0.315,0.46,0.774,0.292,21.90%,6.30%
61,Jackson Chourio,MIL,150,585,630,160,95,39,4,22,91,94,36,2,128,3,5,1,23,7,16,0.274,0.316,0.467,0.783,0.314,20.30%,5.70%
62,Ian Happ,CHC,149,548,638,134,78,33,1,22,82,79,81,2,151,5,4,0,8,2,6,0.245,0.345,0.429,0.774,0.296,23.70%,12.70%
63,Gleyber Torres,DET,148,548,631,143,99,25,1,18,79,72,72,1,108,4,6,1,6,3,3,0.261,0.348,0.409,0.756,0.292,17.10%,11.40%
64,Masyn Winn,STL,139,545,597,136,95,27,2,12,79,61,41,0,110,5,4,2,12,4,8,0.25,0.306,0.372,0.678,0.29,18.40%,6.90%
65,Seiya Suzuki,CHC,142,525,601,136,79,27,4,26,74,86,67,2,150,3,6,0,7,3,4,0.259,0.343,0.474,0.817,0.31,25.00%,11.10%
66,Dillon Dingler,DET,110,393,432,96,61,20,2,13,48,61,29,1,110,8,2,0,1,1,0,0.244,0.308,0.405,0.712,0.305,25.50%,6.70%
67,Bryce Harper,PHI,127,478,551,131,76,31,0,24,73,78,65,7,119,4,4,0,10,3,7,0.274,0.363,0.49,0.853,0.316,21.60%,11.80%
68,Carter Jensen,KCR,138,521,585,126,82,22,5,17,68,69,57,1,159,2,4,1,7,1,6,0.242,0.317,0.401,0.718,0.312,27.20%,9.70%
69,Alex Freeland,LAD,134,514,591,119,73,26,1,19,77,71,65,1,159,8,3,1,14,4,10,0.232,0.325,0.397,0.722,0.295,26.90%,11.00%
70,Marcus Semien,NYM,131,521,581,127,87,21,2,17,80,69,52,1,93,4,4,0,9,2,7,0.244,0.315,0.39,0.705,0.265,16.00%,9.00%
71,Nick Kurtz,ATH,136,508,581,134,73,29,1,31,91,103,67,3,160,3,3,0,2,1,1,0.264,0.351,0.508,0.859,0.322,27.50%,11.50%
72,Trent Grisham,NYY,145,450,531,97,56,16,1,24,71,68,72,0,131,5,2,2,6,2,4,0.216,0.329,0.416,0.744,0.246,24.70%,13.60%
73,Isaac Paredes,HOU,134,461,539,110,68,20,1,21,60,73,62,0,91,13,3,0,0,1,-1,0.239,0.343,0.423,0.766,0.253,16.90%,11.50%
74,Andres Gimenez,TOR,133,466,520,116,83,19,2,12,60,60,30,2,90,17,4,3,19,3,16,0.249,0.315,0.376,0.691,0.283,17.30%,5.80%
75,Alex Bregman,CHC,131,491,568,118,75,24,1,18,71,70,65,2,83,8,4,0,2,1,1,0.24,0.336,0.403,0.74,0.254,14.60%,11.40%
76,Kazuma Okamoto,TOR,118,434,495,109,63,23,0,23,58,82,50,6,93,8,3,0,1,1,0,0.251,0.337,0.463,0.801,0.268,18.80%,10.10%
77,Yainer Diaz,HOU,143,541,573,147,100,25,2,20,64,75,24,1,100,3,5,0,1,0,1,0.272,0.304,0.436,0.74,0.298,17.50%,4.20%
78,Brice Turang,MIL,152,551,614,142,103,24,2,13,79,67,55,1,126,1,4,3,27,6,21,0.258,0.324,0.379,0.703,0.31,20.50%,9.00%
79,Rafael Devers,SFG,152,572,666,147,84,32,1,30,91,94,84,11,156,6,4,0,2,1,1,0.257,0.356,0.474,0.83,0.3,23.40%,12.60%
80,Josh Naylor,SEA,144,529,587,144,92,31,0,21,67,91,48,6,82,4,6,0,18,2,16,0.272,0.334,0.45,0.784,0.285,14.00%,8.20%
81,Oneil Cruz,PIT,137,493,561,117,67,23,4,23,73,70,60,4,170,4,4,0,31,5,26,0.237,0.323,0.44,0.763,0.309,30.30%,10.70%
82,Carlos Correa,HOU,127,478,530,123,84,22,1,16,59,58,46,2,112,3,3,0,0,0,0,0.257,0.325,0.408,0.732,0.303,21.10%,8.70%
83,JJ Wetherholt,STL,117,461,523,117,86,20,1,10,66,62,50,1,84,10,2,0,12,2,10,0.254,0.338,0.367,0.705,0.29,16.10%,9.60%
84,Bryson Stott,PHI,147,505,566,131,94,22,3,12,68,62,50,1,95,3,6,2,23,4,19,0.259,0.326,0.386,0.712,0.295,16.80%,8.80%
85,Kyle Schwarber,PHI,150,560,666,125,61,20,1,43,97,109,96,5,194,7,3,0,7,2,5,0.223,0.342,0.493,0.835,0.252,29.10%,14.40%
86,Xander Bogaerts,SDP,130,479,536,124,90,23,1,10,60,52,46,2,96,5,6,0,15,2,13,0.259,0.326,0.374,0.7,0.301,17.90%,8.60%
87,CJ Abrams,WSN,151,579,635,147,93,30,5,19,90,73,36,2,120,15,4,1,31,6,25,0.254,0.312,0.421,0.734,0.288,18.90%,5.70%
88,Sean Murphy,ATL,96,321,367,72,40,15,0,17,41,47,35,1,99,9,2,0,0,0,0,0.224,0.316,0.43,0.746,0.266,27.00%,9.50%
89,Daulton Varsho,TOR,119,410,453,93,49,17,3,24,64,71,34,1,115,4,4,1,7,3,4,0.227,0.29,0.459,0.748,0.251,25.40%,7.50%
90,Moises Ballesteros,CHC,142,530,586,139,100,23,2,14,60,72,47,3,100,4,5,0,2,2,0,0.262,0.324,0.392,0.717,0.297,17.10%,8.00%
91,Ezequiel Tovar,COL,133,516,556,139,86,32,4,17,68,65,28,0,136,3,4,5,6,4,2,0.269,0.309,0.446,0.754,0.332,24.50%,5.00%
92,Francisco Alvarez,NYM,118,392,441,92,55,15,1,21,53,64,41,1,118,6,2,0,1,0,1,0.235,0.315,0.439,0.754,0.278,26.80%,9.30%
93,J.T. Realmuto,PHI,122,447,492,115,74,23,3,15,57,57,33,1,120,9,3,0,8,2,6,0.257,0.319,0.423,0.742,0.317,24.40%,6.70%
94,Max Clark,DET,117,490,560,119,84,17,4,14,77,64,65,0,114,3,2,0,10,1,9,0.243,0.334,0.38,0.714,0.288,20.40%,11.60%
95,Jeff McNeil,ATH,128,438,495,122,81,27,3,11,56,54,41,2,58,10,4,2,4,0,4,0.279,0.351,0.429,0.78,0.298,11.70%,8.30%
96,Taylor Ward,BAL,141,518,592,126,72,26,1,27,74,85,63,0,145,5,6,0,4,2,2,0.243,0.328,0.454,0.781,0.281,24.50%,10.60%
97,Sal Stewart,CIN,133,486,536,125,80,26,0,19,72,76,40,0,101,6,4,0,10,2,8,0.257,0.319,0.428,0.747,0.286,18.80%,7.50%
98,Kyle Teel,CHW,124,445,506,110,79,18,1,12,64,55,54,0,128,4,2,1,7,2,5,0.247,0.333,0.373,0.706,0.319,25.30%,10.70%
99,Hunter Goodman,COL,134,495,537,130,71,30,3,26,68,83,33,0,138,6,3,0,1,1,0,0.263,0.315,0.493,0.808,0.311,25.70%,6.10%
100,Kevin McGonigle,DET,91,351,399,89,51,23,2,13,56,57,40,0,51,2,5,1,6,4,2,0.254,0.329,0.442,0.771,0.26,12.80%,10.00%
101,Brenton Doyle,COL,135,484,524,121,79,22,3,17,64,63,32,0,139,2,4,2,18,3,15,0.25,0.297,0.413,0.71,0.313,26.50%,6.10%
102,Brett Baty,NYM,128,426,471,107,71,16,1,19,59,61,39,0,115,4,2,0,5,1,4,0.251,0.318,0.427,0.746,0.299,24.40%,8.30%
103,Matt McLain,CIN,137,502,569,119,77,23,2,17,73,64,55,0,158,7,3,2,18,3,15,0.237,0.319,0.392,0.712,0.309,27.80%,9.70%
104,Matt Wallner,MIN,128,436,506,104,54,25,2,23,63,69,54,1,155,14,2,0,4,2,2,0.239,0.34,0.463,0.803,0.312,30.60%,10.70%
105,Matt Shaw,CHC,136,470,530,115,74,21,4,16,69,65,49,0,105,6,4,1,19,6,13,0.245,0.321,0.409,0.73,0.28,19.80%,9.20%
106,Carson Williams,TBR,135,498,554,110,68,17,4,21,74,72,47,0,189,5,2,2,16,7,9,0.221,0.293,0.398,0.691,0.307,34.10%,8.50%
107,Sal Frelick,MIL,137,517,572,140,104,23,4,9,72,60,43,1,77,7,3,2,17,5,12,0.271,0.333,0.383,0.716,0.302,13.50%,7.50%
108,Lawrence Butler,ATH,147,532,589,132,81,28,2,21,80,79,52,0,151,1,3,1,18,5,13,0.248,0.315,0.427,0.741,0.306,25.60%,8.80%
109,Xavier Edwards,MIA,130,508,566,140,112,20,4,4,67,48,48,1,77,2,3,5,25,6,19,0.276,0.339,0.354,0.693,0.316,13.60%,8.50%
110,Ernie Clement,TOR,143,469,502,126,90,24,2,10,64,56,21,1,49,3,4,5,6,3,3,0.269,0.302,0.392,0.694,0.28,9.80%,4.20%
111,Jonathan Aranda,TBR,113,394,449,108,74,18,0,16,60,62,43,2,110,8,4,0,1,1,0,0.274,0.354,0.442,0.796,0.338,24.50%,9.60%
112,Michael Stefanic,ATH,111,382,440,106,85,16,1,4,44,45,44,0,48,10,3,1,4,3,1,0.277,0.364,0.356,0.72,0.306,10.90%,10.00%
113,Spencer Torkelson,DET,152,565,645,137,74,31,1,31,85,96,68,3,165,7,5,0,2,0,2,0.242,0.329,0.465,0.794,0.283,25.60%,10.50%
114,Jackson Holliday,BAL,151,572,644,141,92,27,3,19,86,69,65,1,142,5,2,0,16,9,7,0.247,0.328,0.404,0.731,0.295,22.00%,10.10%
115,Jahmai Jones,DET,119,319,373,80,46,19,4,11,54,51,41,1,86,10,1,2,7,3,4,0.251,0.353,0.439,0.792,0.309,23.10%,11.00%
116,Alec Bohm,PHI,134,511,560,144,100,27,2,15,64,72,37,2,86,5,7,0,3,1,2,0.282,0.332,0.431,0.763,0.309,15.40%,6.60%
117,Wilyer Abreu,BOS,122,404,458,99,58,22,1,18,61,64,49,3,113,2,3,0,7,3,4,0.245,0.328,0.438,0.766,0.293,24.70%,10.70%
118,Leody Taveras,BAL,143,493,539,126,87,22,3,14,67,57,38,0,108,1,4,3,23,5,18,0.256,0.308,0.398,0.705,0.299,20.00%,7.10%
119,Jazz Chisholm Jr.,NYY,134,476,540,112,69,16,2,25,71,83,55,2,140,5,3,1,29,7,22,0.235,0.319,0.435,0.754,0.277,25.90%,10.20%
120,Caleb Durbin,BOS,124,441,501,110,73,25,2,10,65,57,35,0,55,18,3,4,20,6,14,0.249,0.328,0.383,0.711,0.264,11.00%,7.00%
121,Jace Jung,DET,130,474,546,107,64,24,1,18,65,69,66,1,140,3,3,0,3,2,1,0.226,0.322,0.395,0.717,0.279,25.60%,12.10%
122,J.P. Crawford,SEA,142,513,594,121,85,24,1,11,64,55,69,1,112,5,3,4,5,1,4,0.236,0.331,0.351,0.681,0.28,18.90%,11.60%
123,Hao-Yu Lee,DET,120,476,532,114,75,21,5,13,68,64,43,1,112,9,4,0,12,3,9,0.239,0.312,0.387,0.699,0.285,21.10%,8.10%
124,Dalton Rushing,LAD,100,336,390,78,45,16,1,16,49,56,42,1,107,9,3,0,1,1,0,0.232,0.331,0.429,0.759,0.287,27.40%,10.80%
125,Max Muncy,LAD,103,340,416,74,39,14,1,20,56,60,65,2,105,6,5,0,2,0,2,0.218,0.307,0.395,0.702,0.329,28.80%,6.30%
126,Luis Robert Jr.,NYM,117,428,470,102,65,19,0,18,59,69,35,3,127,5,2,0,24,6,18,0.238,0.302,0.409,0.711,0.295,27.00%,7.40%
127,Yandy Diaz,TBR,137,520,585,154,110,27,0,17,70,74,55,2,83,6,4,0,2,1,1,0.296,0.368,0.446,0.814,0.323,14.20%,9.40%
128,Mark Vientos,NYM,133,480,527,121,75,22,2,22,59,77,37,0,137,6,4,0,1,0,1,0.252,0.311,0.444,0.755,0.305,26.00%,7.00%
129,Anthony Volpe,NYY,152,556,614,125,75,29,4,17,71,70,47,0,148,5,4,2,22,7,15,0.225,0.289,0.383,0.672,0.273,24.10%,7.70%
130,Jesus Rodriguez,SFG,119,463,510,128,101,18,3,6,59,50,39,1,78,5,3,0,12,5,7,0.276,0.337,0.367,0.704,0.319,15.30%,7.60%
131,Samuel Basallo,BAL,122,446,493,106,58,23,0,25,59,74,39,2,124,5,3,0,1,1,0,0.238,0.304,0.457,0.762,0.27,25.20%,7.90%
132,Colton Cowser,BAL,120,426,483,101,59,22,1,19,63,65,46,1,151,8,3,0,14,2,12,0.237,0.321,0.427,0.748,0.317,31.30%,9.50%
133,Jakob Marsee,MIA,148,548,642,126,80,25,6,15,79,73,74,0,131,8,3,9,37,13,24,0.23,0.329,0.38,0.708,0.274,20.40%,11.50%
134,Austin Wells,NYY,117,400,449,90,52,19,1,18,48,64,38,0,109,5,6,0,5,1,4,0.225,0.296,0.413,0.709,0.258,24.30%,8.50%
135,Esteury Ruiz,MIA,124,432,494,107,70,22,4,11,71,60,42,0,108,14,2,4,46,10,36,0.248,0.333,0.394,0.726,0.305,21.90%,8.50%
136,Teoscar Hernandez,LAD,136,518,563,138,82,27,1,28,71,92,35,1,149,6,4,0,6,2,4,0.266,0.318,0.485,0.802,0.319,26.50%,6.20%
137,Brandon Nimmo,TEX,142,540,614,132,88,25,2,17,75,66,59,1,134,10,4,1,9,1,8,0.244,0.328,0.393,0.72,0.293,21.80%,9.60%
138,Davis Schneider,TOR,123,378,444,84,47,17,2,18,56,58,58,0,126,5,3,0,6,1,5,0.222,0.331,0.421,0.752,0.278,28.40%,13.10%
139,Jacob Wilson,ATH,122,464,501,134,95,28,1,10,62,69,26,1,37,7,2,2,4,2,2,0.289,0.335,0.418,0.753,0.296,7.40%,5.20%
140,Lars Nootbaar,STL,135,465,539,114,72,24,2,16,68,54,66,2,108,3,4,1,5,3,2,0.245,0.34,0.409,0.749,0.284,20.00%,12.20%
141,Brendan Donovan,SEA,130,473,534,129,91,26,1,11,63,54,47,2,70,10,3,1,3,3,0,0.273,0.349,0.402,0.751,0.299,13.10%,8.80%
142,Harry Ford,WSN,113,440,507,103,73,19,1,10,62,55,55,0,111,10,2,0,9,5,4,0.234,0.331,0.35,0.681,0.29,21.90%,10.80%
143,Otto Lopez,MIA,132,486,530,127,92,21,4,10,61,58,37,1,79,3,3,1,13,5,8,0.261,0.316,0.383,0.698,0.293,14.90%,7.00%
144,Jorge Polanco,NYM,118,419,473,106,67,18,0,21,56,69,45,1,93,3,4,2,4,2,2,0.253,0.327,0.446,0.773,0.275,19.70%,9.50%
145,Ryan McMahon,NYY,145,499,571,105,65,20,1,19,61,65,65,2,180,4,3,0,3,3,0,0.21,0.305,0.369,0.673,0.284,31.50%,11.40%
146,Kaelen Culpepper,MIN,112,465,510,115,84,15,3,13,62,61,34,0,105,11,0,0,12,3,9,0.247,0.314,0.376,0.69,0.294,20.60%,6.70%
147,Jake Meyers,HOU,118,365,407,91,65,16,2,8,48,37,33,0,85,5,2,2,10,3,7,0.249,0.319,0.37,0.688,0.303,20.90%,8.10%
148,Bo Naylor,CLE,123,380,434,82,46,19,1,16,53,52,47,1,103,2,3,2,3,2,1,0.216,0.303,0.397,0.701,0.25,23.70%,10.80%
149,Randy Arozarena,SEA,151,562,649,131,79,29,1,22,82,75,62,1,170,21,4,0,25,7,18,0.233,0.33,0.406,0.735,0.291,26.20%,9.60%
150,Addison Barger,TOR,133,467,517,114,65,27,1,21,65,75,44,2,120,4,2,0,4,2,2,0.244,0.313,0.441,0.754,0.284,23.20%,8.50%
151,Colson Montgomery,CHW,125,473,527,102,59,17,3,23,63,83,43,1,159,9,2,0,2,1,1,0.216,0.292,0.41,0.702,0.27,30.20%,8.20%
152,Trevor Story,BOS,132,505,543,129,83,28,0,18,68,75,29,2,148,5,3,1,20,1,19,0.255,0.301,0.418,0.719,0.325,27.30%,5.30%
153,Ryan Ward,LAD,134,539,591,126,71,23,4,28,81,88,47,2,148,3,2,0,8,3,5,0.234,0.298,0.447,0.745,0.268,25.00%,8.00%
154,Jacob Reimer,NYM,123,461,518,108,63,27,3,15,74,70,41,2,123,13,3,0,6,2,4,0.234,0.313,0.403,0.716,0.285,23.70%,7.90%
155,Agustin Ramirez,MIA,149,577,635,137,82,32,1,22,82,79,47,2,127,7,4,0,16,3,13,0.237,0.301,0.411,0.712,0.266,20.00%,7.40%
156,Jung Hoo Lee,SFG,129,497,547,134,94,25,6,9,62,56,42,1,55,5,2,1,7,4,3,0.27,0.332,0.398,0.73,0.287,10.10%,7.70%
157,Spencer Horwitz,PIT,128,456,521,125,81,32,1,11,64,57,56,1,93,6,3,0,2,1,1,0.274,0.359,0.421,0.78,0.321,17.90%,10.70%
158,Tommy Edman,LAD,105,379,414,95,62,18,2,13,56,50,27,0,73,4,3,1,10,1,9,0.251,0.305,0.412,0.717,0.277,17.60%,6.50%
159,Ryan Ritter,COL,117,421,477,109,71,22,4,12,63,59,37,0,126,11,2,6,7,2,5,0.259,0.333,0.416,0.749,0.34,26.40%,7.80%
160,Shay Whitcomb,HOU,126,469,515,108,67,19,1,21,65,70,36,1,159,7,3,0,12,3,9,0.23,0.293,0.409,0.703,0.298,30.90%,7.00%
161,Zack Gelof,ATH,113,423,474,99,59,22,1,17,62,62,43,0,152,3,3,2,15,3,12,0.234,0.307,0.411,0.719,0.319,32.10%,9.10%
162,Ryan Jeffers,MIN,114,375,428,92,59,20,1,12,47,47,41,1,86,9,2,1,2,1,1,0.245,0.333,0.4,0.733,0.287,20.10%,9.60%
163,Alex Call,LAD,113,321,384,78,50,16,1,11,49,48,49,0,69,7,3,4,6,3,3,0.243,0.353,0.402,0.755,0.275,18.00%,12.80%
164,Luis Campusano,SDP,112,392,441,97,67,16,1,13,55,54,44,0,88,3,2,0,1,0,1,0.247,0.327,0.393,0.719,0.287,20.00%,10.00%
165,Jimmy Crooks,STL,110,415,455,100,69,19,2,10,50,49,31,0,124,5,3,1,1,0,1,0.241,0.3,0.369,0.668,0.317,27.30%,6.80%
166,Max Anderson,DET,117,495,531,126,82,26,2,16,69,73,26,3,92,6,4,0,2,2,0,0.255,0.298,0.412,0.71,0.281,17.30%,4.90%
167,Kerry Carpenter,DET,126,428,466,112,65,20,3,24,60,81,30,2,110,6,2,0,2,2,0,0.262,0.318,0.491,0.808,0.297,23.60%,6.40%
168,Harrison Bader,SFG,132,397,437,101,70,17,1,13,56,49,28,0,103,8,4,0,13,6,7,0.254,0.314,0.401,0.714,0.309,23.60%,6.40%
169,Mike Yastrzemski,ATL,128,401,467,91,49,22,4,16,60,49,57,2,109,4,3,2,4,2,2,0.227,0.327,0.421,0.748,0.269,23.30%,12.20%
170,Ronny Mauricio,NYM,116,429,460,104,70,18,1,15,54,53,27,3,117,3,1,0,13,4,9,0.242,0.291,0.394,0.685,0.299,25.40%,5.90%
171,Luis Arraez,SFG,151,601,648,187,149,29,3,6,72,64,32,2,25,4,4,7,8,3,5,0.311,0.348,0.399,0.747,0.315,3.90%,4.90%
172,Colt Emerson,SEA,127,515,580,115,78,24,4,9,63,62,48,2,127,12,5,0,9,4,5,0.223,0.302,0.338,0.64,0.276,21.90%,8.30%
173,Parker Meadows,DET,117,431,485,101,64,18,6,13,62,58,45,1,118,3,4,2,13,3,10,0.234,0.308,0.394,0.703,0.289,24.30%,9.30%
174,Luke Keaschall,MIN,87,322,373,85,59,18,1,7,49,44,37,0,62,10,4,0,17,4,13,0.264,0.354,0.391,0.745,0.304,16.60%,9.90%
175,Jose Altuve,HOU,133,513,571,136,93,24,1,18,75,65,49,3,100,6,3,0,11,4,7,0.265,0.335,0.421,0.756,0.296,17.50%,8.60%
176,Ha-Seong Kim,ATL,111,385,441,94,68,16,1,9,51,44,46,1,77,4,4,2,17,4,13,0.244,0.328,0.361,0.689,0.281,17.50%,10.40%
177,Nick Gonzales,PIT,116,446,488,118,76,28,5,9,57,52,30,0,101,7,5,0,2,3,-1,0.265,0.318,0.41,0.728,0.32,20.70%,6.10%
178,Blaze Alexander,BAL,117,401,459,95,64,19,2,10,48,53,40,0,136,12,3,3,8,5,3,0.237,0.322,0.369,0.691,0.329,29.60%,8.70%
179,Sam Antonacci,CHW,115,431,514,106,79,18,5,4,66,60,46,1,87,27,2,8,21,6,15,0.246,0.354,0.339,0.693,0.298,16.90%,8.90%
180,Nathan Lukes,TOR,108,351,392,94,66,17,2,9,48,49,32,1,61,3,2,4,3,2,1,0.268,0.332,0.405,0.737,0.3,15.60%,8.20%
181,Darell Hernaiz,ATH,141,522,582,136,99,27,3,7,66,61,45,0,83,4,5,6,10,3,7,0.261,0.321,0.364,0.685,0.295,14.30%,7.70%
182,Justin Crawford,PHI,119,482,529,138,106,21,4,7,79,56,37,0,109,1,2,7,29,8,21,0.286,0.337,0.39,0.727,0.356,20.60%,7.00%
183,Joe Mack,MIA,120,452,498,100,64,20,1,15,57,62,37,1,140,6,3,0,4,1,3,0.221,0.287,0.369,0.657,0.283,28.10%,7.40%
184,Ben Williamson,TBR,134,487,533,119,86,26,2,5,60,50,36,1,111,7,2,1,11,3,8,0.244,0.305,0.337,0.641,0.306,20.80%,6.80%
185,Carson Kelly,CHC,101,317,359,73,49,12,1,11,39,42,35,0,73,4,3,0,2,0,2,0.23,0.312,0.379,0.691,0.263,20.30%,9.70%
186,Kyle Stowers,MIA,120,404,459,99,55,20,3,21,55,67,44,2,129,7,4,0,3,1,2,0.245,0.327,0.465,0.792,0.302,28.10%,9.60%
187,Dylan Beavers,BAL,129,478,550,119,77,22,3,17,72,66,62,1,127,3,4,3,15,5,10,0.249,0.336,0.414,0.751,0.302,23.10%,11.30%
188,Drew Avans,COL,116,453,505,122,87,22,6,7,75,44,46,1,118,4,2,0,23,5,18,0.269,0.341,0.391,0.731,0.348,23.40%,9.10%
189,Brandon Marsh,PHI,139,419,474,109,71,21,3,14,59,59,46,1,134,2,5,2,10,3,7,0.26,0.333,0.425,0.757,0.344,28.30%,9.70%
190,Willson Contreras,BOS,116,413,478,105,62,25,1,17,57,64,44,1,117,18,2,1,4,1,3,0.254,0.35,0.443,0.793,0.313,24.50%,9.20%
191,Jadher Areinamo,TBR,133,529,570,136,97,25,0,14,63,64,30,1,82,4,7,0,13,6,7,0.257,0.298,0.384,0.682,0.277,14.40%,5.30%
192,George Springer,TOR,129,480,548,123,79,20,2,22,80,73,58,1,107,7,3,0,13,2,11,0.256,0.343,0.444,0.787,0.285,19.50%,10.60%
193,Leonardo Bernal,STL,115,427,468,98,69,18,1,10,49,47,34,0,97,3,2,2,6,3,3,0.23,0.29,0.347,0.636,0.273,20.70%,7.30%
194,Heliot Ramos,SFG,150,576,640,149,101,24,2,22,80,81,49,2,148,11,4,0,6,3,3,0.259,0.327,0.422,0.748,0.31,23.10%,7.70%
195,Brice Matthews,HOU,117,442,500,99,62,16,4,17,62,64,48,0,173,8,1,1,24,8,16,0.224,0.311,0.394,0.704,0.324,34.60%,9.60%
196,Tyler Fitzgerald,SFG,122,438,483,105,69,20,2,14,62,58,30,0,140,8,3,4,13,3,10,0.24,0.299,0.39,0.689,0.317,29.00%,6.20%
197,Jake Mangum,PIT,111,410,437,117,87,24,3,3,44,42,20,0,70,4,2,1,17,5,12,0.285,0.323,0.38,0.704,0.336,16.00%,4.60%
198,Jake Cronenworth,SDP,134,459,539,107,70,22,3,12,63,55,61,1,108,12,5,2,3,2,1,0.233,0.335,0.373,0.708,0.276,20.00%,11.30%
199,Connor Norby,MIA,122,475,520,118,76,24,2,16,71,63,36,0,138,5,4,0,9,3,6,0.248,0.306,0.408,0.714,0.314,26.50%,6.90%
200,Luis Garcia Jr.,WSN,141,510,547,138,95,25,2,16,68,70,30,1,86,1,6,0,13,5,8,0.271,0.309,0.422,0.731,0.295,15.70%,5.50%
201,Nolan Gorman,STL,123,413,463,92,53,18,0,21,57,61,46,1,148,1,3,0,3,1,2,0.223,0.3,0.419,0.719,0.287,32.00%,9.90%
202,Munetaka Murakami,CHW,120,419,500,98,59,15,0,24,65,69,73,5,170,5,3,0,8,4,4,0.234,0.352,0.442,0.794,0.325,34.00%,14.60%
203,Salvador Perez,KCR,141,532,575,131,82,24,1,24,52,80,28,5,124,11,4,0,0,0,0,0.246,0.296,0.43,0.726,0.276,21.60%,4.90%
204,Sung-Mun Song,SDP,133,520,576,124,88,21,3,12,64,57,50,4,104,1,4,1,12,1,11,0.238,0.304,0.36,0.664,0.275,18.10%,8.70%
205,Ozzie Albies,ATL,140,545,601,136,90,26,2,18,73,70,45,1,87,5,6,0,11,3,8,0.25,0.309,0.404,0.713,0.265,14.50%,7.50%
206,Travis Bazzana,CLE,98,375,433,82,53,16,3,10,65,48,50,0,129,7,0,1,7,2,5,0.219,0.322,0.357,0.679,0.305,29.80%,11.50%
207,Dylan Crews,WSN,110,406,448,99,67,16,4,12,58,50,31,0,101,9,2,0,20,6,14,0.244,0.31,0.392,0.702,0.295,22.50%,6.90%
208,Christian Walker,HOU,135,503,566,117,68,23,1,25,66,76,48,2,147,9,6,0,3,1,2,0.233,0.307,0.431,0.739,0.273,26.00%,8.50%
209,Cooper Ingle,CLE,112,410,474,92,57,27,0,8,54,48,58,0,91,3,2,1,1,2,-1,0.224,0.323,0.349,0.672,0.268,19.20%,12.20%
210,Ivan Herrera,STL,115,402,464,110,75,20,1,14,58,60,49,1,91,9,4,0,8,2,6,0.274,0.362,0.433,0.795,0.319,19.60%,10.60%
211,Colby Thomas,ATH,132,492,542,121,69,30,3,19,67,82,32,0,163,12,5,1,8,4,4,0.246,0.305,0.435,0.74,0.324,30.10%,5.90%
212,Leo Rivas,SEA,111,333,405,72,56,10,1,5,53,36,57,0,99,4,4,7,19,4,15,0.216,0.334,0.297,0.631,0.288,24.40%,14.10%
213,TJ Friedl,CIN,142,508,592,122,87,19,4,12,67,60,61,0,99,14,5,4,13,3,10,0.24,0.335,0.364,0.699,0.274,16.70%,10.30%
214,Marcell Ozuna,PIT,138,487,566,121,75,21,0,25,66,76,72,1,139,3,4,0,0,0,0,0.248,0.346,0.446,0.792,0.294,24.60%,12.70%
215,Coby Mayo,BAL,130,465,520,109,58,27,2,22,64,70,45,1,148,7,3,0,4,2,2,0.234,0.31,0.443,0.753,0.292,28.50%,8.70%
216,Chase Meidroth,CHW,127,473,547,115,91,16,1,7,66,45,60,0,83,10,2,2,12,4,8,0.243,0.339,0.326,0.665,0.281,15.20%,11.00%
217,Zach Cole,HOU,113,429,481,94,52,20,5,17,59,66,43,2,198,8,1,0,14,5,9,0.219,0.301,0.408,0.709,0.358,41.20%,8.90%
218,Jett Williams,MIL,128,493,558,112,64,28,7,13,75,68,55,0,150,6,3,1,18,7,11,0.227,0.311,0.391,0.702,0.297,26.90%,9.90%
219,Joey Ortiz,MIL,135,454,500,112,74,25,4,9,61,54,35,0,85,4,3,4,11,3,8,0.247,0.304,0.379,0.683,0.284,17.00%,7.00%
220,Victor Scott II,STL,135,452,514,102,76,16,3,7,60,43,41,0,108,9,4,8,36,6,30,0.226,0.3,0.321,0.621,0.279,21.00%,8.00%
221,Dominic Keegan,TBR,92,351,390,83,54,17,2,10,44,46,29,0,105,5,5,0,0,0,0,0.236,0.3,0.382,0.682,0.303,26.90%,7.40%
222,Jared Triolo,PIT,117,391,443,97,68,19,3,7,51,40,46,1,99,3,2,1,13,3,10,0.248,0.33,0.366,0.696,0.314,22.30%,10.40%
223,Jordan Lawlar,ARI,101,375,421,87,53,22,3,9,54,46,36,1,111,6,2,2,17,3,14,0.232,0.308,0.379,0.687,0.304,26.40%,8.60%
224,James Outman,MIN,137,450,516,99,58,20,3,18,72,55,53,1,173,9,4,0,12,2,10,0.22,0.312,0.398,0.71,0.308,33.50%,10.30%
225,Aidan Miller,PHI,120,474,536,108,71,24,2,11,66,61,52,0,147,9,1,0,28,10,18,0.228,0.315,0.357,0.672,0.306,27.40%,9.70%
226,Royce Lewis,MIN,104,370,404,93,60,19,0,14,45,54,29,1,83,2,3,0,9,1,8,0.251,0.307,0.416,0.723,0.286,20.50%,7.20%
227,Denzel Clarke,ATH,93,337,376,78,49,17,4,8,48,43,30,0,127,7,1,1,13,3,10,0.231,0.307,0.377,0.684,0.345,33.80%,8.00%
228,Ramon Laureano,SDP,119,397,442,96,58,19,2,17,59,58,34,1,120,9,2,0,7,3,4,0.242,0.314,0.428,0.743,0.302,27.10%,7.70%
229,Samad Taylor,SDP,139,528,605,128,93,20,5,10,84,60,54,0,141,4,5,14,30,9,21,0.242,0.315,0.356,0.671,0.309,23.30%,8.90%
230,Joey Loperfido,HOU,126,436,483,107,68,22,2,15,60,65,32,1,131,9,2,4,10,4,6,0.245,0.309,0.408,0.717,0.315,27.10%,6.60%
231,Adolis Garcia,PHI,132,497,544,122,71,25,1,25,70,85,35,1,144,6,6,0,12,4,8,0.245,0.3,0.451,0.75,0.29,26.50%,6.40%
232,Cole Young,SEA,136,478,543,110,75,22,4,9,60,57,51,1,91,8,3,3,6,4,2,0.23,0.313,0.349,0.662,0.265,16.80%,9.40%
233,RJ Schreck,TOR,104,360,422,78,46,13,2,17,54,61,48,1,100,11,0,3,4,1,3,0.217,0.327,0.406,0.733,0.251,23.70%,11.40%
234,Zach McKinstry,DET,133,403,451,98,64,18,6,10,56,43,39,1,97,5,3,1,15,3,12,0.243,0.316,0.392,0.708,0.294,21.50%,8.60%
235,Nolan Arenado,ARI,119,447,490,112,76,22,1,13,51,64,34,3,66,4,5,0,3,1,2,0.251,0.306,0.391,0.698,0.265,13.50%,6.90%
236,Trey Sweeney,DET,125,426,474,97,65,17,2,13,59,55,41,1,126,4,3,0,10,3,7,0.228,0.3,0.369,0.668,0.29,26.60%,8.60%
237,Jesus Sanchez,TOR,136,444,490,108,67,21,2,18,61,61,41,1,121,3,2,0,10,2,8,0.243,0.31,0.421,0.731,0.293,24.70%,8.40%
238,Josue Briceno,DET,105,409,464,91,60,13,3,15,56,64,47,3,106,5,3,0,0,1,-1,0.222,0.308,0.379,0.687,0.261,22.80%,10.10%
239,Jake Rogers,DET,84,246,274,53,31,12,1,9,34,36,23,0,81,2,2,1,0,0,0,0.215,0.286,0.382,0.668,0.278,29.60%,8.40%
240,Ben Rice,NYY,128,439,503,106,59,21,2,24,70,73,52,0,104,8,4,0,4,2,2,0.241,0.33,0.462,0.792,0.26,20.70%,10.30%
241,Pedro Pages,STL,105,351,384,79,53,15,1,10,35,42,24,1,100,3,4,2,1,0,1,0.225,0.277,0.359,0.636,0.282,26.00%,6.30%
242,Carlos Narvaez,BOS,108,370,418,83,52,21,0,10,43,46,41,1,109,4,2,1,2,1,1,0.224,0.307,0.362,0.669,0.289,26.10%,9.80%
243,Nate Eaton,BOS,124,415,459,102,67,22,3,10,59,54,31,0,110,7,3,3,18,5,13,0.246,0.307,0.386,0.693,0.309,24.00%,6.80%
244,Victor Caratini,MIN,98,290,328,72,54,11,0,7,29,34,25,0,55,9,4,0,1,0,1,0.248,0.323,0.359,0.682,0.28,16.80%,7.60%
245,Miguel Vargas,CHW,135,480,551,113,68,27,2,16,76,60,60,0,100,6,5,0,7,2,5,0.235,0.325,0.4,0.725,0.263,18.10%,10.90%
246,Otto Kemp,PHI,129,468,532,112,69,24,3,16,73,77,37,1,149,22,5,0,10,5,5,0.239,0.321,0.406,0.727,0.312,28.00%,7.00%
247,Pedro Ramirez,CHC,130,523,570,127,98,18,4,7,61,55,36,1,114,6,5,0,14,6,8,0.243,0.296,0.333,0.629,0.295,20.00%,6.30%
248,Ke'Bryan Hayes,CIN,128,467,507,112,84,17,2,9,51,50,34,1,101,4,2,0,11,3,8,0.24,0.296,0.343,0.638,0.287,19.90%,6.70%
249,Edmundo Sosa,PHI,99,262,284,67,42,14,2,9,35,37,10,0,65,8,2,2,3,1,2,0.256,0.301,0.427,0.729,0.305,22.90%,3.50%
250,Ryan Vilade,TBR,120,429,480,108,74,20,3,11,57,57,40,0,112,6,4,1,8,4,4,0.252,0.322,0.389,0.711,0.313,23.30%,8.30%
251,Braxton Fulford,COL,87,294,332,73,46,16,2,9,42,43,25,0,88,9,3,1,4,2,2,0.248,0.323,0.408,0.731,0.32,26.50%,7.50%
252,Joshua Kuroda-Grauer,ATH,120,491,532,125,99,23,1,2,50,49,28,0,61,10,1,2,12,4,8,0.255,0.308,0.318,0.625,0.287,11.50%,5.30%
253,Akil Baddoo,MIL,121,414,469,97,60,18,5,14,61,57,51,1,120,2,2,0,17,5,12,0.234,0.32,0.403,0.723,0.294,25.60%,10.90%
254,Zach Ehrhard,LAD,122,468,529,107,67,24,1,15,70,70,46,0,116,9,5,1,18,3,15,0.229,0.307,0.38,0.687,0.269,21.90%,8.70%
255,Brandon Lockridge,MIL,104,319,356,79,57,16,3,3,43,34,28,0,92,3,2,4,21,3,18,0.248,0.313,0.345,0.657,0.336,25.80%,7.90%
256,Jeremiah Jackson,BAL,128,483,514,117,72,25,1,19,55,68,24,0,119,4,3,0,8,5,3,0.242,0.282,0.416,0.698,0.282,23.20%,4.70%
257,Bo Davidson,SFG,117,478,528,118,87,14,6,11,64,56,46,1,134,2,1,1,10,4,6,0.247,0.315,0.37,0.685,0.32,25.40%,8.70%
258,Alec Burleson,STL,138,486,530,133,91,23,1,18,58,68,36,0,73,3,4,1,5,1,4,0.274,0.325,0.436,0.761,0.288,13.80%,6.80%
259,J.C. Escarra,NYY,93,295,335,69,46,14,2,7,38,36,32,0,57,4,4,0,2,1,1,0.234,0.313,0.366,0.68,0.264,17.00%,9.60%
260,Emmanuel Rodriguez,MIN,76,277,331,62,39,13,3,7,47,34,50,0,114,3,1,0,7,2,5,0.224,0.347,0.368,0.716,0.35,34.40%,15.10%
261,David Hamilton,MIL,109,337,374,77,53,13,2,9,51,39,32,0,87,2,1,2,34,7,27,0.228,0.298,0.359,0.657,0.281,23.30%,8.60%
262,Jose Tena,WSN,121,457,498,118,83,24,3,8,55,53,34,0,128,2,2,3,14,5,9,0.258,0.311,0.376,0.687,0.341,25.70%,6.80%
263,Will Wagner,SDP,97,338,383,84,60,17,2,5,42,36,38,0,66,4,2,1,3,2,1,0.249,0.33,0.355,0.685,0.294,17.20%,9.90%
264,Spencer Jones,NYY,120,475,525,109,62,22,3,22,74,76,43,1,200,4,3,0,17,5,12,0.229,0.297,0.427,0.725,0.34,38.10%,8.20%
265,Josh Lowe,LAA,120,424,467,109,68,25,2,14,59,54,37,2,125,2,3,1,21,3,18,0.257,0.318,0.425,0.742,0.33,26.80%,7.90%
266,Brett Harris,ATH,101,354,403,84,59,15,1,9,47,49,36,0,78,8,3,2,5,2,3,0.237,0.319,0.362,0.681,0.278,19.40%,8.90%
267,Brayan Rocchio,CLE,147,500,560,118,80,26,2,10,64,57,43,0,103,8,5,4,12,6,6,0.236,0.304,0.356,0.66,0.276,18.40%,7.70%
268,Jack Suwinski,LAD,130,402,468,92,51,21,2,18,56,57,55,2,144,6,4,1,12,1,11,0.229,0.328,0.425,0.753,0.303,30.80%,11.80%
269,Kristian Campbell,BOS,134,491,559,121,84,23,3,11,65,65,55,0,142,12,1,0,7,3,4,0.246,0.336,0.373,0.709,0.324,25.40%,9.80%
270,Casey Schmitt,SFG,115,392,431,100,66,19,1,14,49,55,29,1,96,5,4,1,3,1,2,0.255,0.312,0.416,0.727,0.301,22.30%,6.70%
271,Alan Roden,MIN,112,385,438,100,70,21,2,7,57,47,38,1,68,12,3,0,7,2,5,0.26,0.342,0.379,0.722,0.297,15.50%,8.70%
272,Jacob Young,WSN,132,434,486,108,86,16,3,3,61,42,33,0,86,8,2,9,23,8,15,0.249,0.312,0.32,0.633,0.303,17.70%,6.80%
273,Michael Arroyo,SEA,128,517,594,108,70,23,2,13,70,78,48,0,151,26,3,0,8,4,4,0.209,0.306,0.337,0.643,0.267,25.40%,8.10%
274,Tatem Levins,TBR,89,309,355,67,45,14,1,7,37,37,38,1,100,5,2,1,1,0,1,0.217,0.311,0.337,0.647,0.294,28.20%,10.70%
275,Nacho Alvarez Jr.,ATL,106,389,437,92,69,17,0,6,44,41,36,0,92,10,1,1,5,2,3,0.237,0.317,0.326,0.643,0.295,21.10%,8.20%
276,Kyle Karros,COL,120,440,492,114,80,26,2,6,61,50,43,2,113,6,3,0,5,1,4,0.259,0.331,0.368,0.699,0.333,23.00%,8.70%
277,Andrew Stevenson,,93,338,368,88,63,15,3,7,43,43,24,0,88,5,1,0,19,5,14,0.26,0.318,0.385,0.703,0.332,23.90%,6.50%
278,Evan Carter,TEX,106,364,417,86,58,16,3,9,54,43,43,1,95,8,2,0,18,4,14,0.236,0.329,0.371,0.699,0.294,22.80%,10.30%
279,Miguel Rojas,LAD,102,283,313,72,51,15,0,6,35,30,22,0,42,3,2,3,5,1,4,0.254,0.313,0.371,0.684,0.278,13.40%,7.00%
280,Mickey Moniak,COL,126,415,443,114,67,21,6,20,60,65,22,1,108,4,2,0,8,4,4,0.275,0.316,0.499,0.815,0.325,24.40%,5.00%
281,Daniel Susac,SFG,99,377,409,90,62,16,1,11,36,54,23,0,119,6,3,0,4,2,2,0.239,0.291,0.374,0.665,0.316,29.10%,5.60%
282,Brett Wisely,ATL,116,386,433,94,65,19,1,9,53,49,37,1,94,3,3,4,8,3,5,0.244,0.312,0.368,0.68,0.297,21.70%,8.50%
283,Johan Rojas,PHI,122,393,429,97,73,15,4,5,54,41,22,0,93,4,2,8,24,4,20,0.247,0.292,0.344,0.636,0.31,21.70%,5.10%
284,Rafael Flores Jr.,PIT,131,492,538,126,84,27,1,14,54,54,40,0,156,4,2,0,3,0,3,0.256,0.316,0.4,0.716,0.346,29.00%,7.40%
285,Tyler Stephenson,CIN,115,380,431,89,55,19,1,14,50,55,43,1,121,5,3,0,0,1,-1,0.234,0.318,0.4,0.718,0.302,28.10%,10.00%
286,Creed Willems,BAL,109,398,439,86,53,18,1,14,36,55,28,2,105,8,3,2,1,1,0,0.216,0.279,0.372,0.651,0.255,23.90%,6.40%
287,Max Muncy,ATH,105,377,416,93,60,21,1,11,45,57,26,1,120,8,3,2,3,3,0,0.247,0.307,0.395,0.702,0.329,28.80%,6.30%
288,Thomas Saggese,STL,134,502,546,125,88,24,2,11,63,58,32,0,141,7,4,1,6,3,3,0.249,0.301,0.371,0.671,0.322,25.80%,5.90%
289,Cedric Mullins,TBR,126,425,478,95,60,19,1,15,59,56,43,0,105,4,4,2,20,4,16,0.224,0.298,0.379,0.677,0.259,22.00%,9.00%
290,Ramon Urias,STL,108,333,369,81,54,15,1,11,39,40,28,0,89,4,4,0,2,0,2,0.243,0.306,0.393,0.7,0.295,24.10%,7.60%
291,Drew Cavanaugh,SFG,86,323,370,70,50,12,1,7,42,41,35,0,119,9,3,0,3,1,2,0.217,0.308,0.325,0.633,0.315,32.20%,9.50%
292,Daz Cameron,MIL,100,339,378,79,47,17,2,13,49,51,30,0,104,5,4,0,12,4,8,0.233,0.302,0.41,0.712,0.292,27.50%,7.90%
293,Duce Gourson,PIT,93,341,385,82,54,20,2,6,42,42,28,0,102,10,2,4,15,2,13,0.24,0.315,0.364,0.679,0.323,26.50%,7.30%
294,Nolan Jones,CLE,125,393,447,96,65,18,2,11,50,47,47,2,130,4,2,1,9,3,6,0.244,0.33,0.384,0.714,0.335,29.10%,10.50%
295,CJ Kayfus,CLE,125,445,504,111,68,24,6,13,61,64,46,0,140,8,4,1,6,2,4,0.249,0.328,0.418,0.746,0.331,27.80%,9.10%
296,Andres Chaparro,WSN,117,420,466,102,63,22,1,16,50,59,38,1,110,5,3,0,2,0,2,0.243,0.311,0.414,0.725,0.29,23.60%,8.20%
297,Edouard Julien,COL,133,443,520,114,78,21,3,12,57,51,69,1,145,5,2,1,5,3,2,0.257,0.362,0.4,0.762,0.354,27.90%,13.30%
298,Carlos Perez,HOU,101,362,403,79,46,17,1,15,46,53,32,0,87,5,4,0,0,0,0,0.218,0.288,0.395,0.683,0.242,21.60%,7.90%
299,Mike Trout,LAA,110,388,464,91,54,15,1,21,62,60,67,7,142,6,3,0,2,0,2,0.235,0.353,0.441,0.794,0.307,30.60%,14.40%
300,Carson Benge,NYM,116,464,522,114,74,22,5,13,72,65,48,2,110,8,2,0,11,3,8,0.246,0.326,0.399,0.724,0.294,21.10%,9.20%
301,Luis Torrens,NYM,88,249,271,62,43,12,1,6,24,30,17,0,60,2,2,1,1,1,0,0.249,0.3,0.378,0.678,0.303,22.10%,6.30%
302,Jonatan Clase,TOR,124,461,514,103,65,22,4,12,64,58,43,0,148,4,3,3,28,7,21,0.223,0.294,0.367,0.66,0.299,28.80%,8.40%
303,Joshua Baez,STL,116,418,468,98,62,22,2,12,55,57,36,0,137,9,4,1,24,5,19,0.234,0.306,0.383,0.689,0.315,29.30%,7.70%
304,Jake McCarthy,COL,126,426,473,119,86,20,6,7,63,47,32,0,78,9,2,4,20,4,16,0.279,0.341,0.404,0.745,0.327,16.50%,6.80%
305,Dayson Croes,SFG,95,346,383,92,65,21,3,3,40,40,24,0,66,7,2,4,1,2,-1,0.266,0.325,0.37,0.694,0.319,17.20%,6.30%
306,Kameron Misner,KCR,114,396,451,83,50,19,3,11,54,46,49,0,144,3,2,1,16,3,13,0.21,0.3,0.356,0.656,0.296,31.90%,10.90%
307,Kole Myers,LAD,104,380,439,91,73,10,4,4,60,44,50,2,112,9,0,0,19,8,11,0.239,0.342,0.318,0.66,0.33,25.50%,11.40%
308,Jared Oliva,SFG,96,325,358,78,54,13,3,8,51,42,23,0,81,7,1,2,25,4,21,0.24,0.303,0.372,0.676,0.295,22.60%,6.40%
309,Jonathon Long,CHC,134,495,566,122,89,18,1,14,68,67,59,0,130,8,4,0,1,0,1,0.246,0.334,0.372,0.706,0.304,23.00%,10.40%
310,Vinny Capra,BOS,95,308,344,75,53,16,1,5,39,35,28,0,68,4,2,2,6,1,5,0.244,0.313,0.351,0.664,0.295,19.80%,8.10%
311,Dominic Fletcher,PIT,110,415,452,102,68,22,4,8,48,47,26,0,95,6,3,2,4,3,1,0.246,0.298,0.376,0.674,0.298,21.00%,5.80%
312,Henry Bolte,ATH,125,474,531,115,77,23,5,10,63,69,44,0,191,11,2,0,27,5,22,0.243,0.32,0.376,0.696,0.382,36.00%,8.30%
313,Brandon Lowe,PIT,122,443,490,108,67,21,1,19,61,60,39,1,127,4,4,0,3,1,2,0.244,0.308,0.424,0.733,0.296,25.90%,8.00%
314,Alika Williams,PIT,106,357,393,89,65,15,3,6,45,37,25,0,79,5,2,4,3,2,1,0.249,0.306,0.359,0.664,0.303,20.10%,6.40%
315,Lourdes Gurriel Jr.,ARI,126,478,519,126,84,24,2,16,55,67,30,1,80,6,5,0,7,2,5,0.264,0.312,0.423,0.735,0.284,15.40%,5.80%
316,Chris Suero,NYM,119,422,487,86,58,14,1,13,62,60,47,1,150,15,3,0,14,6,8,0.204,0.304,0.334,0.638,0.279,30.80%,9.70%
317,Raynel Delgado,TBR,119,400,447,102,80,14,2,6,48,43,36,1,101,5,1,5,20,6,14,0.255,0.324,0.345,0.669,0.327,22.60%,8.10%
318,Johnathan Rodriguez,CLE,127,454,503,115,77,19,2,17,56,66,44,1,143,3,2,0,2,2,0,0.253,0.322,0.416,0.738,0.331,28.40%,8.70%
319,Danny Jansen,TEX,93,278,321,57,32,12,0,13,36,39,36,0,78,5,2,0,0,0,0,0.205,0.305,0.388,0.694,0.233,24.30%,11.20%
320,Liam Hicks,MIA,109,343,403,83,63,14,1,5,38,39,44,0,61,11,4,1,2,0,2,0.242,0.343,0.332,0.676,0.278,15.10%,10.90%
321,Jose Caballero,NYY,124,332,386,72,49,15,1,7,49,38,40,0,96,8,3,3,40,10,30,0.217,0.313,0.331,0.645,0.28,24.90%,10.40%
322,Jose Fermin,STL,99,299,349,71,47,18,0,6,43,38,37,1,38,8,2,3,11,4,7,0.237,0.335,0.358,0.693,0.253,10.90%,10.60%
323,Sam Huff,BAL,89,314,345,69,43,14,1,11,33,38,27,1,119,2,2,0,0,0,0,0.22,0.284,0.376,0.66,0.312,34.50%,7.80%
324,Willie MacIver,TEX,86,303,340,69,47,14,1,7,32,36,27,0,90,6,3,1,7,2,5,0.228,0.301,0.35,0.651,0.297,26.50%,7.90%
325,Riley Unroe,HOU,87,280,321,67,46,13,2,6,39,31,35,0,78,2,1,3,10,2,8,0.239,0.327,0.364,0.691,0.31,24.30%,10.90%
326,Seth Stephenson,DET,114,450,504,113,86,16,5,6,75,62,25,0,101,19,2,8,28,6,22,0.251,0.317,0.349,0.665,0.31,20.00%,5.00%
327,Drew Millas,WSN,83,280,308,70,50,12,3,5,33,32,24,1,52,1,2,1,7,1,6,0.25,0.309,0.368,0.677,0.289,16.90%,7.80%
328,Grant McCray,SFG,131,498,550,115,76,21,5,13,75,61,43,0,166,4,3,2,20,4,16,0.231,0.296,0.371,0.667,0.317,30.20%,7.80%
329,Pedro Leon,PHI,105,409,458,91,53,20,2,16,60,67,33,0,144,11,2,3,16,7,9,0.222,0.297,0.399,0.695,0.299,31.40%,7.20%
330,Nick Madrigal,LAA,100,282,311,73,57,14,1,1,33,25,16,0,30,9,0,4,6,1,5,0.259,0.319,0.326,0.645,0.287,9.60%,5.10%
331,Max Kepler,,114,389,436,92,56,18,1,17,57,54,40,1,88,4,3,0,3,0,3,0.237,0.312,0.419,0.731,0.261,20.20%,9.20%
332,Owen Caissie,MIA,122,462,521,112,70,25,2,15,60,63,52,1,165,4,3,0,4,3,1,0.242,0.322,0.403,0.725,0.34,31.70%,10.00%
333,Gary Sanchez,MIL,78,244,275,55,31,10,0,14,31,41,22,0,74,7,2,0,0,0,0,0.225,0.305,0.439,0.744,0.259,26.90%,8.00%
334,Justyn-Henry Malloy,TBR,129,427,505,107,72,21,0,14,63,63,66,0,128,8,4,0,3,1,2,0.251,0.358,0.398,0.757,0.322,25.30%,13.10%
335,Andy Ibanez,ATH,116,321,352,78,50,18,1,9,38,44,25,0,65,4,2,0,5,2,3,0.243,0.304,0.389,0.693,0.277,18.50%,7.10%
336,Josh Smith,TEX,143,465,533,113,78,23,2,10,65,45,51,1,100,12,2,3,10,3,7,0.243,0.332,0.366,0.698,0.289,18.80%,9.60%
337,Blake Perkins,MIL,99,302,344,67,46,13,2,6,43,34,36,0,95,2,3,1,12,4,8,0.222,0.306,0.338,0.644,0.299,27.60%,10.50%
338,Bryan Torres,STL,115,393,460,109,87,17,1,4,53,43,53,0,74,1,4,9,16,6,10,0.277,0.361,0.356,0.718,0.329,16.10%,11.50%
339,Gabriel Gonzalez,MIN,124,488,534,132,88,32,3,9,55,64,32,0,92,10,4,0,5,3,2,0.27,0.326,0.404,0.73,0.315,17.20%,6.00%
340,Chad Stevens,COL,122,453,501,118,77,25,4,12,58,57,37,0,144,7,3,1,10,4,6,0.26,0.324,0.413,0.737,0.353,28.70%,7.40%
341,Jonah Heim,ATL,118,389,425,86,60,15,1,10,39,43,31,0,83,2,3,0,2,0,2,0.221,0.28,0.342,0.622,0.254,19.50%,7.30%
342,Cam Devanney,,118,415,460,95,59,24,1,11,45,48,34,0,127,6,3,2,4,3,1,0.229,0.295,0.371,0.666,0.3,27.60%,7.40%
343,Jasson Dominguez,NYY,122,421,471,105,72,17,2,14,66,55,45,1,118,2,3,0,23,4,19,0.249,0.323,0.399,0.722,0.312,25.10%,9.60%
344,Gabriel Arias,CLE,127,408,444,94,60,19,2,13,46,49,26,1,136,6,3,1,7,4,3,0.23,0.284,0.382,0.667,0.309,30.60%,5.90%
345,Braiden Ward,BOS,104,329,382,81,62,13,3,3,60,49,22,0,83,23,1,7,33,6,27,0.246,0.336,0.331,0.667,0.32,21.70%,5.80%
346,Ji Hwan Bae,NYM,103,358,399,91,66,17,4,4,63,42,35,1,93,3,2,1,20,6,14,0.254,0.324,0.358,0.682,0.331,23.30%,8.80%
347,Tyler O'Neill,BAL,89,307,349,73,42,13,0,18,47,49,35,2,98,4,3,0,5,1,4,0.238,0.321,0.456,0.777,0.284,28.10%,10.00%
348,Eugenio Suarez,CIN,148,538,610,127,68,23,1,35,78,99,53,1,187,11,8,0,3,1,2,0.236,0.313,0.478,0.791,0.284,30.70%,8.70%
349,Tyler Soderstrom,ATH,144,511,566,129,80,25,1,23,62,86,46,2,130,6,3,0,4,2,2,0.252,0.32,0.44,0.76,0.294,23.00%,8.10%
350,Logan O'Hoppe,LAA,114,405,443,95,63,12,1,19,45,53,31,0,123,5,1,1,2,2,0,0.235,0.296,0.41,0.706,0.288,27.80%,7.00%
351,DaShawn Keirsey Jr.,ATL,121,382,417,91,64,16,4,7,48,44,26,0,116,5,3,1,23,5,18,0.238,0.293,0.356,0.649,0.321,27.80%,6.20%
352,Blake Dunn,CIN,124,422,489,101,76,14,2,9,64,54,44,0,136,15,2,6,18,3,15,0.239,0.331,0.346,0.677,0.33,27.80%,9.00%
353,Austin Gauthier,LAD,120,431,505,101,73,19,3,6,63,44,66,0,110,5,3,0,5,2,3,0.234,0.341,0.334,0.675,0.299,21.80%,13.10%
354,Mason McCoy,SDP,111,381,428,78,52,17,2,7,48,39,36,1,136,3,3,5,13,4,9,0.205,0.277,0.315,0.592,0.295,31.80%,8.40%
355,Eddys Leonard,MIL,122,455,498,102,63,20,3,16,50,66,27,0,124,11,4,1,6,4,2,0.224,0.282,0.387,0.669,0.27,24.90%,5.40%
356,Nick Sogard,BOS,122,432,492,107,77,24,1,5,63,45,52,0,99,4,2,2,11,4,7,0.248,0.333,0.343,0.675,0.309,20.10%,10.60%
357,Vaughn Grissom,LAA,110,423,468,106,75,20,1,10,61,48,34,0,87,8,3,0,8,2,6,0.251,0.316,0.374,0.69,0.292,18.60%,7.30%
358,Kyle Manzardo,CLE,134,449,513,109,63,23,1,22,57,69,51,2,119,6,7,0,2,0,2,0.243,0.324,0.445,0.769,0.276,23.20%,9.90%
359,Homer Bush Jr.,TBR,118,459,512,119,100,12,4,3,60,48,31,0,105,11,2,9,29,8,21,0.259,0.32,0.322,0.643,0.329,20.50%,6.10%
360,Josh Jung,TEX,123,462,493,112,76,21,1,14,53,56,27,0,125,3,1,0,3,1,2,0.242,0.288,0.383,0.671,0.302,25.40%,5.50%
361,Kody Clemens,MIN,114,357,392,82,47,16,3,16,49,51,28,1,95,4,2,1,4,1,3,0.23,0.292,0.426,0.717,0.266,24.20%,7.10%
362,Vimael Machin,COL,112,411,451,110,75,22,2,11,46,50,34,2,84,2,4,0,6,2,4,0.268,0.324,0.411,0.735,0.309,18.60%,7.50%
363,Paul Goldschmidt,NYY,130,468,521,120,78,26,0,16,66,63,48,3,118,3,2,0,5,1,4,0.256,0.328,0.415,0.743,0.31,22.60%,9.20%
364,Colt Keith,DET,131,471,525,125,79,28,2,16,71,71,47,1,115,3,4,0,2,1,1,0.265,0.333,0.435,0.769,0.317,21.90%,9.00%
365,Will Benson,CIN,128,376,429,86,50,16,4,16,58,55,45,1,128,4,3,1,11,4,7,0.229,0.315,0.42,0.736,0.298,29.80%,10.50%
366,Yoan Moncada,LAA,90,301,339,72,43,16,1,12,40,42,33,1,91,4,1,0,1,0,1,0.239,0.322,0.419,0.74,0.302,26.80%,9.70%
367,Christian Koss,SFG,93,287,312,73,52,14,1,6,40,34,14,0,72,5,2,4,6,2,4,0.254,0.299,0.373,0.672,0.318,23.10%,4.50%
368,John Peck,DET,114,454,487,113,82,20,3,8,66,56,27,0,143,4,2,0,12,5,7,0.249,0.296,0.359,0.655,0.344,29.40%,5.50%
369,Vinnie Pasquantino,KCR,146,549,613,139,83,29,1,26,63,90,51,3,90,6,7,0,1,0,1,0.253,0.32,0.452,0.771,0.257,14.70%,8.30%
370,Luis Vazquez,BAL,103,335,371,79,54,15,1,9,38,42,22,0,91,6,3,5,5,4,1,0.236,0.292,0.367,0.66,0.294,24.50%,5.90%
371,Freddy Fermin,SDP,98,299,330,70,51,12,0,7,31,32,22,1,66,2,3,4,1,1,0,0.234,0.288,0.344,0.633,0.275,20.00%,6.70%
372,Nelson Rada,LAA,142,519,596,128,106,17,2,3,66,52,53,0,139,10,3,11,30,12,18,0.247,0.326,0.304,0.631,0.329,23.30%,8.90%
373,Alejandro Osuna,TEX,112,376,431,91,63,19,2,7,52,45,39,1,93,9,3,4,13,7,6,0.242,0.326,0.359,0.685,0.301,21.60%,9.00%
374,Miles Mastrobuoni,SEA,106,312,352,73,54,15,1,3,41,28,35,0,66,0,2,3,12,3,9,0.234,0.309,0.317,0.627,0.286,18.80%,9.90%
375,Charles McAdoo,TOR,122,454,497,103,66,20,2,15,56,63,36,0,153,4,2,1,16,4,12,0.227,0.288,0.379,0.667,0.306,30.80%,7.20%
376,Alex Jackson,MIN,80,254,278,53,27,15,1,10,35,31,19,0,88,4,1,0,1,1,0,0.209,0.273,0.394,0.667,0.274,31.70%,6.80%
377,Tyler Austin,CHC,92,290,329,71,38,18,1,14,41,49,36,3,91,1,2,0,0,0,0,0.245,0.328,0.459,0.787,0.305,27.70%,10.90%
378,Nathaniel Lowe,CIN,147,525,590,139,98,23,2,16,62,74,59,2,130,3,3,0,1,1,0,0.265,0.341,0.408,0.748,0.322,22.00%,10.00%
379,Austin Hays,CHW,117,403,442,101,61,22,3,15,60,52,30,1,110,4,5,0,6,1,5,0.251,0.305,0.432,0.737,0.304,24.90%,6.80%
380,Ryan Bliss,SEA,118,445,495,94,61,22,2,9,59,51,39,0,133,6,3,2,27,12,15,0.211,0.282,0.33,0.612,0.278,26.90%,7.90%
381,Taylor Trammell,HOU,100,306,352,68,37,17,1,13,45,43,40,0,102,3,3,0,9,3,6,0.222,0.315,0.412,0.727,0.284,29.00%,11.40%
382,Curtis Mead,CHW,113,383,426,94,66,18,1,9,47,44,29,0,86,11,3,0,6,2,4,0.245,0.315,0.368,0.683,0.292,20.20%,6.80%
383,Myles Straw,TOR,133,368,410,87,65,15,3,4,53,32,31,0,74,1,3,7,15,2,13,0.236,0.295,0.326,0.621,0.283,18.00%,7.60%
384,Drew Gilbert,SFG,120,439,492,101,66,20,3,12,52,57,41,0,93,9,3,0,5,3,2,0.23,0.307,0.371,0.678,0.264,18.90%,8.30%
385,Milan Tolentino,CLE,119,422,472,90,58,19,2,11,52,48,42,0,167,3,3,2,12,4,8,0.213,0.287,0.346,0.633,0.32,35.40%,8.90%
386,Rhylan Thomas,SEA,131,504,553,131,104,22,1,4,67,49,32,1,43,3,4,10,17,6,11,0.26,0.306,0.331,0.637,0.275,7.80%,5.80%
387,Jack Dunn,,99,326,381,72,55,11,2,4,42,37,42,1,80,6,2,5,10,3,7,0.221,0.319,0.304,0.623,0.279,21.00%,11.00%
388,Jared Young,NYM,104,359,407,87,54,16,2,15,51,57,38,0,96,7,2,1,5,2,3,0.242,0.325,0.423,0.749,0.288,23.60%,9.30%
389,Kyle Isbel,KCR,129,355,394,84,58,15,5,6,49,37,24,0,76,4,3,8,7,4,3,0.237,0.29,0.358,0.648,0.283,19.30%,6.10%
390,Jonathan India,KCR,132,478,555,114,76,25,2,11,67,50,57,0,106,15,4,1,4,3,1,0.238,0.336,0.368,0.704,0.282,19.10%,10.30%
391,Devin Mann,SFG,95,343,390,78,50,20,1,7,45,41,37,1,95,7,2,1,2,1,1,0.227,0.314,0.353,0.666,0.292,24.40%,9.50%
392,Joey Bart,PIT,95,290,332,69,49,12,0,8,34,33,34,0,93,7,1,0,1,1,0,0.238,0.331,0.362,0.693,0.321,28.00%,10.20%
393,Daniel Schneemann,CLE,121,383,429,85,53,19,2,11,50,43,41,0,115,2,2,1,8,3,5,0.222,0.299,0.368,0.667,0.286,26.80%,9.60%
394,Mickey Gasper,BOS,90,284,325,67,46,14,0,7,39,36,32,0,60,7,2,0,3,0,3,0.236,0.326,0.359,0.685,0.274,18.50%,9.80%
395,Ryan O'Hearn,PIT,135,426,479,113,77,22,1,13,56,51,45,3,93,5,3,0,3,1,2,0.265,0.34,0.413,0.753,0.31,19.40%,9.40%
396,Jeferson Quero,MIL,83,321,353,72,49,13,0,10,37,43,26,0,68,3,3,0,2,0,2,0.224,0.286,0.358,0.644,0.252,19.30%,7.40%
397,Carlos Mendoza,TOR,106,375,438,89,69,13,2,5,58,47,44,0,71,10,3,6,9,5,4,0.237,0.331,0.323,0.654,0.278,16.20%,10.00%
398,Jose Trevino,CIN,86,250,268,58,41,11,1,5,26,25,14,0,39,1,2,1,0,0,0,0.232,0.273,0.344,0.617,0.255,14.60%,5.20%
399,Sam Hilliard,,114,376,423,90,52,19,6,13,55,47,42,1,131,1,3,1,10,2,8,0.239,0.315,0.426,0.741,0.328,31.00%,9.90%
400,Francisco Acuna,SDP,117,411,467,91,63,19,1,8,53,51,38,1,117,11,3,4,10,4,6,0.221,0.302,0.331,0.633,0.287,25.10%,8.10%
401,Leo Jimenez,TOR,95,304,352,68,46,14,1,7,45,41,28,0,75,16,3,1,2,2,0,0.224,0.319,0.345,0.664,0.271,21.30%,8.00%
402,Graham Pauley,MIA,117,405,452,89,56,19,2,12,52,51,39,1,92,5,2,1,7,2,5,0.22,0.295,0.365,0.66,0.254,20.40%,8.60%
403,Kody Hoese,,107,386,424,91,58,20,2,11,46,48,32,0,97,3,3,0,1,0,1,0.236,0.297,0.383,0.681,0.285,22.90%,7.50%
404,Jesus Bastidas,MIA,130,489,546,107,68,25,2,12,65,66,38,1,146,15,3,1,9,3,6,0.219,0.294,0.352,0.645,0.284,26.70%,7.00%
405,Brandon Valenzuela,TOR,106,396,437,81,52,16,1,12,41,50,36,1,119,2,3,0,2,1,1,0.205,0.272,0.341,0.613,0.257,27.20%,8.20%
406,Cam Smith,HOU,130,432,481,105,72,19,3,11,58,52,40,0,125,7,2,0,8,1,7,0.243,0.316,0.377,0.693,0.315,26.00%,8.30%
407,Jurickson Profar,ATL,116,433,501,109,71,23,1,14,64,56,57,1,79,7,3,1,7,1,6,0.252,0.346,0.406,0.752,0.277,15.80%,11.40%
408,Jose Siri,LAA,107,327,358,65,37,14,1,13,49,44,23,0,130,4,3,1,12,3,9,0.199,0.258,0.367,0.625,0.278,36.30%,6.40%
409,Drew Waters,KCR,119,406,448,91,55,19,8,9,55,45,35,0,136,4,2,1,12,4,8,0.224,0.291,0.377,0.668,0.312,30.40%,7.80%
410,George Lombard Jr.,NYY,135,511,585,104,67,25,3,9,72,60,59,0,166,12,3,0,19,7,12,0.204,0.299,0.317,0.616,0.28,28.40%,10.10%
411,Ryan Mountcastle,BAL,111,419,455,109,67,24,1,17,51,59,27,0,112,3,6,0,3,0,3,0.26,0.305,0.444,0.749,0.311,24.60%,5.90%
412,Bobby Dalbec,,121,416,462,92,57,17,3,15,53,52,39,0,176,5,2,0,6,1,5,0.221,0.294,0.385,0.679,0.339,38.10%,8.40%
413,Christian Yelich,MIL,130,493,560,125,86,21,1,17,76,72,62,5,138,4,1,0,16,4,12,0.254,0.341,0.404,0.745,0.319,24.60%,11.10%
414,Jonah Bride,TEX,111,354,415,76,53,16,0,7,41,41,51,1,90,6,4,0,1,1,0,0.215,0.32,0.319,0.64,0.264,21.70%,12.30%
415,Eli White,ATL,103,283,308,68,49,9,2,8,44,35,19,1,85,4,1,1,13,2,11,0.24,0.296,0.371,0.667,0.314,27.60%,6.20%
416,Kyle Higashioka,TEX,87,253,275,57,35,12,1,9,25,34,17,0,68,1,3,1,2,0,2,0.225,0.274,0.387,0.661,0.268,24.70%,6.20%
417,Nick Allen,HOU,131,404,453,93,72,16,1,4,44,35,35,0,89,3,3,8,9,5,4,0.23,0.294,0.304,0.599,0.283,19.60%,7.70%
418,Osleivis Basabe,SFG,118,442,478,111,80,21,3,7,53,52,25,0,80,5,3,3,6,3,3,0.251,0.297,0.36,0.657,0.291,16.70%,5.20%
419,Buddy Kennedy,SFG,111,399,453,100,70,20,2,8,54,49,42,1,80,8,4,0,3,2,1,0.251,0.331,0.371,0.702,0.292,17.70%,9.30%
420,Edgar Quero,CHW,118,412,462,101,77,16,0,8,39,48,40,0,84,6,4,0,0,1,-1,0.245,0.318,0.342,0.66,0.287,18.20%,8.70%
421,Juan Brito,CLE,118,452,516,102,66,23,1,12,62,56,51,1,105,6,4,3,7,6,1,0.226,0.31,0.361,0.671,0.265,20.30%,9.90%
422,Austin Overn,TBR,113,418,472,97,71,12,3,11,63,50,41,1,150,5,3,5,31,7,24,0.232,0.306,0.354,0.66,0.331,31.80%,8.70%
423,Carson Roccaforte,KCR,122,475,531,98,59,21,6,12,60,55,50,0,182,3,2,1,19,9,10,0.206,0.285,0.352,0.636,0.304,34.30%,9.40%
424,Franklin Arias,BOS,117,482,517,119,85,26,1,7,51,55,29,1,73,4,2,0,8,6,2,0.247,0.294,0.349,0.643,0.277,14.10%,5.60%
425,Ricardo Olivar,MIN,98,380,424,91,62,19,1,9,49,46,37,0,97,5,2,0,5,1,4,0.239,0.314,0.366,0.679,0.297,22.90%,8.70%
426,Isaac Collins,KCR,119,384,447,88,57,19,3,9,56,50,52,1,98,6,3,2,15,6,9,0.229,0.328,0.365,0.693,0.282,21.90%,11.60%
427,Tirso Ornelas,SDP,112,427,476,102,72,19,1,10,52,49,42,1,99,3,3,1,5,3,2,0.239,0.309,0.358,0.668,0.287,20.80%,8.80%
428,Christian Moore,LAA,122,426,476,97,66,15,5,11,54,52,43,1,150,3,3,1,8,3,5,0.228,0.301,0.364,0.665,0.321,31.50%,9.00%
429,Cesar Salazar,HOU,76,240,281,51,36,9,0,6,28,33,25,0,54,11,3,2,2,1,1,0.213,0.312,0.325,0.637,0.246,19.20%,8.90%
430,Hunter Feduccia,TBR,100,345,393,80,53,16,2,9,46,37,44,0,99,1,3,0,1,0,1,0.232,0.318,0.368,0.686,0.296,25.20%,11.20%
431,Tyler Locklear,ARI,123,466,525,116,75,24,3,14,64,70,42,1,131,14,3,0,11,3,8,0.249,0.328,0.403,0.731,0.315,25.00%,8.00%
432,Rafael Lantigua,TOR,124,440,505,105,77,21,1,6,64,48,53,0,95,3,4,5,11,6,5,0.239,0.322,0.332,0.654,0.289,18.80%,10.50%
433,Chas McCormick,CHC,112,286,328,65,45,10,1,9,39,37,29,1,90,6,3,4,10,5,5,0.227,0.309,0.364,0.672,0.295,27.40%,8.80%
434,Henry Davis,PIT,100,334,377,75,47,16,1,11,42,41,29,1,96,10,2,2,5,2,3,0.225,0.304,0.377,0.681,0.279,25.50%,7.70%
435,Anthony Santander,TOR,121,451,508,103,55,21,0,27,59,78,48,2,114,6,3,0,1,0,1,0.228,0.309,0.455,0.764,0.243,22.40%,9.40%
436,Trei Cruz,DET,119,455,522,102,67,21,3,11,68,56,61,1,132,2,3,1,8,5,3,0.224,0.317,0.356,0.673,0.289,25.30%,11.70%
437,Phillip Glasser,WSN,117,457,508,122,96,18,3,5,60,52,39,1,74,7,2,3,15,7,8,0.267,0.333,0.352,0.685,0.308,14.60%,7.70%
438,Miguel Amaya,CHC,79,238,267,57,37,12,1,7,27,35,19,0,58,6,2,2,0,0,0,0.239,0.309,0.387,0.696,0.286,21.70%,7.10%
439,Tyler Heineman,TOR,61,157,184,35,26,5,1,3,21,18,16,0,34,5,1,5,3,1,2,0.223,0.313,0.325,0.638,0.264,18.50%,8.70%
440,Jac Caglianone,KCR,128,473,524,120,76,20,1,23,64,71,40,2,114,8,3,0,3,1,2,0.254,0.321,0.446,0.767,0.286,21.80%,7.60%
441,Javier Sanoja,MIA,138,460,500,116,81,24,5,6,52,52,30,0,49,2,4,4,10,8,2,0.252,0.298,0.365,0.664,0.269,9.80%,6.00%
442,Ryan Fitzgerald,LAD,94,317,355,71,42,16,2,11,38,47,30,0,94,5,2,1,4,3,1,0.224,0.299,0.391,0.691,0.28,26.50%,8.50%
443,Matt Gorski,LAD,95,335,361,76,41,15,2,18,48,67,20,0,113,1,4,1,8,4,4,0.227,0.269,0.445,0.714,0.279,31.30%,5.50%
444,Everson Pereira,CHW,101,381,424,89,58,13,2,16,62,50,35,0,136,6,2,0,9,3,6,0.234,0.307,0.404,0.711,0.316,32.10%,8.30%
445,Bryan Reynolds,PIT,145,557,622,140,91,29,3,17,67,71,54,2,153,8,3,0,5,2,3,0.251,0.325,0.406,0.731,0.315,24.60%,8.70%
446,Nolan Schanuel,LAA,137,495,572,129,93,23,1,12,67,58,61,2,79,9,4,3,5,1,4,0.261,0.35,0.384,0.734,0.287,13.80%,10.70%
447,Jud Fabian,BAL,119,426,490,81,48,16,1,16,53,52,52,0,175,4,4,4,8,4,4,0.19,0.282,0.345,0.627,0.272,35.70%,10.60%
448,Brandon Butterworth,BAL,120,472,510,107,68,23,5,11,63,57,26,0,119,9,3,0,11,3,8,0.227,0.278,0.367,0.645,0.278,23.30%,5.10%
449,Yonathan Perlaza,,131,512,574,118,73,29,1,15,70,66,57,2,151,3,2,0,8,5,3,0.23,0.31,0.379,0.689,0.296,26.30%,9.90%
450,Justin Foscue,TEX,107,415,466,93,56,24,1,12,54,53,41,0,78,7,2,1,5,2,3,0.224,0.303,0.373,0.677,0.248,16.70%,8.80%
451,Jon Berti,,95,263,294,64,51,9,1,3,35,21,25,0,65,3,2,1,19,5,14,0.243,0.314,0.319,0.633,0.31,22.10%,8.50%
452,Cesar Prieto,STL,125,482,519,125,89,27,2,7,60,56,24,0,76,7,2,4,6,7,-1,0.259,0.303,0.367,0.67,0.294,14.60%,4.60%
453,Ryan Clifford,NYM,142,511,587,109,61,22,1,25,63,79,66,1,174,6,4,0,4,2,2,0.213,0.308,0.407,0.715,0.266,29.60%,11.20%
454,Dominic Canzone,SEA,123,410,447,100,63,19,1,17,55,57,31,2,101,3,3,0,4,2,2,0.244,0.3,0.42,0.719,0.281,22.60%,6.90%
455,Dustin Harris,CHW,120,457,509,110,78,18,3,11,65,54,41,2,110,6,3,2,22,5,17,0.241,0.31,0.365,0.675,0.292,21.60%,8.10%
456,Jerar Encarnacion,SFG,91,329,360,81,54,13,0,14,41,53,26,0,111,3,2,0,3,1,2,0.246,0.306,0.413,0.719,0.325,30.80%,7.20%
457,Cooper Johnson,TEX,90,297,337,55,36,13,0,6,29,32,34,0,115,4,1,1,2,0,2,0.185,0.277,0.29,0.566,0.277,34.10%,10.10%
458,Diego Velasquez,SFG,131,493,566,122,99,19,2,2,52,47,47,1,94,8,3,15,11,6,5,0.247,0.321,0.306,0.628,0.3,16.60%,8.30%
459,Paul DeJong,NYY,104,335,368,68,42,12,0,14,38,47,24,0,119,5,4,0,4,2,2,0.203,0.264,0.364,0.628,0.262,32.30%,6.50%
460,Jackson Cluff,NYM,100,319,365,65,42,13,2,8,44,40,35,0,118,4,2,5,11,2,9,0.204,0.289,0.332,0.621,0.292,32.30%,9.60%
461,Leo De Vries,ATH,116,471,525,104,60,27,4,13,62,62,44,2,133,7,2,1,6,5,1,0.221,0.296,0.378,0.674,0.278,25.30%,8.40%
462,LuJames Groover,ARI,120,479,531,119,86,25,0,8,48,57,41,1,89,8,3,0,2,2,0,0.248,0.316,0.351,0.667,0.288,16.80%,7.70%
463,Tanner Murray,CHW,124,469,501,110,76,23,1,10,54,52,24,0,116,5,2,1,2,2,0,0.235,0.278,0.352,0.63,0.29,23.20%,4.80%
464,Nate Furman,SFG,69,255,294,66,52,8,1,5,42,34,28,0,46,7,1,3,7,1,6,0.259,0.347,0.357,0.704,0.298,15.60%,9.50%
465,Enmanuel Valdez,PIT,103,343,386,83,52,19,1,11,43,43,37,0,84,2,3,1,3,1,2,0.242,0.317,0.399,0.716,0.287,21.80%,9.60%
466,Blaine Crim,COL,129,492,550,132,84,28,2,18,68,70,47,2,109,6,5,0,3,2,1,0.268,0.336,0.443,0.779,0.308,19.80%,8.50%
467,Wyatt Young,NYM,115,386,439,89,74,11,1,3,48,34,43,0,99,3,3,4,7,3,4,0.231,0.31,0.288,0.598,0.3,22.60%,9.80%
468,Austin Hedges,CLE,71,166,191,31,23,4,0,4,15,15,16,0,50,2,2,5,1,1,0,0.187,0.263,0.283,0.547,0.237,26.20%,8.40%
469,JJ Bleday,CIN,132,459,518,104,59,23,1,21,67,68,55,1,119,2,2,0,3,2,1,0.227,0.311,0.418,0.729,0.259,23.00%,10.60%
470,Corey Joyce,,92,322,373,73,53,14,2,4,40,39,40,0,94,9,2,0,7,2,5,0.227,0.327,0.32,0.647,0.305,25.20%,10.70%
471,Troy Johnston,COL,122,447,492,120,78,25,5,12,58,64,33,1,95,10,2,0,15,3,12,0.268,0.331,0.427,0.759,0.316,19.30%,6.70%
472,Derek Hill,CHW,94,301,332,70,49,11,2,8,42,35,21,0,94,4,2,4,11,2,9,0.233,0.29,0.362,0.652,0.308,28.30%,6.30%
473,Logan Porter,SFG,88,298,344,65,47,12,0,6,36,33,38,0,91,4,2,2,1,0,1,0.218,0.313,0.319,0.632,0.291,26.50%,11.00%
474,Marcelo Mayer,BOS,88,323,353,77,49,17,2,9,46,41,25,1,83,2,3,0,3,2,1,0.238,0.295,0.387,0.682,0.291,23.50%,7.10%
475,Carlos Cortes,ATH,108,362,402,86,53,20,1,12,46,48,35,0,84,2,3,0,1,1,0,0.238,0.306,0.398,0.704,0.275,20.90%,8.70%
476,Nick Fortes,TBR,100,265,294,59,43,9,0,7,31,30,18,0,49,6,2,3,2,1,1,0.223,0.285,0.336,0.621,0.246,16.70%,6.10%
477,Noah Cardenas,MIN,80,271,315,55,37,13,0,5,30,31,36,0,75,7,1,0,2,2,0,0.203,0.311,0.306,0.617,0.26,23.80%,11.40%
478,Dylan Carlson,CHC,111,315,366,72,48,14,2,8,41,38,42,0,82,5,4,0,5,2,3,0.229,0.325,0.362,0.687,0.279,22.40%,11.50%
479,A.J. Ewing,NYM,130,537,592,135,100,23,8,4,81,57,47,2,127,4,4,0,36,8,28,0.251,0.314,0.346,0.661,0.32,21.50%,7.90%
480,Harold Castro,,102,345,372,89,62,15,1,11,37,45,17,0,83,2,2,6,3,1,2,0.258,0.295,0.403,0.698,0.308,22.30%,4.60%
481,Maddux Houghton,MIN,103,316,346,71,48,13,3,7,46,36,23,0,123,5,2,0,12,2,10,0.225,0.286,0.351,0.637,0.34,35.50%,6.60%
482,Thairo Estrada,,98,371,399,99,69,19,2,9,48,47,17,0,72,8,3,0,8,4,4,0.267,0.311,0.402,0.712,0.307,18.00%,4.30%
483,Jorge Barrosa,ARI,119,456,509,102,70,22,3,7,56,47,43,1,115,3,3,4,9,5,4,0.224,0.293,0.331,0.624,0.282,22.60%,8.40%
484,Joseph Sullivan,HOU,105,401,477,78,54,11,1,12,49,56,56,0,162,18,2,0,17,6,11,0.195,0.319,0.317,0.635,0.288,34.00%,11.70%
485,John Rave,KCR,125,431,487,99,64,19,5,11,61,51,45,0,130,2,3,6,15,4,11,0.23,0.304,0.374,0.677,0.3,26.70%,9.20%
486,Charles Leblanc,,91,315,359,74,52,13,1,8,38,43,38,1,104,4,1,1,3,2,1,0.235,0.324,0.359,0.683,0.324,29.00%,10.60%
487,Chandler Simpson,TBR,131,519,558,151,132,16,3,0,75,43,30,0,55,0,2,7,51,12,39,0.291,0.328,0.333,0.662,0.324,9.90%,5.40%
488,Tyler Tolbert,KCR,125,394,443,88,64,14,5,5,59,41,26,0,120,7,3,13,35,5,30,0.223,0.281,0.322,0.604,0.305,27.10%,5.90%
489,David Villar,,101,354,401,78,50,15,0,13,48,49,39,0,114,5,3,0,2,1,1,0.22,0.304,0.373,0.677,0.283,28.40%,9.70%
490,Forrest Wall,,98,326,370,76,57,12,2,5,49,36,34,0,106,5,2,3,23,5,18,0.233,0.313,0.328,0.642,0.327,28.60%,9.20%
491,Daylen Lile,WSN,137,516,565,136,91,25,11,9,71,64,37,0,104,7,4,1,14,6,8,0.264,0.319,0.407,0.726,0.312,18.40%,6.50%
492,Kevin Alcantara,CHC,117,431,473,101,68,20,1,12,54,53,38,0,154,2,2,0,8,3,5,0.234,0.298,0.369,0.667,0.333,32.60%,8.00%
493,Kody Huff,CLE,100,352,390,74,54,14,1,5,32,33,29,0,110,5,2,2,2,1,1,0.21,0.278,0.298,0.577,0.289,28.20%,7.40%
494,Eduardo Tait,MIN,112,442,475,99,60,28,1,10,47,50,22,0,113,5,6,0,0,0,0,0.224,0.265,0.36,0.625,0.274,23.80%,4.60%
495,Joc Pederson,TEX,109,306,358,71,42,13,1,15,44,42,42,2,82,8,2,0,2,1,1,0.232,0.338,0.428,0.766,0.265,22.90%,11.70%
496,Nick Yorke,PIT,124,491,533,124,90,24,2,8,60,50,36,1,124,3,3,0,11,5,6,0.253,0.306,0.358,0.664,0.32,23.30%,6.80%
497,Christian Encarnacion-Strand,CIN,108,414,446,100,58,22,2,18,53,67,22,0,118,7,3,0,1,2,-1,0.242,0.289,0.435,0.724,0.292,26.50%,4.90%
498,Andruw Monasterio,BOS,111,313,351,75,51,15,1,8,45,37,32,0,86,4,2,0,10,4,6,0.24,0.316,0.371,0.687,0.303,24.50%,9.10%
499,Christian Franklin,WSN,115,428,492,103,75,17,3,8,60,47,52,0,116,7,2,3,12,6,6,0.241,0.331,0.35,0.682,0.31,23.60%,10.60%
500,Kenny Piper,TBR,80,271,305,51,32,9,1,9,35,35,24,0,93,7,3,0,5,0,5,0.188,0.269,0.328,0.597,0.244,30.50%,7.90%
501,Garrett Mitchell,MIL,62,193,218,46,30,10,2,4,28,24,21,0,67,2,1,1,9,2,7,0.238,0.318,0.373,0.691,0.341,30.70%,9.60%
502,Bryce Johnson,SDP,110,295,338,68,50,12,2,4,39,32,29,0,91,6,1,7,14,3,11,0.231,0.311,0.325,0.637,0.318,26.90%,8.60%
503,Ben Malgeri,DET,104,366,405,88,57,18,4,9,56,53,28,1,113,8,3,0,6,3,3,0.24,0.306,0.385,0.691,0.32,27.90%,6.90%
504,Brayden Taylor,TBR,111,409,458,81,49,17,3,12,53,46,44,0,143,1,3,1,11,3,8,0.198,0.276,0.342,0.618,0.268,31.20%,9.60%
505,Hunter Stovall,,97,355,382,82,63,12,1,6,41,36,21,0,71,2,2,2,7,2,5,0.231,0.276,0.321,0.597,0.271,18.60%,5.50%
506,Nick Solak,SDP,106,381,425,103,75,19,1,8,52,47,33,2,71,9,2,0,6,2,4,0.27,0.341,0.388,0.73,0.313,16.70%,7.80%
507,Oliver Dunn,CHW,119,409,460,83,53,19,3,8,46,46,41,0,164,6,1,3,13,3,10,0.203,0.284,0.323,0.607,0.315,35.70%,8.90%
508,Tyrone Taylor,NYM,110,312,339,72,45,18,2,7,41,33,16,1,76,7,2,2,9,2,7,0.231,0.282,0.369,0.65,0.281,22.40%,4.70%
509,Omar Alfonzo,PIT,119,431,481,94,67,18,1,8,43,46,42,1,155,5,1,2,1,0,1,0.218,0.294,0.32,0.615,0.32,32.20%,8.70%
510,Oscar Mercado,ARI,109,362,411,84,57,14,3,10,50,48,35,0,77,6,4,4,19,6,13,0.232,0.307,0.37,0.677,0.265,18.70%,8.50%
511,Victor Robles,SEA,75,219,249,54,37,11,1,5,30,25,16,0,54,8,2,4,14,4,10,0.247,0.318,0.374,0.693,0.302,21.70%,6.40%
512,Chris Newell,LAD,121,461,518,95,52,20,2,21,59,66,49,2,192,3,4,1,13,3,10,0.206,0.284,0.395,0.679,0.294,37.10%,9.50%
513,Roc Riggio,COL,94,366,413,86,49,21,3,13,54,50,39,0,98,6,1,1,10,6,4,0.235,0.318,0.415,0.733,0.285,23.70%,9.40%
514,Brewer Hicklen,ATL,100,362,410,77,46,15,2,14,54,55,35,1,144,10,3,0,18,2,16,0.213,0.298,0.381,0.679,0.304,35.10%,8.50%
515,Angel Martinez,CLE,134,476,524,111,74,23,3,11,59,54,32,0,114,6,5,5,8,3,5,0.233,0.287,0.363,0.651,0.281,21.80%,6.10%
516,Travis d'Arnaud,LAA,72,237,259,51,29,13,1,8,25,29,16,0,73,5,1,0,0,0,0,0.215,0.278,0.38,0.658,0.274,28.20%,6.20%
517,Nasim Nunez,WSN,119,383,435,85,70,11,1,3,54,35,42,0,105,2,3,5,34,7,27,0.222,0.3,0.279,0.579,0.295,24.10%,9.70%
518,Junior Perez,ATH,131,478,541,101,58,25,3,15,62,65,52,1,190,3,3,5,18,5,13,0.211,0.291,0.37,0.661,0.312,35.10%,9.60%
519,Bob Seymour,,119,448,486,109,69,18,2,20,65,70,33,2,144,3,2,0,3,0,3,0.243,0.298,0.426,0.725,0.311,29.60%,6.80%
520,Matt Vierling,DET,113,396,438,98,67,17,3,11,52,47,35,1,101,4,3,0,5,2,3,0.247,0.313,0.389,0.702,0.303,23.10%,8.00%
521,Yonny Hernandez,NYM,105,353,400,85,71,10,2,2,47,32,33,1,61,6,1,7,9,6,3,0.241,0.316,0.297,0.613,0.285,15.30%,8.30%
522,Cooper Pratt,MIL,124,464,524,99,71,20,2,6,56,50,44,1,112,7,6,3,16,3,13,0.213,0.288,0.304,0.592,0.264,21.40%,8.40%
523,Jo Adell,LAA,140,472,518,110,61,21,1,27,60,84,35,1,139,9,2,0,7,4,3,0.233,0.297,0.453,0.751,0.269,26.80%,6.80%
524,Brady House,WSN,136,514,547,126,89,22,1,14,62,66,25,1,151,4,4,0,5,3,2,0.245,0.283,0.374,0.657,0.317,27.60%,4.60%
525,Heston Kjerstad,BAL,104,364,402,88,56,16,3,13,48,52,26,1,105,9,3,0,2,1,1,0.242,0.306,0.409,0.715,0.301,26.10%,6.50%
526,Corey Julks,DET,114,412,453,102,67,22,2,11,58,56,36,1,104,3,2,0,11,2,9,0.248,0.311,0.391,0.702,0.304,23.00%,7.90%
527,William Bergolla Jr.,CHW,128,477,537,121,101,16,3,1,63,41,26,0,37,4,3,27,21,7,14,0.254,0.296,0.306,0.602,0.271,6.90%,4.80%
528,Levi Jordan,WSN,106,374,410,88,63,17,2,6,47,42,25,0,77,8,2,1,9,2,7,0.235,0.296,0.34,0.635,0.28,18.80%,6.10%
529,Christian Vazquez,,79,248,271,56,42,10,0,4,23,23,18,0,48,2,2,1,1,1,0,0.226,0.281,0.315,0.596,0.263,17.70%,6.60%
530,Donovan Walton,LAA,109,383,427,91,67,16,1,7,49,42,32,1,67,6,4,2,3,3,0,0.238,0.304,0.339,0.643,0.268,15.70%,7.50%
531,Kevin Parada,NYM,110,399,440,87,56,18,1,12,41,51,30,0,140,6,4,1,2,1,1,0.218,0.28,0.358,0.639,0.299,31.80%,6.80%
532,Jacob Melton,TBR,92,338,368,76,50,15,1,10,47,41,27,0,97,2,1,0,20,5,15,0.225,0.285,0.364,0.649,0.284,26.40%,7.30%
533,Alek Thomas,ARI,135,429,466,103,70,19,4,10,55,47,25,0,103,4,4,4,7,3,4,0.24,0.286,0.373,0.659,0.291,22.10%,5.40%
534,Payton Henry,NYY,67,236,259,53,38,7,0,8,29,35,16,0,70,6,1,0,1,0,1,0.225,0.29,0.356,0.646,0.283,27.00%,6.20%
535,Yasmani Grandal,,74,238,269,55,40,9,0,6,20,26,27,0,52,2,1,1,0,0,0,0.231,0.313,0.345,0.658,0.271,19.30%,10.00%
536,Thomas Gavello,SFG,96,321,365,69,47,12,1,9,43,46,23,0,127,15,2,4,5,1,4,0.215,0.296,0.343,0.639,0.321,34.80%,6.30%
537,Victor Labrada,SEA,116,424,479,95,67,18,3,7,59,48,43,1,117,7,2,3,23,7,16,0.224,0.305,0.33,0.635,0.291,24.40%,9.00%
538,Dylan Moore,PHI,115,268,308,59,32,12,2,13,44,38,30,1,92,8,2,0,18,6,12,0.22,0.315,0.425,0.74,0.279,29.90%,9.70%
539,Rodolfo Duran,SDP,81,303,329,68,44,14,1,9,36,37,18,0,81,2,2,4,1,0,1,0.224,0.271,0.366,0.637,0.274,24.60%,5.50%
540,Mike Tauchman,NYM,107,335,387,78,54,14,1,9,49,36,46,1,90,4,2,0,3,1,2,0.233,0.331,0.361,0.692,0.29,23.30%,11.90%
541,Mike Antico,STL,112,407,451,94,67,18,2,7,53,44,33,0,118,6,3,2,19,4,15,0.231,0.296,0.337,0.633,0.305,26.20%,7.30%
542,Wenceel Perez,DET,114,412,456,99,63,19,5,12,59,56,36,0,96,3,4,1,10,4,6,0.24,0.303,0.398,0.701,0.282,21.10%,7.90%
543,Luis Lara,MIL,137,532,600,115,86,25,2,2,63,50,53,0,126,11,4,0,24,7,17,0.216,0.298,0.282,0.58,0.277,21.00%,8.80%
544,Adrian Sugastey,SFG,87,312,332,71,55,11,1,4,28,30,14,0,46,2,2,2,1,2,-1,0.228,0.264,0.308,0.571,0.254,13.90%,4.20%
545,Brooks Lee,MIN,128,476,515,116,81,21,1,13,52,59,33,1,88,2,4,0,3,1,2,0.244,0.293,0.374,0.667,0.272,17.10%,6.40%
546,Nick Loftin,KCR,110,374,428,89,62,18,1,8,50,44,43,0,67,6,4,1,8,3,5,0.238,0.323,0.356,0.679,0.267,15.70%,10.00%
547,Termarr Johnson,PIT,127,481,540,112,85,17,2,8,59,51,48,2,122,5,2,4,12,8,4,0.233,0.308,0.326,0.634,0.295,22.60%,8.90%
548,Ildemaro Vargas,ARI,93,310,336,75,56,13,2,4,30,36,19,0,37,3,2,2,3,1,2,0.242,0.29,0.335,0.626,0.262,11.00%,5.70%
549,Nathan Church,STL,122,448,493,111,84,18,2,7,62,50,31,1,64,7,3,4,12,4,8,0.248,0.305,0.344,0.648,0.274,13.00%,6.30%
550,Eduardo Quintero,LAD,115,460,527,99,64,16,4,15,76,61,54,1,144,7,5,1,20,8,12,0.215,0.304,0.365,0.669,0.275,27.30%,10.20%
551,Tommy Troy,ARI,117,468,523,108,76,21,3,8,51,52,42,0,112,7,4,2,13,4,9,0.231,0.301,0.34,0.641,0.284,21.40%,8.00%
552,Chris Williams,,86,283,321,55,33,11,0,11,35,37,32,0,116,3,3,0,1,0,1,0.194,0.28,0.35,0.63,0.277,36.10%,10.00%
553,Livan Soto,,108,382,432,87,67,14,1,5,43,38,40,1,101,4,3,3,3,2,1,0.228,0.305,0.309,0.614,0.294,23.40%,9.30%
554,Andrew Cossetti,MIN,87,316,362,62,34,17,2,9,37,39,36,0,116,9,1,0,2,1,1,0.196,0.296,0.348,0.644,0.276,32.00%,9.90%
555,Michael Massey,KCR,113,395,427,96,65,19,1,11,42,46,21,0,83,5,5,1,3,2,1,0.243,0.286,0.38,0.666,0.278,19.40%,4.90%
556,Dixon Machado,,83,286,331,59,48,8,0,3,28,27,36,0,66,4,2,3,3,1,2,0.206,0.302,0.266,0.568,0.256,19.90%,10.90%
557,Brooks Baldwin,CHW,121,423,463,106,71,18,2,15,53,58,31,0,103,2,2,5,9,3,6,0.251,0.303,0.409,0.712,0.296,22.20%,6.70%
558,James Tibbs III,LAD,120,474,544,101,64,16,3,18,68,72,59,1,142,6,3,2,5,3,2,0.213,0.306,0.373,0.68,0.262,26.10%,10.80%
559,Emmanuel Rivera,,112,338,369,84,61,15,2,6,35,38,24,0,81,4,3,0,2,0,2,0.249,0.304,0.358,0.662,0.307,22.00%,6.50%
560,Michael Conforto,,119,381,437,86,50,19,0,17,53,53,46,1,108,7,3,0,1,0,1,0.226,0.318,0.409,0.728,0.266,24.70%,10.50%
561,Michael Helman,TEX,98,352,387,75,47,18,1,9,53,43,25,0,89,5,3,2,12,2,10,0.213,0.273,0.347,0.619,0.257,23.00%,6.50%
562,Danny De Andrade,MIN,122,445,486,93,57,24,5,7,46,50,27,0,134,13,1,0,7,4,3,0.209,0.274,0.333,0.606,0.282,27.60%,5.60%
563,Cole Carrigg,COL,119,470,519,115,78,18,7,12,70,59,33,1,138,8,3,5,25,7,18,0.245,0.304,0.389,0.693,0.319,26.60%,6.40%
564,Aidan Smith,TBR,106,430,477,92,59,18,2,13,69,55,39,0,161,5,3,0,21,4,17,0.214,0.285,0.356,0.641,0.305,33.80%,8.20%
565,Parks Harber,SFG,78,302,335,71,44,18,2,7,42,38,26,0,92,5,2,0,3,2,1,0.235,0.304,0.377,0.682,0.312,27.50%,7.80%
566,Max Schuemann,NYY,116,332,389,79,57,14,2,6,48,40,41,0,87,9,3,4,11,3,8,0.238,0.335,0.346,0.681,0.302,22.40%,10.50%
567,Gage Workman,DET,113,405,449,88,51,18,4,15,65,59,39,0,163,3,2,0,12,5,7,0.217,0.29,0.393,0.682,0.319,36.30%,8.70%
568,Oswald Peraza,LAA,113,366,400,78,56,12,0,10,45,37,27,0,103,6,1,0,14,3,11,0.213,0.278,0.328,0.605,0.268,25.80%,6.80%
569,Reed Trimble,BAL,85,305,339,68,41,14,2,11,48,41,25,2,88,4,4,1,12,0,12,0.223,0.287,0.39,0.677,0.271,26.00%,7.40%
570,Max Stassi,,60,195,221,41,28,8,0,5,21,22,22,0,60,3,1,0,1,0,1,0.21,0.299,0.328,0.627,0.275,27.10%,10.00%
571,Christian Cerda,ARI,105,371,427,78,55,15,0,8,36,39,45,0,94,3,4,4,1,0,1,0.21,0.298,0.315,0.613,0.256,22.00%,10.50%
572,Josh Bell,MIN,133,465,530,117,78,21,1,17,53,62,58,1,96,4,3,0,0,2,-2,0.252,0.338,0.411,0.748,0.282,18.10%,10.90%
573,Weston Wilson,BAL,105,345,386,77,47,14,1,15,51,45,35,1,109,2,3,1,10,4,6,0.223,0.296,0.4,0.696,0.277,28.20%,9.10%
574,Kyren Paris,LAA,102,355,402,73,45,14,3,11,52,45,37,0,138,6,2,2,19,4,15,0.206,0.29,0.355,0.645,0.298,34.30%,9.20%
575,Lane Thomas,KCR,120,424,475,96,60,19,3,14,57,55,40,0,124,6,5,0,15,6,9,0.226,0.299,0.384,0.683,0.282,26.10%,8.40%
576,Alfonsin Rosario,CLE,120,462,512,102,63,19,2,18,60,66,38,2,182,10,2,0,8,2,6,0.221,0.293,0.387,0.68,0.318,35.50%,7.40%
577,Yohel Pozo,STL,84,290,301,76,50,18,0,8,30,38,8,0,34,1,2,0,1,0,1,0.262,0.282,0.407,0.689,0.272,11.30%,2.70%
578,Ali Sanchez,NYY,75,242,265,53,39,9,0,5,25,28,18,0,66,1,2,2,1,1,0,0.219,0.274,0.318,0.592,0.277,24.90%,6.80%
579,Ryan Waldschmidt,ARI,131,507,588,117,83,21,3,10,76,65,64,1,124,13,4,0,15,7,8,0.231,0.33,0.343,0.673,0.284,21.10%,10.90%
580,Bryan Lavastida,ATH,92,337,375,77,52,15,2,8,41,43,29,1,83,6,2,1,12,4,8,0.228,0.299,0.356,0.656,0.278,22.10%,7.70%
581,Alejo Lopez,,118,414,465,105,82,19,1,3,46,46,38,1,72,10,2,1,10,3,7,0.254,0.33,0.326,0.656,0.299,15.50%,8.20%
582,Gabriel Rincones Jr.,PHI,116,431,490,94,57,21,1,15,64,61,49,2,132,7,3,0,14,5,9,0.218,0.306,0.376,0.682,0.275,26.90%,10.00%
583,Triston Casas,BOS,92,310,359,74,44,16,0,14,38,47,46,3,89,2,1,0,0,0,0,0.239,0.34,0.426,0.766,0.288,24.80%,12.80%
584,Tomas Nido,DET,71,219,236,52,38,8,0,6,25,24,10,0,60,2,1,4,0,0,0,0.237,0.276,0.356,0.632,0.299,25.40%,4.20%
585,Wade Meckler,LAA,99,376,422,100,77,17,2,4,48,38,42,1,83,2,1,1,7,2,5,0.266,0.342,0.354,0.696,0.331,19.70%,10.00%
586,Rafael Marchan,PHI,55,171,194,39,28,8,0,3,18,20,16,0,29,4,2,1,0,0,0,0.228,0.306,0.327,0.633,0.255,14.90%,8.20%
587,Alexander Canario,,87,279,307,64,39,13,1,11,35,35,25,0,100,2,1,0,4,1,3,0.229,0.296,0.401,0.698,0.314,32.60%,8.10%
588,Aroon Escobar,PHI,126,512,565,121,91,12,4,14,70,67,36,2,129,12,5,0,11,3,8,0.236,0.299,0.357,0.657,0.286,22.80%,6.40%
589,Luisangel Acuna,CHW,135,456,494,111,88,17,2,4,66,37,30,0,96,2,3,3,27,7,20,0.243,0.291,0.316,0.607,0.298,19.40%,6.10%
590,Bryce Teodosio,LAA,105,346,379,76,55,13,4,4,40,35,20,0,122,7,3,3,18,4,14,0.22,0.274,0.315,0.589,0.323,32.20%,5.30%
591,Luke Shliger,SFG,57,198,226,42,33,7,0,2,16,19,21,2,58,3,2,2,5,2,3,0.212,0.295,0.278,0.572,0.286,25.70%,9.30%
592,Maximo Acosta,MIA,129,474,520,105,75,17,2,11,58,50,38,0,127,4,3,1,19,8,11,0.222,0.283,0.335,0.619,0.277,24.40%,7.30%
593,Davis Wendzel,PIT,105,365,407,77,50,17,0,10,41,40,33,0,89,7,2,0,2,1,1,0.211,0.287,0.34,0.627,0.25,21.90%,8.10%
594,Jhonny Pereda,SEA,77,242,274,56,41,12,0,3,24,24,29,0,67,1,1,1,0,0,0,0.231,0.315,0.318,0.633,0.306,24.50%,10.60%
595,Gio Urshela,MIN,91,300,326,79,56,17,1,5,29,35,20,0,61,1,4,1,0,1,-1,0.263,0.308,0.377,0.684,0.311,18.70%,6.10%
596,Spencer Steer,CIN,143,526,591,124,76,27,2,19,67,76,55,0,126,8,2,0,10,2,8,0.236,0.316,0.403,0.719,0.274,21.30%,9.30%
597,Tre' Morgan,TBR,93,351,406,89,69,12,2,6,45,41,47,2,79,5,3,0,5,3,2,0.254,0.347,0.35,0.698,0.309,19.50%,11.60%
598,Gustavo Campero,LAA,93,305,345,76,49,16,3,8,44,45,24,0,62,12,2,2,15,3,12,0.249,0.327,0.4,0.727,0.287,18.00%,7.00%
599,George Valera,CLE,85,305,342,72,47,13,1,11,40,39,33,0,99,2,2,0,1,1,0,0.236,0.313,0.393,0.706,0.31,28.90%,9.60%
600,Enrique Bradfield Jr.,BAL,88,327,371,75,55,14,2,4,51,33,32,1,81,4,3,5,26,6,20,0.229,0.303,0.321,0.624,0.29,21.80%,8.60%
601,Liover Peguero,PHI,123,452,492,105,71,19,3,12,55,63,30,0,121,3,3,4,11,3,8,0.232,0.283,0.367,0.65,0.289,24.60%,6.10%
602,Jonny DeLuca,TBR,88,302,332,71,48,12,3,8,37,35,23,1,66,5,1,1,10,2,8,0.235,0.299,0.374,0.673,0.275,19.90%,6.90%
603,Rece Hinds,CIN,122,445,482,105,60,22,3,20,63,69,28,1,165,5,4,0,14,5,9,0.236,0.286,0.434,0.72,0.322,34.20%,5.80%
604,Cristofer Torin,ARI,129,521,580,122,95,21,2,4,66,48,49,0,103,5,3,2,9,5,4,0.234,0.304,0.305,0.61,0.283,17.80%,8.40%
605,Jorbit Vivas,NYY,125,463,533,101,75,18,2,6,59,51,51,1,71,14,4,1,9,5,4,0.218,0.312,0.305,0.617,0.244,13.30%,9.60%
606,Brendan Rodgers,BOS,100,352,384,82,56,17,1,8,41,38,27,0,105,3,2,0,0,1,-1,0.233,0.292,0.355,0.647,0.307,27.30%,7.00%
607,Richie Martin,TEX,89,306,343,65,47,12,4,2,42,31,23,0,86,10,1,3,17,4,13,0.212,0.288,0.297,0.586,0.288,25.10%,6.70%
608,Tyler Freeman,COL,112,365,420,99,74,18,2,5,53,40,33,0,50,17,3,2,14,5,9,0.271,0.356,0.373,0.729,0.3,11.90%,7.90%
609,Tim Tawa,ARI,116,410,454,89,58,17,2,12,49,47,36,0,114,4,3,1,9,4,5,0.217,0.285,0.356,0.641,0.268,25.10%,7.90%
610,Ty France,SDP,131,457,509,113,78,23,0,12,53,59,30,1,91,19,3,0,1,0,1,0.247,0.318,0.376,0.695,0.283,17.90%,5.90%
611,Alex Verdugo,,114,426,469,107,73,24,1,9,57,44,35,0,70,3,4,1,3,1,2,0.251,0.31,0.376,0.685,0.279,14.90%,7.50%
612,Luis Matos,SFG,118,430,465,106,70,21,1,14,57,61,26,0,59,5,3,1,9,1,8,0.247,0.295,0.398,0.693,0.256,12.70%,5.60%
613,Ramon Mendoza,STL,99,329,374,72,52,13,1,6,38,36,34,0,89,4,3,4,2,2,0,0.219,0.297,0.319,0.616,0.278,23.80%,9.10%
614,Romy Gonzalez,BOS,102,305,329,81,52,17,4,8,41,45,17,1,81,3,4,0,8,4,4,0.266,0.307,0.426,0.733,0.332,24.60%,5.20%
615,Kala'i Rosario,MIN,124,491,548,111,64,28,3,16,64,64,50,0,177,5,2,0,12,3,9,0.226,0.303,0.393,0.696,0.317,32.30%,9.10%
616,Walker Jenkins,MIN,87,343,389,82,56,17,2,7,44,43,37,0,81,6,3,0,9,2,7,0.239,0.321,0.362,0.683,0.291,20.80%,9.50%
617,Willi Castro,COL,130,428,482,112,74,21,5,12,67,46,38,1,108,13,2,1,13,5,8,0.262,0.339,0.418,0.757,0.323,22.40%,7.90%
618,Ryan Kreidler,MIN,107,339,394,67,44,16,1,6,42,36,44,0,117,6,2,3,11,5,6,0.198,0.299,0.304,0.603,0.28,29.70%,11.20%
619,Joey Wiemer,WSN,115,374,416,78,51,16,1,10,45,43,35,1,126,5,2,0,10,3,7,0.209,0.284,0.337,0.621,0.283,30.30%,8.40%
620,Griffin Conine,MIA,105,361,407,80,51,15,2,12,45,48,40,0,138,4,2,0,0,1,-1,0.222,0.305,0.374,0.679,0.319,33.90%,9.80%
621,Luke Raley,SEA,104,303,349,67,41,14,1,11,41,42,26,0,106,16,2,2,6,2,4,0.221,0.314,0.383,0.697,0.298,30.40%,7.40%
622,Jakson Reetz,SEA,75,248,280,45,25,11,0,9,27,36,22,1,89,9,1,0,2,1,1,0.181,0.271,0.335,0.606,0.238,31.80%,7.90%
623,Angel Genao,CLE,99,406,437,97,70,18,3,6,52,42,27,0,83,1,3,0,6,2,4,0.239,0.286,0.342,0.628,0.284,19.00%,6.20%
624,Jesus Made,MIL,113,460,506,101,69,21,4,7,69,49,42,0,132,3,1,0,20,7,13,0.22,0.289,0.328,0.617,0.292,26.10%,8.30%
625,Scott Kingery,CHC,101,346,380,71,48,11,3,9,41,38,26,0,127,2,2,4,8,1,7,0.205,0.263,0.332,0.596,0.292,33.40%,6.80%
626,Javier Rivas,PIT,123,457,490,103,72,19,2,10,45,55,14,1,152,11,3,5,3,2,1,0.225,0.264,0.341,0.605,0.312,31.00%,2.90%
627,Matt Koperniak,STL,120,469,511,114,84,17,2,11,55,54,35,1,106,4,3,0,6,3,3,0.243,0.299,0.358,0.658,0.29,20.70%,6.80%
628,Brendan Jones,MIA,124,463,529,101,68,18,6,9,72,48,60,2,127,3,3,0,25,6,19,0.218,0.31,0.341,0.651,0.279,24.00%,11.30%
629,Jack Brannigan,PIT,75,278,309,60,39,12,2,7,36,34,23,0,98,6,1,1,7,1,6,0.216,0.289,0.349,0.638,0.305,31.70%,7.40%
630,Grae Kessinger,NYM,86,279,318,60,44,10,1,5,40,28,32,0,85,3,3,1,5,3,2,0.215,0.3,0.312,0.612,0.286,26.70%,10.10%
631,Oswaldo Cabrera,NYY,92,274,305,63,45,10,1,7,37,31,25,0,62,2,2,2,5,2,3,0.23,0.297,0.35,0.647,0.271,20.30%,8.20%
632,Elijah Hainline,LAD,111,406,467,82,55,17,2,8,57,48,50,0,134,7,2,2,13,5,8,0.202,0.299,0.313,0.612,0.278,28.70%,10.70%
633,Dylan Jasso,MIA,126,487,532,115,81,17,6,11,56,57,32,0,149,9,4,0,1,2,-1,0.236,0.293,0.363,0.657,0.314,28.00%,6.00%
634,Demetrio Crisantes,ARI,70,287,319,69,49,13,2,5,40,33,25,0,55,4,3,0,9,2,7,0.24,0.307,0.352,0.659,0.278,17.20%,7.80%
635,T.J. Rumfield,COL,127,467,524,126,86,27,1,12,63,55,44,1,102,8,5,0,3,2,1,0.27,0.34,0.409,0.749,0.318,19.50%,8.40%
636,Eric Wagaman,MIN,126,446,483,117,77,27,2,11,56,53,32,0,91,2,3,0,5,2,3,0.262,0.313,0.406,0.718,0.305,18.80%,6.60%
637,Kevin Newman,KCR,93,259,282,67,49,14,1,3,33,27,16,0,48,2,2,3,5,1,4,0.259,0.305,0.355,0.66,0.305,17.00%,5.70%
638,Braden Montgomery,CHW,126,489,538,114,70,30,3,11,55,60,39,1,163,7,3,0,7,4,3,0.233,0.297,0.374,0.672,0.324,30.30%,7.20%
639,Jacob Cozart,CLE,94,358,400,73,51,13,2,7,38,38,33,0,113,6,3,0,0,0,0,0.204,0.28,0.31,0.59,0.274,28.20%,8.30%
640,Cole Messina,COL,109,394,432,91,66,19,1,5,35,37,32,1,85,5,1,0,7,4,3,0.231,0.296,0.322,0.619,0.282,19.70%,7.40%
641,Clay Dungan,SDP,128,463,531,95,64,20,4,7,59,49,51,0,149,7,5,5,15,4,11,0.205,0.291,0.311,0.602,0.282,28.10%,9.60%
642,Jonah Cox,SFG,120,492,545,110,84,14,7,5,73,50,35,1,148,7,1,10,32,8,24,0.224,0.284,0.311,0.595,0.309,27.20%,6.40%
643,Marcos Castanon,SDP,118,450,496,98,63,21,1,13,48,56,36,1,137,7,3,0,1,2,-1,0.218,0.284,0.356,0.64,0.281,27.60%,7.30%
644,Sam Haggerty,TEX,94,270,303,66,47,13,3,3,39,28,25,1,67,4,2,2,17,3,14,0.244,0.316,0.348,0.664,0.312,22.10%,8.30%
645,Ryan Noda,BAL,115,361,440,69,39,15,0,15,52,51,66,3,156,10,2,1,5,1,4,0.191,0.33,0.357,0.688,0.281,35.50%,15.00%
646,Jhostynxon Garcia,PIT,117,446,487,103,67,19,4,13,61,50,31,0,139,6,3,1,5,2,3,0.231,0.288,0.379,0.667,0.303,28.50%,6.40%
647,Masataka Yoshida,BOS,100,360,398,100,70,20,1,9,42,49,28,2,50,7,3,0,4,0,4,0.278,0.339,0.414,0.753,0.299,12.60%,7.00%
648,Esmerlyn Valdez,PIT,127,477,531,114,71,24,2,17,56,69,40,0,161,11,3,0,2,2,0,0.239,0.311,0.405,0.715,0.321,30.30%,7.50%
649,Cal Stevenson,DET,100,311,366,68,47,14,2,5,46,34,45,1,89,1,4,5,14,4,10,0.219,0.316,0.325,0.641,0.285,24.30%,12.30%
650,Zach DeLoach,,109,398,444,90,63,17,2,8,53,45,40,0,129,3,3,0,7,3,4,0.226,0.3,0.339,0.639,0.311,29.10%,9.00%
651,Shane McGuire,ATH,86,305,350,65,50,11,0,4,32,32,37,0,85,4,2,2,3,1,2,0.213,0.305,0.289,0.593,0.28,24.30%,10.60%
652,Jordan Beck,COL,138,514,563,131,85,26,4,16,63,60,45,0,157,2,2,0,16,5,11,0.255,0.316,0.414,0.731,0.335,27.90%,8.00%
653,Steward Berroa,MIL,104,332,379,71,49,14,3,5,50,35,36,0,118,3,3,5,25,7,18,0.214,0.294,0.319,0.613,0.311,31.10%,9.50%
654,Brock Wilken,MIL,89,334,387,62,35,14,1,12,40,44,48,0,136,4,1,0,1,0,1,0.186,0.295,0.341,0.636,0.267,35.10%,12.40%
655,J.D. Davis,,94,302,336,68,44,13,1,10,35,35,28,0,109,4,2,0,3,1,2,0.225,0.298,0.374,0.672,0.314,32.40%,8.30%
656,Denzer Guzman,LAA,141,514,569,113,74,24,2,13,56,62,44,0,171,6,2,3,8,3,5,0.22,0.288,0.35,0.638,0.301,30.10%,7.70%
657,Victor Mesa Jr.,TBR,97,368,402,84,57,16,2,9,42,45,28,0,84,3,2,1,5,2,3,0.228,0.287,0.356,0.643,0.271,20.90%,7.00%
658,Conner Capel,COL,110,366,405,81,56,13,3,9,39,41,35,0,96,2,2,0,13,4,9,0.221,0.291,0.347,0.638,0.274,23.70%,8.60%
659,Rhys Hoskins,CLE,108,375,434,83,48,17,1,17,46,56,49,1,119,5,5,0,2,1,1,0.221,0.316,0.408,0.724,0.27,27.40%,11.30%
660,Jackson Appel,CHW,81,280,326,59,45,11,1,2,36,28,33,1,65,8,3,2,5,1,4,0.211,0.309,0.279,0.587,0.264,19.90%,10.10%
661,Jesse Winker,,102,307,364,72,49,13,1,9,39,39,49,1,77,5,2,1,4,1,3,0.235,0.347,0.371,0.718,0.283,21.20%,13.50%
662,Austin Martin,MIN,94,311,361,78,59,15,1,3,42,30,39,0,57,7,2,2,13,5,8,0.251,0.345,0.334,0.68,0.296,15.80%,10.80%
663,Trenton Brooks,,109,374,434,81,52,18,1,10,51,46,50,1,84,3,5,2,3,0,3,0.217,0.31,0.35,0.66,0.249,19.40%,11.50%
664,Andrew Pinckney,WSN,125,463,508,112,85,13,3,11,62,59,32,0,158,10,1,2,19,5,14,0.242,0.304,0.354,0.659,0.342,31.10%,6.30%
665,Ripken Reyes,,108,348,424,73,54,12,4,3,47,42,34,0,64,22,2,18,6,2,4,0.21,0.318,0.293,0.611,0.247,15.10%,8.00%
666,Austin Shenton,,101,370,419,74,43,19,0,12,45,48,43,1,134,4,2,0,0,0,0,0.2,0.289,0.349,0.637,0.274,32.00%,10.30%
667,Jose Barrero,BAL,102,344,376,71,42,14,2,13,40,47,22,0,130,7,3,0,10,3,7,0.206,0.266,0.372,0.638,0.284,34.60%,5.90%
668,Jon Jon Gazdar,STL,101,417,460,100,85,13,1,1,46,43,24,0,56,17,1,1,9,4,5,0.24,0.307,0.283,0.59,0.274,12.20%,5.20%
669,Juan Matheus,MIA,125,452,501,103,75,23,2,3,46,38,42,0,119,3,4,0,16,7,9,0.228,0.295,0.308,0.603,0.299,23.80%,8.40%
670,Jamie Westbrook,,112,385,434,94,67,19,0,8,44,50,36,0,79,8,4,1,1,1,0,0.244,0.319,0.356,0.675,0.285,18.20%,8.30%
671,DJ LeMahieu,,87,294,332,69,54,9,1,5,33,30,34,0,66,2,2,0,1,1,0,0.235,0.316,0.323,0.639,0.284,19.90%,10.20%
672,Bryan Ramos,BAL,113,421,464,89,57,18,1,13,50,59,31,0,113,8,3,1,6,3,3,0.211,0.276,0.352,0.628,0.255,24.40%,6.70%
673,Hyeseong Kim,LAD,113,334,356,79,55,14,3,7,39,46,15,0,104,4,1,2,22,2,20,0.237,0.277,0.359,0.636,0.321,29.20%,4.20%
674,Nick Raposo,SEA,79,276,303,55,38,12,1,4,27,26,23,0,73,2,1,1,1,1,0,0.199,0.265,0.293,0.558,0.255,24.10%,7.60%
675,Gavin Lux,TBR,130,413,465,109,78,21,2,8,56,44,49,0,99,1,2,0,3,1,2,0.264,0.342,0.383,0.725,0.328,21.30%,10.50%
676,Garrett Stubbs,PHI,76,235,264,54,40,8,1,5,33,27,21,1,64,4,1,3,3,1,2,0.23,0.303,0.336,0.639,0.293,24.20%,8.00%
677,Maverick Handley,BAL,73,237,274,48,35,9,1,3,26,24,26,0,72,6,2,3,3,2,1,0.203,0.295,0.287,0.582,0.274,26.30%,9.50%
678,Bligh Madris,STL,100,347,390,75,46,15,3,11,45,45,38,0,102,1,3,1,6,4,2,0.216,0.293,0.372,0.665,0.27,26.20%,9.70%
679,Gilberto Celestino,,106,347,385,82,65,12,1,4,42,35,35,0,90,3,0,0,6,2,4,0.236,0.312,0.311,0.623,0.308,23.40%,9.10%
680,Hayden Cantrelle,CHC,101,316,373,61,43,11,3,4,41,32,44,0,133,7,1,5,14,3,11,0.193,0.304,0.285,0.589,0.317,35.70%,11.80%
681,Kellen Strahm,HOU,107,388,438,87,68,12,1,6,50,36,43,1,115,2,3,2,15,2,13,0.224,0.303,0.307,0.609,0.3,26.30%,9.80%
682,Luke Adams,MIL,76,269,331,50,26,15,0,9,47,49,39,0,89,21,2,0,5,2,3,0.186,0.332,0.342,0.674,0.237,26.90%,11.80%
683,Blake Hunt,SDP,76,264,292,57,37,12,2,6,27,31,21,0,76,5,2,0,1,0,1,0.216,0.284,0.345,0.629,0.277,26.00%,7.20%
684,Carlos Santana,ARI,114,389,449,83,56,15,0,12,46,51,54,1,87,3,3,0,4,0,4,0.213,0.312,0.344,0.656,0.242,19.40%,12.00%
685,Matthew Ellis,SEA,81,307,347,54,34,11,1,8,35,35,34,0,109,5,1,0,1,1,0,0.176,0.268,0.296,0.564,0.241,31.40%,9.80%
686,Brett Bateman,CHC,97,370,425,84,69,11,1,3,45,31,48,0,103,2,2,3,12,4,8,0.227,0.318,0.286,0.604,0.305,24.20%,11.30%
687,Zack Short,NYY,126,381,445,69,43,15,0,11,49,49,55,0,128,4,3,2,4,2,2,0.181,0.289,0.307,0.596,0.237,28.80%,12.40%
688,Michael A. Taylor,,116,296,329,61,40,11,1,9,36,31,25,0,110,2,2,4,9,2,7,0.206,0.271,0.341,0.612,0.291,33.40%,7.60%
689,Greg Allen,,72,217,248,48,32,10,2,4,29,27,15,1,66,10,2,4,10,3,7,0.221,0.299,0.341,0.64,0.295,26.60%,6.00%
690,Chase Strumpf,,100,341,398,64,40,13,1,10,43,43,48,0,152,6,2,1,4,1,3,0.188,0.297,0.32,0.617,0.298,38.20%,12.10%
691,Tristan Gray,MIN,112,390,428,87,52,21,2,12,45,49,28,1,123,5,4,1,1,1,0,0.223,0.281,0.379,0.661,0.29,28.70%,6.50%
692,Joey Meneses,ATH,115,429,466,112,74,26,1,11,42,61,29,1,92,4,4,0,1,0,1,0.261,0.311,0.403,0.714,0.306,19.70%,6.20%
693,Braylen Wimmer,COL,126,497,546,134,96,25,2,11,66,63,29,0,136,11,4,5,19,3,16,0.27,0.322,0.394,0.716,0.347,24.90%,5.30%
694,Tyler Black,MIL,104,389,451,87,58,15,5,9,54,50,52,1,109,8,2,0,18,5,13,0.224,0.326,0.357,0.683,0.286,24.20%,11.50%
695,Tyler Callihan,CIN,94,341,379,78,53,14,3,8,38,40,28,0,109,3,1,6,11,3,8,0.229,0.292,0.358,0.65,0.311,28.80%,7.40%
696,Rodolfo Castro,,127,427,475,92,58,17,2,15,52,62,37,0,125,7,4,0,8,5,3,0.215,0.286,0.37,0.656,0.265,26.30%,7.80%
697,Jorge Mateo,ATL,96,270,290,60,37,15,2,6,36,28,15,0,79,1,2,2,23,4,19,0.222,0.264,0.359,0.623,0.289,27.20%,5.20%
698,Ryan Ignoffo,MIA,83,319,342,72,47,17,2,6,39,36,19,0,54,1,3,0,8,2,6,0.226,0.269,0.348,0.617,0.252,15.80%,5.60%
699,Bill Knight,SEA,117,457,507,94,70,16,3,5,60,49,30,0,137,15,4,1,21,6,15,0.206,0.275,0.287,0.561,0.279,27.00%,5.90%
700,Bryant Betancourt,COL,102,356,392,82,63,10,1,8,37,38,28,0,84,2,3,3,4,2,2,0.23,0.288,0.331,0.619,0.277,21.40%,7.10%
701,Connor Wong,BOS,101,319,351,79,52,18,1,8,41,34,24,0,84,5,2,1,5,3,2,0.248,0.309,0.386,0.694,0.31,23.90%,6.80%
702,Isan Diaz,,60,212,241,45,29,6,1,9,28,29,24,0,64,2,1,2,2,1,1,0.212,0.297,0.377,0.674,0.257,26.60%,10.00%
703,Luis Urias,,107,347,398,78,55,13,0,10,39,44,38,0,75,10,3,0,3,1,2,0.225,0.317,0.349,0.665,0.257,18.80%,9.50%
704,Jake Burger,TEX,125,449,486,106,62,22,1,21,55,67,25,1,120,8,4,0,1,1,0,0.236,0.286,0.43,0.716,0.272,24.70%,5.10%
705,Yunior Severino,,105,399,448,89,60,17,1,11,43,47,42,0,144,4,3,0,2,1,1,0.223,0.301,0.353,0.655,0.316,32.10%,9.40%
706,Will Brennan,SFG,103,353,377,95,71,17,1,6,37,39,19,1,52,3,2,0,6,3,3,0.269,0.31,0.374,0.684,0.3,13.80%,5.00%
707,Nick Martini,,102,345,397,80,53,16,2,9,50,44,39,1,87,9,4,0,1,1,0,0.232,0.322,0.368,0.691,0.281,21.90%,9.80%
708,Dane Myers,CIN,106,346,379,85,62,12,1,10,43,48,26,0,95,5,2,0,14,4,10,0.246,0.306,0.373,0.679,0.309,25.10%,6.90%
709,Will Robertson,BAL,113,385,426,85,44,21,2,18,51,56,33,1,132,5,3,0,2,3,-1,0.221,0.289,0.426,0.715,0.282,31.00%,7.70%
710,Adael Amador,COL,118,439,498,110,80,18,2,10,51,53,50,0,81,5,1,3,15,8,7,0.251,0.333,0.369,0.702,0.287,16.30%,10.00%
711,Eric Haase,SFG,78,231,252,52,36,9,0,7,25,28,17,0,78,1,2,1,1,0,1,0.225,0.279,0.355,0.634,0.304,31.00%,6.70%
712,Chris Meyers,DET,99,368,404,87,58,16,1,12,49,55,28,0,103,7,1,0,2,1,1,0.236,0.302,0.383,0.685,0.295,25.50%,6.90%
713,Luis Guillorme,,88,243,277,54,43,9,1,1,23,18,31,1,60,1,1,1,2,1,1,0.222,0.312,0.28,0.591,0.29,21.70%,11.20%
714,Aaron Schunk,ATL,111,393,423,90,62,19,2,7,44,44,23,1,104,2,3,2,4,3,1,0.229,0.273,0.341,0.614,0.291,24.60%,5.40%
715,Michael Trautwein,CIN,75,235,263,44,28,9,1,6,27,27,22,0,96,5,1,0,2,1,1,0.187,0.27,0.311,0.581,0.284,36.50%,8.40%
716,Giancarlo Stanton,NYY,89,314,354,69,38,11,0,20,36,57,36,2,110,2,2,0,0,0,0,0.22,0.302,0.446,0.748,0.263,31.10%,10.20%
717,Taylor Walls,TBR,107,304,345,65,45,13,2,5,43,31,35,0,79,1,3,2,14,4,10,0.214,0.294,0.319,0.614,0.269,22.90%,10.10%
718,Jake Bauers,MIL,102,272,313,59,31,13,1,14,37,40,38,1,95,2,1,0,9,1,8,0.217,0.316,0.426,0.743,0.274,30.40%,12.10%
719,Thayron Liranzo,DET,99,377,422,73,46,16,0,11,46,44,41,0,138,3,1,0,0,0,0,0.194,0.277,0.324,0.601,0.271,32.70%,9.70%
720,Dominic Smith,ATL,116,385,426,94,65,18,1,10,46,46,32,1,82,6,3,0,3,0,3,0.244,0.31,0.374,0.684,0.284,19.20%,7.50%
721,Silas Ardoin,BAL,99,336,381,66,46,13,1,6,27,32,38,1,126,3,2,2,2,1,1,0.196,0.282,0.295,0.577,0.291,33.10%,10.00%
722,Rafael Ortega,,93,285,326,60,41,12,1,6,36,30,35,0,75,1,4,1,10,5,5,0.211,0.295,0.323,0.618,0.26,23.00%,10.70%
723,Spencer Packard,SEA,108,416,471,97,69,20,1,7,45,50,43,1,82,9,3,0,1,0,1,0.233,0.316,0.337,0.653,0.273,17.40%,9.10%
724,Mitch Garver,SEA,87,272,313,53,33,9,1,10,30,34,35,1,90,4,2,0,2,0,2,0.195,0.294,0.346,0.64,0.247,28.80%,11.20%
725,Luis Castro,,89,351,386,83,51,19,2,11,49,49,26,1,122,7,2,0,4,4,0,0.236,0.301,0.396,0.697,0.327,31.60%,6.70%
726,Nathan Flewelling,TBR,112,414,484,71,43,19,2,7,41,42,58,1,167,5,5,2,4,2,2,0.171,0.278,0.278,0.556,0.261,34.50%,12.00%
727,Luke Ritter,LAA,113,406,458,83,54,15,2,12,49,47,41,1,166,9,2,0,2,1,1,0.204,0.29,0.34,0.63,0.309,36.20%,9.00%
728,Luke Waddell,ATL,107,406,456,95,74,18,1,2,43,36,38,0,70,5,5,2,6,3,3,0.234,0.304,0.298,0.602,0.274,15.40%,8.30%
729,Reese McGuire,MIL,76,215,235,47,33,8,0,6,21,28,13,0,52,2,3,2,1,0,1,0.219,0.266,0.34,0.606,0.256,22.10%,5.50%
730,Anthony Prato,,105,340,397,78,53,19,3,3,45,38,41,0,88,12,2,2,10,2,8,0.229,0.332,0.329,0.661,0.299,22.20%,10.30%
731,Andrew Vaughn,MIL,142,525,577,128,80,27,1,20,54,81,42,0,111,6,4,0,0,0,0,0.244,0.305,0.413,0.718,0.271,19.20%,7.30%
732,Terrin Vavra,,84,258,296,63,47,11,2,3,34,26,26,0,69,3,1,8,4,2,2,0.244,0.319,0.337,0.657,0.321,23.30%,8.80%
733,Matt Thaiss,BOS,80,233,273,52,37,9,1,5,25,26,34,0,67,3,2,1,2,0,2,0.223,0.327,0.335,0.662,0.288,24.50%,12.50%
734,Ricardo Genoves,,66,216,238,44,30,9,0,5,23,26,17,0,76,4,1,0,0,0,0,0.204,0.273,0.315,0.588,0.287,31.90%,7.10%
735,Sterlin Thompson,COL,118,447,498,117,77,24,4,12,59,62,36,0,115,12,3,0,8,3,5,0.262,0.331,0.414,0.745,0.325,23.10%,7.20%
736,Amed Rosario,NYY,107,373,393,95,69,15,4,7,43,46,15,0,66,3,2,0,8,2,6,0.255,0.288,0.373,0.66,0.291,16.80%,3.80%
737,Jacob Amaya,ARI,112,372,417,79,57,13,2,7,44,42,38,0,107,2,4,1,5,2,3,0.212,0.286,0.315,0.601,0.275,25.70%,9.10%
738,Mauricio Dubon,ATL,130,375,402,95,69,19,1,6,47,37,20,0,47,2,3,2,3,1,2,0.253,0.293,0.357,0.65,0.274,11.70%,5.00%
739,Heriberto Hernandez,MIA,121,408,465,91,55,18,2,16,55,60,48,0,143,5,3,1,4,2,2,0.223,0.31,0.395,0.705,0.298,30.80%,10.30%
740,Jax Biggers,HOU,99,325,374,68,52,11,2,3,38,27,40,0,102,2,2,5,7,3,4,0.209,0.298,0.283,0.581,0.293,27.30%,10.70%
741,Noah Mendlinger,STL,114,399,458,98,78,17,2,1,49,43,37,1,55,15,3,4,5,4,1,0.246,0.33,0.306,0.636,0.28,12.00%,8.10%
742,Aramis Garcia,ARI,73,239,264,48,33,8,0,7,27,27,19,0,92,4,2,0,1,0,1,0.201,0.269,0.322,0.591,0.289,34.80%,7.20%
743,Armando Alvarez,,77,263,289,62,41,14,0,7,34,31,22,0,71,2,2,0,2,1,1,0.236,0.298,0.369,0.666,0.294,24.60%,7.60%
744,James McCann,ARI,73,233,254,55,36,13,0,6,26,28,13,0,66,4,3,1,1,0,1,0.236,0.285,0.369,0.654,0.299,26.00%,5.10%
745,Alan Trejo,,104,345,377,78,50,19,1,8,42,37,22,0,97,4,3,3,2,2,0,0.226,0.278,0.357,0.635,0.288,25.70%,5.80%
746,Luis De Los Santos,,99,337,365,73,53,12,1,7,38,35,21,0,103,4,2,1,2,1,1,0.217,0.269,0.32,0.59,0.288,28.20%,5.80%
747,Robert Hassell III,WSN,130,478,521,115,88,18,1,8,56,51,37,1,126,3,1,2,13,3,10,0.241,0.299,0.333,0.631,0.31,24.20%,7.10%
748,Jordyn Adams,MIL,120,414,458,91,61,15,4,11,55,50,31,0,147,4,4,5,17,5,12,0.22,0.278,0.355,0.633,0.308,32.10%,6.80%
749,Trevor Larnach,MIN,130,445,504,111,73,22,1,15,59,58,50,2,116,3,6,0,3,2,1,0.249,0.325,0.404,0.73,0.3,23.00%,9.90%
750,Owen Miller,CHC,114,395,433,105,74,23,1,7,49,45,26,0,78,6,6,0,9,2,7,0.266,0.316,0.382,0.699,0.31,18.00%,6.00%
751,Ezequiel Duran,TEX,115,355,382,87,58,21,1,7,43,36,20,0,90,4,2,1,12,3,9,0.245,0.291,0.369,0.66,0.308,23.60%,5.20%
752,Justin Dean,CHC,110,347,391,73,54,10,4,5,50,34,37,0,127,5,2,0,22,7,15,0.21,0.294,0.305,0.6,0.313,32.50%,9.50%
753,Josue De Paula,LAD,111,417,479,92,63,15,1,13,58,51,57,0,117,4,1,0,15,4,11,0.221,0.319,0.355,0.674,0.274,24.40%,11.90%
754,Nick Goodwin,TOR,92,327,370,67,48,8,2,9,45,42,29,1,87,10,1,3,5,2,3,0.205,0.289,0.324,0.613,0.25,23.50%,7.80%
755,Chase DeLauter,CLE,47,179,200,44,28,10,0,6,26,23,19,0,35,0,2,0,1,1,0,0.246,0.315,0.402,0.717,0.271,17.50%,9.50%
756,Lenyn Sosa,CHW,133,496,526,123,84,20,1,18,53,68,22,0,116,3,3,2,2,2,0,0.248,0.282,0.401,0.684,0.288,22.10%,4.20%
757,Freuddy Batista,HOU,74,288,312,64,40,15,2,7,31,37,15,0,91,8,1,0,1,0,1,0.222,0.279,0.361,0.64,0.298,29.20%,4.80%
758,Trevor Hauver,TEX,108,390,450,85,54,21,1,9,48,45,52,1,134,4,4,0,1,1,0,0.218,0.313,0.346,0.659,0.303,29.80%,11.60%
759,Petey Halpin,CLE,124,481,528,106,73,20,3,10,67,51,39,0,159,3,4,1,9,3,6,0.22,0.281,0.337,0.618,0.304,30.10%,7.40%
760,Ariel Armas,CHC,91,344,377,68,46,17,1,4,24,34,26,0,90,6,1,0,4,3,1,0.198,0.265,0.288,0.553,0.255,23.90%,6.90%
761,Jorge Soler,LAA,106,370,422,83,47,18,0,18,50,52,44,1,117,5,3,0,0,0,0,0.224,0.313,0.419,0.732,0.273,27.70%,10.40%
762,Payton Eeles,BAL,105,385,445,91,71,13,4,3,57,45,38,0,83,17,4,1,18,7,11,0.236,0.329,0.314,0.643,0.29,18.70%,8.50%
763,Luke Maile,KCR,57,139,161,31,22,6,0,3,14,13,17,0,45,3,1,1,2,0,2,0.223,0.319,0.331,0.65,0.304,28.00%,10.60%
764,Ethan Anderson,BAL,88,324,357,75,54,14,2,5,30,31,27,0,75,2,4,0,7,2,5,0.231,0.291,0.333,0.625,0.282,21.00%,7.60%
765,Murphy Stehly,WSN,63,218,245,52,38,10,0,4,27,31,15,0,64,9,2,1,3,1,2,0.239,0.311,0.339,0.651,0.316,26.10%,6.10%
766,Ramon Rodriguez,MIL,59,199,222,45,34,7,0,4,18,23,15,0,26,4,3,1,1,1,0,0.226,0.29,0.322,0.611,0.238,11.70%,6.80%
767,Jack Penney,DET,83,310,350,63,45,11,2,5,34,33,33,0,96,5,2,0,3,1,2,0.203,0.289,0.3,0.589,0.275,27.40%,9.40%
768,Javier Baez,DET,112,397,420,94,63,18,2,11,47,53,15,0,101,5,3,0,6,1,5,0.237,0.271,0.375,0.647,0.288,24.00%,3.60%
769,Lazaro Montes,SEA,135,532,598,106,61,18,4,23,63,76,57,2,202,5,4,0,3,2,1,0.199,0.281,0.378,0.659,0.267,33.80%,9.50%
770,Sergio Alcantara,WSN,117,376,428,83,63,15,2,3,46,33,45,0,100,2,3,2,2,2,0,0.221,0.305,0.295,0.6,0.29,23.40%,10.50%
771,Austin Slater,DET,91,203,234,46,32,8,1,5,30,24,25,0,69,3,2,1,3,1,2,0.227,0.318,0.35,0.667,0.313,29.50%,10.70%
772,Noah Myers,TBR,108,365,426,78,57,12,2,7,50,39,51,1,131,3,2,5,17,2,15,0.214,0.314,0.315,0.629,0.31,30.80%,12.00%
773,Riley Tirotta,TOR,111,391,439,86,56,16,2,12,48,51,41,1,145,5,2,0,7,3,4,0.22,0.301,0.363,0.664,0.314,33.00%,9.30%
774,Ronny Simon,PIT,114,422,471,107,77,20,3,7,59,46,38,0,89,3,4,4,18,7,11,0.254,0.317,0.365,0.682,0.303,18.90%,8.10%
775,Cooper Hummel,,97,317,372,73,48,12,3,10,48,43,47,1,96,6,2,0,7,3,4,0.23,0.339,0.382,0.72,0.296,25.80%,12.60%
776,Cody Freeman,TEX,126,478,517,114,78,23,1,12,59,57,29,1,79,3,5,2,6,3,3,0.238,0.283,0.366,0.65,0.26,15.30%,5.60%
777,Diego Castillo,,105,368,412,86,62,17,1,6,45,38,39,0,83,2,3,0,3,3,0,0.234,0.308,0.334,0.642,0.284,20.10%,9.50%
778,Austin Wynns,ATH,48,132,145,31,21,7,0,3,13,18,10,0,39,1,1,1,0,0,0,0.235,0.292,0.356,0.648,0.308,26.90%,6.90%
779,Jair Camargo,ATL,75,282,301,59,39,11,1,8,27,33,15,1,113,3,1,0,2,1,1,0.209,0.256,0.34,0.596,0.315,37.50%,5.00%
780,Sam Petersen,WSN,58,196,222,45,31,7,3,4,36,28,14,1,55,7,3,2,11,1,10,0.23,0.3,0.357,0.657,0.293,24.80%,6.30%
781,Walker Janek,HOU,89,357,383,70,46,15,1,8,41,39,19,0,135,6,1,0,11,1,10,0.196,0.248,0.311,0.559,0.288,35.20%,5.00%
782,Cameron Leary,ATH,120,470,533,104,68,26,3,7,54,51,47,0,155,5,4,7,22,4,18,0.221,0.297,0.334,0.631,0.311,29.10%,8.80%
783,Bryce Eldridge,SFG,118,446,494,106,64,22,0,20,44,69,40,4,148,3,5,0,1,1,0,0.238,0.302,0.422,0.723,0.304,30.00%,8.10%
784,Jorge Alfaro,KCR,86,307,324,70,47,13,1,9,33,36,9,0,123,6,2,0,6,0,6,0.228,0.262,0.365,0.627,0.345,38.00%,2.80%
785,Colton Ledbetter,STL,120,464,508,112,79,21,3,9,59,54,32,1,144,5,6,1,19,7,12,0.241,0.294,0.358,0.652,0.325,28.30%,6.30%
786,Luis Rengifo,MIL,128,444,481,111,82,17,3,9,49,48,30,0,85,4,2,1,10,5,5,0.25,0.302,0.363,0.665,0.29,17.70%,6.20%
787,Cristian Hernandez,MIA,123,486,532,105,73,24,2,6,52,45,41,0,138,2,3,0,24,6,18,0.216,0.278,0.311,0.589,0.287,25.90%,7.70%
788,Christian Arroyo,NYM,65,219,236,54,38,11,0,5,26,24,12,0,53,3,2,0,2,1,1,0.247,0.292,0.365,0.658,0.301,22.50%,5.10%
789,Luis Pena,MIL,93,376,403,87,59,17,4,7,53,43,20,0,83,4,3,0,20,4,16,0.231,0.275,0.354,0.629,0.277,20.60%,5.00%
790,Ronaiker Palma,,57,197,213,50,41,7,1,1,20,17,12,0,32,1,1,2,2,1,1,0.254,0.299,0.315,0.613,0.297,15.00%,5.60%
791,Nick Morabito,NYM,116,454,499,109,85,18,2,4,59,47,36,0,123,7,2,0,27,9,18,0.24,0.305,0.315,0.62,0.319,24.60%,7.20%
792,Rob Refsnyder,SEA,77,211,243,48,30,11,0,7,28,30,26,1,70,4,2,0,3,1,2,0.227,0.321,0.379,0.7,0.301,28.80%,10.70%
793,Matt Mervis,WSN,108,396,436,88,51,18,1,18,51,58,31,1,128,6,3,0,3,1,2,0.222,0.287,0.409,0.696,0.277,29.40%,7.10%
794,Josh Crouch,LAA,75,268,291,56,37,12,0,7,27,33,17,0,92,5,1,0,0,1,-1,0.209,0.268,0.332,0.6,0.288,31.60%,5.80%
795,Rene Pinto,PHI,74,264,282,56,31,14,0,11,33,38,14,0,105,2,2,0,1,0,1,0.212,0.255,0.39,0.645,0.3,37.20%,5.00%
796,Collin Price,HOU,104,361,401,73,45,14,1,13,39,46,32,0,138,5,3,0,2,1,1,0.202,0.274,0.355,0.629,0.282,34.40%,8.00%
797,Christian Cairo,PHI,109,356,406,75,56,13,4,2,43,37,38,0,108,7,3,2,18,5,13,0.211,0.297,0.287,0.584,0.293,26.60%,9.40%
798,Keiner Delgado,PIT,119,452,509,94,67,17,2,8,55,47,42,1,128,10,1,4,12,2,10,0.208,0.289,0.308,0.597,0.271,25.10%,8.30%
799,Gregory Barrios,TBR,98,366,393,89,75,13,0,1,46,32,17,0,57,5,3,2,20,6,14,0.243,0.284,0.287,0.571,0.283,14.50%,4.30%
800,Jeral Perez,CHW,125,505,549,108,68,21,2,17,57,64,34,0,143,7,3,0,5,2,3,0.214,0.271,0.364,0.636,0.261,26.00%,6.20%
801,Noelvi Marte,CIN,115,429,466,108,74,19,2,13,57,57,29,1,103,5,3,0,13,5,8,0.252,0.305,0.396,0.701,0.301,22.10%,6.20%
802,Nick Castellanos,SDP,137,520,559,131,86,26,2,17,63,72,31,1,133,4,4,0,5,1,4,0.252,0.297,0.408,0.705,0.305,23.80%,5.50%
803,Zac Veen,COL,103,391,433,98,66,19,3,10,50,47,33,1,105,4,3,2,15,5,10,0.251,0.313,0.391,0.705,0.315,24.20%,7.60%
804,Jordan Walker,STL,135,482,530,112,74,23,1,14,52,57,39,1,140,6,3,0,9,3,6,0.232,0.296,0.371,0.668,0.296,26.40%,7.40%