#,Name,Team,W,L,ERA,G,GS,SV,HLD,BS,IP,TBF,H,R,ER,HR,BB,IBB,HBP,SO,K/9,BB/9,WHIP,K%,BB%,QS
1,Tarik Skubal,DET,15,7,2.59,30,30,0,0,,192.1,754,144,59,55,16,37,1,7,238,11.14,1.75,0.95,31.6%,5.0%,15
2,Paul Skenes,PIT,14,9,3.09,30,30,0,0,,187.1,757,152,69,64,17,48,0,5,223,10.72,2.30,1.07,29.5%,6.3%,15
3,Cristopher Sanchez,PHI,15,8,3.08,30,30,0,0,,190.1,771,168,70,65,14,45,0,6,194,9.16,2.12,1.12,25.1%,5.8%,16
4,Garrett Crochet,BOS,13,8,3.26,29,29,0,0,,181.2,733,151,71,66,21,42,1,6,216,10.69,2.06,1.06,29.4%,5.7%,15
5,Logan Webb,SFG,14,9,3.37,30,30,0,0,,196.2,808,181,79,74,17,48,1,6,196,8.94,2.19,1.17,24.2%,5.9%,16
6,Chris Sale,ATL,11,8,3.58,25,25,0,0,,155.2,642,130,66,62,17,41,0,12,202,11.71,2.40,1.10,31.5%,6.5%,12
7,Bryan Woo,SEA,13,9,3.39,30,30,0,0,,185.1,742,153,74,70,25,37,0,7,191,9.28,1.80,1.02,25.7%,5.0%,15
8,Hunter Greene,CIN,11,9,3.59,28,28,0,0,,167.2,684,135,71,67,22,48,0,7,211,11.35,2.57,1.09,30.9%,7.0%,13
9,Dylan Cease,TOR,13,8,3.37,30,30,0,0,,175.1,719,135,70,66,19,65,1,5,207,10.65,3.32,1.14,28.8%,9.0%,13
10,Max Fried,NYY,14,8,3.24,29,29,0,0,,180.1,743,152,70,65,15,55,0,9,174,8.66,2.76,1.15,23.4%,7.5%,14
11,Jesus Luzardo,PHI,12,9,3.68,29,29,0,0,,175.2,728,153,78,72,21,52,0,7,194,9.95,2.64,1.17,26.7%,7.1%,14
12,Cole Ragans,KCR,11,8,3.39,26,26,0,0,,152.2,623,116,61,57,19,50,1,7,193,11.39,2.93,1.08,31.0%,8.0%,11
13,Framber Valdez,DET,13,9,3.33,29,29,0,0,,187.0,771,161,75,69,14,60,1,10,170,8.21,2.87,1.18,22.1%,7.7%,16
14,Logan Gilbert,SEA,12,8,3.57,28,28,0,0,,165.2,667,134,70,66,25,39,1,6,202,10.97,2.11,1.05,30.2%,5.8%,13
15,Yoshinobu Yamamoto,LAD,13,6,3.36,26,26,0,0,,160.2,659,133,64,60,16,51,0,4,178,9.98,2.88,1.15,27.1%,7.8%,12
16,George Kirby,SEA,11,9,3.70,28,28,0,0,,166.0,679,151,73,68,20,35,0,7,161,8.75,1.89,1.12,23.7%,5.1%,13
17,Hunter Brown,HOU,12,10,3.73,30,30,0,0,,182.2,761,158,81,76,20,63,1,7,193,9.52,3.09,1.21,25.4%,8.2%,15
18,Jacob deGrom,TEX,11,8,3.45,26,26,0,0,,154.2,621,122,63,59,20,40,0,3,172,10.00,2.31,1.05,27.7%,6.4%,12
19,Sonny Gray,BOS,11,9,3.72,28,28,0,0,,169.0,698,152,75,70,20,46,0,5,172,9.16,2.46,1.17,24.6%,6.6%,13
20,Zack Wheeler,PHI,10,6,3.18,21,21,0,0,,132.2,535,102,50,47,15,39,0,5,159,10.76,2.62,1.06,29.6%,7.2%,11
21,Joe Ryan,MIN,10,10,4.13,28,28,0,0,,168.0,695,150,82,77,27,41,0,7,186,9.97,2.17,1.14,26.8%,5.8%,13
22,Chase Burns,CIN,9,9,3.46,29,24,0,1,,134.0,546,108,55,51,16,41,1,2,165,11.10,2.74,1.11,30.3%,7.5%,6
23,Ranger Suarez,BOS,11,9,3.78,27,27,0,0,,166.0,693,157,75,70,17,45,1,7,145,7.87,2.43,1.22,20.9%,6.5%,13
24,MacKenzie Gore,TEX,10,9,3.86,28,28,0,0,,159.2,669,137,73,69,19,57,0,7,178,10.04,3.21,1.21,26.6%,8.5%,12
25,Kevin Gausman,TOR,12,10,4.16,29,29,0,0,,181.2,759,166,90,84,26,55,1,3,177,8.77,2.74,1.22,23.4%,7.3%,15
26,Freddy Peralta,NYM,11,9,3.83,29,29,0,0,,166.2,694,135,76,71,22,64,0,7,183,9.89,3.46,1.19,26.4%,9.2%,12
27,Nick Pivetta,SDP,11,9,3.85,28,28,0,0,,169.0,695,142,77,72,26,49,1,3,172,9.16,2.63,1.13,24.7%,7.1%,13
28,Blake Snell,LAD,10,6,3.59,22,22,0,0,,130.0,539,105,56,52,14,51,0,3,151,10.43,3.56,1.20,27.9%,9.5%,10
29,Shohei Ohtani,LAD,9,5,3.25,21,21,0,0,,110.0,450,86,43,40,12,37,0,3,139,11.32,3.02,1.12,30.8%,8.2%,7
30,Nathan Eovaldi,TEX,10,8,3.78,25,25,0,0,,155.0,637,134,69,65,20,41,1,8,152,8.82,2.41,1.13,23.8%,6.5%,12
31,Nolan McLean,NYM,10,8,3.79,26,26,0,0,,152.1,640,135,69,64,16,53,0,9,149,8.82,3.15,1.24,23.3%,8.3%,12
32,Emmet Sheehan,LAD,9,7,3.60,34,23,0,1,,133.1,547,103,57,53,19,46,1,5,158,10.63,3.12,1.11,28.8%,8.4%,3
33,Eury Perez,MIA,8,10,3.99,27,27,0,0,,143.1,594,121,68,64,20,46,0,6,149,9.35,2.87,1.16,25.0%,7.7%,10
34,Jack Flaherty,DET,10,10,4.06,28,28,0,0,,159.0,666,141,77,72,24,50,0,6,172,9.76,2.83,1.20,25.9%,7.5%,12
35,Tanner Bibee,CLE,10,11,4.32,29,29,0,0,,179.0,760,172,92,86,24,56,1,8,158,7.95,2.83,1.28,20.8%,7.4%,15
36,Braxton Ashcraft,PIT,7,9,3.81,37,22,0,1,,133.1,559,125,60,56,13,40,1,4,124,8.37,2.70,1.23,22.2%,7.1%,3
37,Michael King,SDP,10,9,3.97,27,27,0,0,,154.2,653,135,73,68,20,57,1,8,155,9.00,3.31,1.24,23.7%,8.7%,11
38,Kris Bubic,KCR,8,9,3.80,29,23,0,1,,134.2,562,121,61,57,16,40,1,6,131,8.77,2.71,1.20,23.3%,7.2%,6
39,Matthew Boyd,CHC,10,9,4.29,27,27,0,0,,158.2,668,152,81,76,23,42,0,8,143,8.10,2.37,1.22,21.4%,6.3%,12
40,Bubba Chandler,PIT,8,10,4.10,30,25,0,1,,140.2,594,128,68,64,18,46,1,7,140,8.95,2.97,1.24,23.5%,7.8%,7
41,David Peterson,NYM,10,9,4.02,28,28,0,0,,160.1,682,154,77,72,16,57,1,6,137,7.70,3.18,1.31,20.1%,8.3%,12
42,Edward Cabrera,CHC,9,8,3.78,25,25,0,0,,135.2,565,112,61,57,15,51,0,7,143,9.49,3.38,1.20,25.3%,9.0%,10
43,Quinn Priester,MIL,10,10,4.11,28,28,0,0,,166.1,702,163,81,76,19,50,0,6,134,7.22,2.71,1.28,19.0%,7.1%,13
44,Brandon Woodruff,MIL,9,9,4.19,25,25,0,0,,143.2,601,131,72,67,22,40,0,5,144,9.03,2.51,1.19,24.0%,6.7%,11
45,Merrill Kelly,ARI,10,10,4.37,28,28,0,0,,170.0,717,164,88,83,23,51,1,4,149,7.88,2.71,1.27,20.8%,7.1%,14
46,Trey Yesavage,TOR,9,8,3.77,30,25,0,1,,136.0,565,110,61,57,19,50,1,6,155,10.22,3.29,1.17,27.4%,8.8%,6
47,Spencer Strider,ATL,9,9,4.43,26,26,0,0,,153.0,653,140,80,75,21,57,1,7,162,9.52,3.37,1.29,24.7%,8.7%,12
48,Jacob Misiorowski,MIL,9,9,3.86,32,25,0,1,,139.1,591,110,64,60,17,65,1,8,167,10.83,4.18,1.25,28.3%,10.9%,5
49,Drew Rasmussen,TBR,9,10,4.24,29,29,0,0,,153.2,645,148,78,72,22,43,1,5,135,7.92,2.53,1.24,21.0%,6.7%,11
50,Cody Ponce,TOR,8,8,4.05,34,22,0,1,,137.2,579,121,66,62,20,46,1,7,159,10.37,3.02,1.22,27.4%,8.0%,3
51,Gavin Williams,CLE,9,11,4.17,29,29,0,0,,163.2,701,145,81,76,20,72,0,6,165,9.06,3.98,1.33,23.5%,10.3%,12
52,Luis Castillo,SEA,11,10,4.50,29,29,0,0,,176.2,748,168,94,88,28,53,1,8,156,7.95,2.68,1.25,20.9%,7.0%,14
53,Mitch Keller,PIT,10,12,4.75,30,30,0,0,,177.1,764,181,100,94,24,56,0,8,149,7.56,2.84,1.34,19.5%,7.3%,14
54,Cade Horton,CHC,8,8,4.06,23,23,0,0,,126.2,532,118,61,57,15,40,0,4,112,7.94,2.83,1.25,21.0%,7.5%,9
55,Jose Soriano,LAA,10,10,3.79,29,29,0,0,,168.1,720,158,76,71,14,71,1,8,137,7.32,3.79,1.36,19.0%,9.8%,12
56,Zac Gallen,ARI,10,11,4.43,29,29,0,0,,178.1,762,172,94,88,24,62,1,5,156,7.88,3.12,1.31,20.5%,8.1%,15
57,Carlos Rodon,NYY,10,8,4.08,24,24,0,0,,145.2,611,124,71,66,20,53,0,6,152,9.40,3.27,1.22,24.9%,8.7%,11
58,Reynaldo Lopez,ATL,7,8,4.32,28,22,0,1,,125.2,535,116,64,60,15,47,1,4,128,9.15,3.38,1.30,23.9%,8.8%,5
59,Zebby Matthews,MIN,7,9,4.13,31,22,0,1,,126.1,529,122,62,58,18,31,1,3,124,8.85,2.23,1.21,23.5%,5.9%,3
60,Sean Manaea,NYM,7,9,4.18,33,22,0,1,,130.2,549,116,65,61,21,39,1,9,146,10.03,2.67,1.18,26.5%,7.1%,3
61,Kyle Bradish,BAL,9,8,4.01,24,24,0,0,,134.0,566,119,64,60,17,47,0,7,140,9.42,3.16,1.24,24.8%,8.3%,10
62,Ryne Nelson,ARI,9,11,4.34,32,27,0,1,,159.0,671,152,82,77,23,45,1,4,134,7.59,2.53,1.24,20.0%,6.7%,9
63,Tyler Glasnow,LAD,9,7,4.19,23,23,0,0,,132.1,561,116,66,62,17,53,0,3,143,9.73,3.63,1.28,25.5%,9.5%,10
64,Andrew Abbott,CIN,9,11,4.66,28,28,0,0,,163.2,696,163,90,85,27,48,1,3,146,8.02,2.62,1.29,20.9%,6.9%,13
65,Matthew Liberatore,STL,8,11,4.52,27,27,0,0,,147.0,625,149,79,74,19,40,0,5,117,7.16,2.45,1.29,18.7%,6.4%,11
66,Grayson Rodriguez,LAA,7,8,4.02,21,21,0,0,,119.0,500,109,57,53,16,37,0,5,123,9.30,2.83,1.23,24.6%,7.5%,9
67,Trevor Rogers,BAL,9,8,4.21,25,25,0,0,,146.0,611,136,73,68,22,42,1,4,133,8.19,2.56,1.21,21.8%,6.8%,11
68,Cam Schlittler,NYY,9,7,4.05,23,23,0,0,,130.2,551,115,63,59,17,49,0,6,131,9.04,3.35,1.25,23.8%,8.8%,9
69,Brandon Pfaadt,ARI,9,10,4.66,28,28,0,0,,163.2,698,170,91,85,24,41,1,7,133,7.30,2.24,1.29,19.0%,5.8%,13
70,Chad Patrick,MIL,8,8,4.18,24,24,0,0,,128.1,539,116,64,60,19,39,0,5,120,8.43,2.76,1.21,22.3%,7.3%,9
71,Landen Roupp,SFG,7,9,4.08,27,22,0,1,,119.2,513,113,58,54,12,48,1,4,113,8.48,3.63,1.34,22.0%,9.4%,5
72,Shane McClanahan,TBR,7,7,4.03,20,20,0,0,,117.2,492,110,57,53,17,34,0,3,121,9.26,2.59,1.22,24.6%,6.9%,9
73,Sandy Alcantara,MIA,9,11,4.58,28,28,0,0,,176.1,753,176,96,90,23,55,1,8,135,6.88,2.79,1.31,17.9%,7.3%,15
74,Joe Musgrove,SDP,9,8,4.18,24,24,0,0,,138.0,579,128,68,64,20,37,1,8,127,8.31,2.41,1.20,22.0%,6.4%,11
75,Michael McGreevy,STL,8,10,4.30,29,24,0,1,,144.0,610,151,73,69,17,36,1,3,99,6.19,2.22,1.29,16.3%,5.8%,8
76,Aaron Nola,PHI,10,10,4.49,28,28,0,0,,168.0,707,158,90,84,29,48,0,6,155,8.31,2.59,1.23,21.9%,6.9%,14
77,Noah Cameron,KCR,9,9,4.43,25,25,0,0,,146.2,624,144,77,72,22,44,0,4,126,7.75,2.72,1.29,20.3%,7.1%,11
78,Jack Leiter,TEX,9,11,4.41,29,29,0,0,,163.0,695,145,85,80,24,65,0,7,155,8.59,3.58,1.29,22.4%,9.3%,12
79,Chris Bassitt,BAL,11,11,4.54,33,29,0,1,,168.1,728,166,91,85,22,57,1,14,147,7.87,3.06,1.33,20.2%,7.9%,11
80,Ryan Pepiot,TBR,10,11,4.38,30,30,0,0,,169.0,715,149,88,82,27,64,0,6,162,8.63,3.43,1.26,22.6%,9.0%,13
81,Braxton Garrett,MIA,6,8,4.13,27,20,0,1,,115.1,484,114,57,53,14,28,1,5,104,8.11,2.16,1.23,21.5%,5.7%,4
82,Parker Messick,CLE,8,9,4.08,22,22,0,0,,117.1,495,111,57,53,15,35,0,6,109,8.38,2.69,1.24,22.1%,7.1%,8
83,Shane Smith,CHW,9,11,4.39,28,28,0,0,,156.1,668,147,82,76,21,55,0,9,144,8.29,3.16,1.29,21.6%,8.2%,12
84,Reid Detmers,LAA,6,10,4.36,33,23,0,1,,133.1,569,122,69,65,20,48,2,7,149,10.02,3.25,1.28,26.1%,8.5%,3
85,Dustin May,STL,7,10,4.44,29,23,0,1,,137.2,593,131,72,68,14,51,1,10,119,7.78,3.37,1.32,20.1%,8.7%,7
86,Cade Cavalli,WSN,7,10,4.30,24,24,0,0,,132.2,568,131,68,63,14,45,0,7,105,7.12,3.03,1.32,18.5%,7.9%,10
87,Tatsuya Imai,HOU,9,9,4.34,27,27,0,0,,155.0,664,137,80,75,22,65,0,9,157,9.14,3.79,1.30,23.7%,9.8%,12
88,Robbie Ray,SFG,10,11,4.50,29,29,0,0,,171.1,728,153,92,86,30,66,0,5,177,9.30,3.46,1.27,24.3%,9.1%,14
89,Clay Holmes,NYM,11,10,4.03,28,27,0,0,,144.0,616,138,69,65,14,53,0,8,113,7.07,3.31,1.32,18.4%,8.6%,9
90,Ryan Weathers,NYY,7,8,4.05,33,21,0,1,,126.1,532,116,61,57,17,40,2,6,123,8.74,2.83,1.23,23.1%,7.5%,3
91,Shota Imanaga,CHC,10,9,4.14,26,26,0,0,,155.0,634,137,76,71,30,33,0,5,135,7.86,1.90,1.10,21.3%,5.2%,12
92,Joey Cantillo,CLE,5,9,4.23,39,19,0,1,,126.0,541,115,64,59,16,53,2,4,134,9.55,3.76,1.33,24.7%,9.7%,1
93,Jameson Taillon,CHC,10,9,4.35,27,27,0,0,,156.1,652,148,81,76,26,40,0,3,120,6.91,2.30,1.20,18.4%,6.1%,12
94,Grant Holmes,ATL,6,7,4.23,29,19,0,1,,118.0,505,111,59,56,15,43,2,5,127,9.68,3.29,1.30,25.1%,8.6%,3
95,Will Warren,NYY,7,8,4.04,35,21,0,1,,123.0,521,111,59,55,16,45,1,5,121,8.88,3.27,1.26,23.3%,8.6%,3
96,Nick Lodolo,CIN,8,10,4.74,26,26,0,0,,149.0,638,143,84,79,27,39,0,18,160,9.65,2.33,1.22,25.1%,6.1%,11
97,Casey Mize,DET,8,9,4.28,26,26,0,0,,143.0,601,137,73,68,21,40,0,5,116,7.32,2.49,1.23,19.3%,6.6%,10
98,Max Meyer,MIA,7,9,4.12,27,22,0,1,,125.0,526,119,61,57,16,40,1,4,113,8.15,2.86,1.27,21.5%,7.5%,6
99,Foster Griffin,WSN,5,9,4.23,27,19,0,1,,118.1,505,111,60,56,15,42,1,6,113,8.58,3.20,1.30,22.3%,8.3%,4
100,Logan Henderson,MIL,6,7,3.94,33,17,0,1,,111.0,454,91,52,49,20,30,1,4,121,9.79,2.42,1.09,26.6%,6.6%,2
101,Shane Baz,BAL,9,9,4.37,27,27,0,0,,151.2,642,133,79,74,25,56,0,8,144,8.52,3.30,1.25,22.4%,8.7%,11
102,Bryce Miller,SEA,9,9,4.32,25,25,0,0,,144.1,603,131,74,69,23,44,0,4,120,7.47,2.72,1.21,19.9%,7.2%,11
103,Michael Wacha,KCR,9,11,4.82,28,28,0,0,,165.2,713,170,95,89,26,51,1,5,116,6.31,2.77,1.34,16.3%,7.2%,13
104,Eduardo Rodriguez,ARI,8,10,4.78,27,24,0,1,,132.1,575,136,75,70,18,49,1,4,116,7.92,3.32,1.40,20.2%,8.5%,8
105,Gerrit Cole,NYY,7,6,4.05,18,18,0,0,,109.1,453,96,52,49,17,32,0,4,107,8.81,2.61,1.17,23.6%,7.0%,9
106,Spencer Schwellenbach,ATL,5,4,3.60,12,12,0,0,,68.2,280,63,29,27,8,14,0,2,71,9.28,1.88,1.12,25.3%,5.1%,5
107,Brayan Bello,BOS,10,10,4.36,28,28,0,0,,160.1,691,159,84,78,19,59,0,9,120,6.77,3.30,1.36,17.4%,8.5%,12
108,Yusei Kikuchi,LAA,9,12,4.75,29,29,0,0,,169.2,731,170,96,90,29,59,1,4,157,8.33,3.13,1.35,21.5%,8.1%,13
109,Taj Bradley,MIN,7,10,4.43,31,23,0,1,,135.0,578,128,71,66,19,50,1,4,118,7.87,3.34,1.32,20.4%,8.7%,5
110,Justin Steele,CHC,5,4,3.62,13,13,0,0,,72.0,297,64,31,29,8,19,0,3,69,8.59,2.43,1.16,23.2%,6.6%,5
111,Simeon Woods Richardson,MIN,8,10,4.65,29,25,0,1,,134.0,576,128,74,69,19,51,1,3,115,7.73,3.41,1.33,20.0%,8.8%,7
112,Bailey Ober,MIN,8,11,4.77,28,28,0,0,,159.2,679,157,90,85,29,45,0,6,130,7.31,2.51,1.26,19.1%,6.6%,12
113,Adrian Houser,SFG,8,9,4.62,25,25,0,0,,142.0,617,150,78,73,17,50,0,5,101,6.41,3.20,1.41,16.4%,8.2%,11
114,Kodai Senga,NYM,7,8,4.23,29,21,0,1,,120.0,516,104,60,56,15,57,1,4,122,9.19,4.31,1.35,23.7%,11.1%,4
115,Tyler Mahle,SFG,8,8,4.35,23,23,0,0,,130.2,551,123,68,63,20,42,0,2,107,7.34,2.87,1.26,19.3%,7.5%,10
116,Roki Sasaki,LAD,7,6,4.22,33,18,0,1,,114.0,486,104,57,53,14,42,1,6,107,8.45,3.33,1.29,22.0%,8.7%,3
117,Mike Burrows,HOU,7,9,4.48,29,23,0,1,,126.1,537,118,67,63,20,44,1,4,123,8.75,3.12,1.28,22.8%,8.1%,5
118,Jacob Lopez,ATH,7,9,4.70,23,23,0,0,,128.0,551,117,72,67,23,48,0,8,140,9.85,3.39,1.29,25.4%,8.7%,9
119,Brady Singer,CIN,9,12,4.97,29,29,0,0,,168.0,729,170,99,93,28,58,0,10,151,8.09,3.09,1.35,20.7%,7.9%,13
120,Zack Littell,,9,11,4.63,25,24,0,0,,139.0,587,142,76,72,24,32,1,4,99,6.44,2.04,1.25,16.9%,5.4%,10
121,Slade Cecconi,CLE,8,11,4.72,26,26,0,0,,150.1,641,152,84,79,25,41,1,6,121,7.23,2.48,1.28,18.9%,6.5%,12
122,Shane Bieber,TOR,7,5,3.90,17,17,0,1,,101.2,419,88,47,44,15,29,0,4,93,8.24,2.59,1.15,22.2%,7.0%,8
123,Kyle Leahy,STL,5,8,4.45,40,16,0,1,,117.0,503,117,62,58,14,41,1,3,97,7.45,3.15,1.35,19.2%,8.1%,1
124,Richard Fitts,STL,5,7,4.20,30,17,0,1,,101.0,426,95,50,47,13,31,1,3,85,7.58,2.78,1.25,20.0%,7.3%,2
125,Luis Morales,ATH,6,8,4.56,26,20,0,1,,113.0,486,106,61,57,17,43,1,6,108,8.64,3.40,1.31,22.3%,8.8%,5
126,Andrew Painter,PHI,5,6,4.29,24,17,0,0,,93.2,395,90,48,45,13,27,1,3,85,8.22,2.60,1.25,21.6%,6.8%,2
127,Sean Burke,CHW,8,10,4.60,26,26,0,0,,142.0,608,128,78,73,23,58,0,5,131,8.32,3.70,1.31,21.6%,9.6%,10
128,Jared Jones,PIT,5,5,4.11,14,14,0,1,,76.1,321,71,37,35,10,23,0,3,77,9.07,2.72,1.23,23.9%,7.2%,5
129,Cristian Javier,HOU,8,9,4.62,25,25,0,0,,138.0,589,118,75,71,22,59,0,6,119,7.75,3.88,1.29,20.2%,10.1%,10
130,Justin Verlander,DET,7,9,4.71,23,23,0,0,,129.2,556,122,73,68,21,46,0,6,104,7.19,3.22,1.30,18.6%,8.3%,10
131,Andre Pallante,STL,8,11,4.61,26,25,0,0,,135.0,586,140,74,69,13,52,0,5,85,5.67,3.49,1.42,14.5%,8.9%,9
132,Dean Kremer,BAL,7,9,4.52,33,22,0,1,,134.0,572,130,72,67,21,45,1,3,110,7.37,2.99,1.30,19.2%,7.8%,4
133,Hunter Barco,PIT,3,5,4.01,27,11,0,1,,76.1,325,70,36,34,8,28,1,4,77,9.07,3.25,1.27,23.7%,8.5%,1
134,Zach Eflin,BAL,8,10,4.70,29,24,0,1,,140.2,595,149,79,73,24,30,1,4,100,6.40,1.94,1.27,16.8%,5.1%,8
135,Hunter Dobbins,STL,4,6,4.35,26,14,0,1,,90.1,388,90,47,44,10,31,1,4,71,7.07,3.07,1.34,18.3%,7.9%,2
136,Robert Gasser,MIL,4,4,3.82,33,10,0,1,,76.0,318,67,35,32,9,24,1,4,74,8.73,2.82,1.19,23.1%,7.5%,0
137,Mick Abel,MIN,5,7,4.37,34,16,0,1,,102.1,442,91,53,50,14,45,2,4,103,9.02,3.98,1.34,23.2%,10.2%,1
138,Bryce Elder,ATL,6,7,4.59,25,18,0,1,,108.1,467,110,59,55,14,37,1,4,88,7.31,3.03,1.36,18.9%,7.8%,4
139,Patrick Corbin,,7,10,5.03,22,22,0,0,,116.0,506,122,70,65,17,41,0,4,103,7.97,3.19,1.41,20.3%,8.1%,8
140,Lucas Giolito,,8,10,4.81,23,23,0,0,,125.2,542,120,72,67,21,50,1,3,109,7.83,3.59,1.35,20.1%,9.2%,9
141,Jose Berrios,TOR,5,7,4.48,35,17,0,1,,119.1,511,116,63,59,17,40,2,7,99,7.44,3.01,1.31,19.3%,7.8%,1
142,Michael Soroka,ARI,4,5,4.28,40,12,1,1,,94.2,405,85,48,45,12,36,2,6,97,9.17,3.46,1.28,23.8%,9.0%,1
143,Kumar Rocker,TEX,5,7,4.36,29,16,0,1,,96.0,407,91,50,46,12,31,1,4,80,7.51,2.92,1.28,19.7%,7.6%,2
144,Steven Matz,TBR,5,9,5.09,34,19,0,1,,123.0,535,137,75,70,20,33,2,5,99,7.23,2.44,1.38,18.5%,6.2%,3
145,Jacob Latz,TEX,4,6,4.22,41,12,0,1,,101.0,428,86,51,47,14,43,2,2,96,8.59,3.84,1.28,22.5%,10.1%,1
146,Luis Severino,ATH,9,12,5.16,29,29,0,0,,174.2,764,180,107,100,30,59,1,14,135,6.98,3.02,1.37,17.7%,7.7%,15
147,Kyle Harrison,MIL,3,4,4.19,24,10,0,1,,67.1,287,61,34,31,9,24,1,4,73,9.71,3.17,1.26,25.3%,8.3%,1
148,Brandon Sproat,MIL,4,5,3.95,23,11,0,1,,71.1,302,63,33,31,8,27,1,4,63,7.93,3.40,1.26,20.8%,8.9%,1
149,Brad Lord,WSN,5,11,4.99,31,22,1,1,,129.2,566,136,77,72,20,46,1,5,104,7.21,3.18,1.40,18.3%,8.1%,4
150,Connelly Early,BOS,3,3,3.47,23,7,0,1,,54.0,226,45,22,21,5,20,1,3,58,9.59,3.29,1.21,25.5%,8.8%,0
151,Max Scherzer,TOR,6,7,4.69,17,17,0,1,,89.1,379,84,49,46,16,28,0,4,81,8.20,2.83,1.26,21.4%,7.4%,6
152,Cody Bradford,TEX,3,3,3.83,25,7,0,1,,61.0,252,55,28,26,8,15,1,2,55,8.13,2.18,1.14,21.9%,5.9%,0
153,David Festa,MIN,3,5,4.37,26,10,0,1,,69.0,295,64,36,33,9,25,1,3,69,9.03,3.30,1.30,23.4%,8.6%,1
154,Nick Martinez,TBR,6,10,5.11,37,22,0,1,,139.1,604,151,85,79,22,39,1,7,98,6.31,2.50,1.36,16.2%,6.4%,3
155,Griffin Canning,SDP,5,7,4.53,25,17,0,1,,100.2,433,96,54,51,15,39,1,3,91,8.10,3.49,1.34,20.9%,9.0%,2
156,J.T. Ginn,ATH,3,4,3.92,26,8,0,1,,63.1,268,59,30,28,7,21,1,4,63,8.98,3.03,1.27,23.6%,7.9%,0
157,Janson Junk,MIA,3,5,4.42,37,10,0,1,,85.0,362,86,45,42,11,22,2,2,63,6.64,2.37,1.28,17.4%,6.2%,1
158,Seth Lugo,KCR,8,10,5.00,26,26,0,0,,156.0,678,159,93,87,26,55,1,7,122,7.02,3.16,1.37,17.9%,8.1%,13
159,Lance McCullers Jr.,HOU,5,7,4.59,23,16,0,1,,88.0,384,82,48,45,11,40,1,6,83,8.49,4.12,1.39,21.6%,10.5%,2
160,Andrew Alvarez,WSN,3,6,4.14,27,12,0,1,,78.2,339,77,39,36,8,30,1,3,61,6.95,3.43,1.35,18.0%,8.9%,1
161,Patrick Sandoval,BOS,3,4,3.96,29,9,0,1,,70.1,303,65,33,31,7,32,2,3,64,8.19,4.04,1.37,21.1%,10.4%,0
162,Johan Oviedo,BOS,5,7,4.44,38,15,0,1,,102.0,442,90,54,50,14,47,2,6,98,8.65,4.19,1.35,22.2%,10.7%,1
163,Ian Seymour,TBR,4,6,4.49,32,13,0,1,,92.2,394,86,50,46,15,29,2,6,89,8.69,2.83,1.24,22.7%,7.4%,1
164,Ryan Weiss,HOU,3,4,4.31,30,9,0,0,,72.2,312,65,37,35,10,29,1,4,81,9.98,3.58,1.29,25.9%,9.3%,1
165,Chris Paddack,MIA,5,9,4.94,28,19,0,1,,112.2,484,119,66,62,19,32,1,3,81,6.50,2.56,1.34,16.8%,6.6%,3
166,Aaron Civale,ATH,6,9,5.15,22,22,0,0,,120.2,525,125,74,69,22,41,0,6,102,7.62,3.07,1.38,19.4%,7.8%,9
167,Trevor McDonald,SFG,3,4,4.05,19,8,0,1,,57.2,247,56,28,26,6,20,1,3,52,8.09,3.04,1.31,21.0%,7.9%,0
168,Jose Urquidy,PIT,4,6,4.80,25,14,0,1,,86.1,371,87,49,46,13,28,1,3,65,6.73,2.88,1.32,17.4%,7.4%,2
169,Joe Boyle,TBR,3,5,4.52,19,12,0,1,,68.1,299,60,37,34,9,37,1,3,75,9.92,4.84,1.41,25.2%,12.3%,2
170,Spencer Arrighetti,HOU,4,6,4.67,24,14,0,1,,87.2,380,78,49,45,13,40,1,6,87,8.91,4.08,1.34,22.8%,10.5%,2
171,Tyler Anderson,LAA,6,7,4.77,18,16,0,0,,92.1,398,88,52,49,15,35,1,3,73,7.08,3.39,1.33,18.3%,8.8%,6
172,Hurston Waldrep,ATL,4,4,4.59,11,11,0,0,,62.0,268,62,34,32,7,24,0,2,52,7.57,3.49,1.39,19.4%,9.0%,4
173,Randy Vasquez,SDP,7,10,5.12,29,23,0,1,,127.0,558,136,77,72,19,45,1,7,83,5.86,3.17,1.42,14.8%,8.0%,6
174,Miles Mikolas,WSN,6,12,5.25,26,26,0,0,,146.0,633,162,91,85,26,38,0,5,88,5.44,2.36,1.37,13.9%,6.0%,11
175,Rhett Lowder,CIN,3,5,4.64,26,11,0,1,,76.0,327,77,42,39,11,24,1,3,64,7.53,2.89,1.33,19.5%,7.5%,1
176,Kyle Freeland,COL,7,12,5.87,28,28,0,0,,159.2,708,196,112,104,32,39,1,5,116,6.55,2.22,1.47,16.4%,5.6%,13
177,Luis Gil,NYY,5,6,4.54,36,13,0,1,,94.2,413,81,51,48,13,49,1,5,89,8.46,4.70,1.38,21.6%,12.0%,1
178,Logan Allen,CLE,6,10,5.08,25,21,0,1,,118.1,518,121,72,67,20,46,1,5,93,7.05,3.47,1.41,17.9%,8.8%,7
179,Anthony Kay,CHW,6,10,5.17,23,21,0,0,,120.0,531,122,74,69,19,53,1,6,95,7.13,3.96,1.46,17.9%,9.9%,8
180,Corbin Burnes,ARI,3,2,3.94,6,6,0,0,,37.1,156,34,17,16,4,12,0,2,33,8.05,2.84,1.24,21.3%,7.5%,3
181,Logan Evans,SEA,4,4,4.42,11,11,0,0,,58.1,249,57,31,29,8,20,0,2,46,7.04,3.07,1.31,18.3%,8.0%,4
182,Alek Manoah,LAA,5,7,4.87,18,18,0,0,,98.1,427,95,57,53,16,38,0,7,80,7.36,3.47,1.35,18.8%,8.9%,7
183,Josiah Gray,WSN,5,8,4.97,19,19,0,0,,108.1,470,103,64,60,19,45,0,5,87,7.26,3.71,1.36,18.6%,9.5%,8
184,Davis Martin,CHW,7,11,5.22,27,27,0,0,,151.2,664,156,94,88,27,56,1,7,111,6.55,3.33,1.40,16.7%,8.5%,12
185,Jonah Tong,NYM,2,2,3.57,12,5,0,1,,32.0,133,25,13,13,3,13,0,1,38,10.62,3.61,1.20,28.3%,9.6%,0
186,Jonathan Cannon,CHW,3,6,4.89,31,12,0,1,,88.1,384,89,51,48,13,31,1,4,65,6.63,3.19,1.37,17.0%,8.2%,1
187,Erick Fedde,CHW,4,8,5.32,22,17,0,1,,95.2,421,102,60,56,14,38,1,2,66,6.20,3.54,1.46,15.7%,8.9%,4
188,Stephen Kolek,KCR,3,4,4.54,31,8,0,1,,70.0,304,73,38,35,7,24,1,4,51,6.51,3.08,1.38,16.6%,7.9%,1
189,Jon Gray,,4,4,4.69,11,10,0,0,,55.0,236,55,31,29,9,18,0,2,47,7.67,2.92,1.31,19.9%,7.6%,4
190,Chase Dollander,COL,5,10,5.85,23,23,0,0,,119.0,539,134,82,77,19,52,0,7,100,7.56,3.96,1.56,18.5%,9.7%,9
191,Ryan Bergert,KCR,3,4,4.47,23,9,0,1,,59.2,257,55,32,30,9,24,1,2,53,8.03,3.57,1.32,20.8%,9.2%,1
192,Marcus Stroman,,4,6,4.88,14,13,0,0,,72.1,316,74,42,39,9,30,0,2,50,6.23,3.70,1.44,15.8%,9.4%,5
193,Ryan Feltner,COL,4,9,5.63,25,17,0,1,,97.1,438,110,65,61,14,41,1,4,71,6.56,3.79,1.55,16.2%,9.4%,3
194,Jordan Montgomery,TEX,2,3,4.62,16,8,0,1,,53.0,227,53,29,27,7,17,1,2,40,6.79,2.91,1.33,17.6%,7.5%,1
195,Colin Rea,CHC,3,4,4.83,34,9,0,1,,82.2,355,82,47,44,13,26,1,4,67,7.26,2.88,1.32,18.8%,7.4%,1
196,Jeffrey Springs,ATH,8,12,5.55,29,29,0,0,,164.1,719,177,109,101,36,53,1,4,130,7.12,2.91,1.40,18.1%,7.4%,13
197,JP Sears,SDP,3,4,4.73,28,9,0,1,,69.1,296,67,39,36,12,21,1,4,59,7.68,2.72,1.27,20.0%,7.1%,1
198,Charlie Morton,,4,5,4.72,11,10,0,0,,55.0,241,51,31,29,8,25,0,5,55,9.10,4.14,1.38,23.1%,10.5%,4
199,Drew Thorpe,CHW,3,4,4.51,9,9,0,0,,46.2,198,44,25,23,7,15,0,2,34,6.51,2.93,1.26,17.1%,7.7%,3
200,Alex Cobb,,3,3,4.48,8,7,0,0,,40.1,173,42,21,20,5,13,0,2,31,6.96,2.85,1.35,18.0%,7.4%,2
201,Jake Irvin,WSN,4,8,5.01,24,17,0,1,,101.1,440,106,61,56,17,34,1,4,71,6.27,2.98,1.37,16.1%,7.6%,4
202,River Ryan,LAD,2,2,4.35,11,6,0,1,,35.2,153,33,18,17,5,14,0,2,32,8.05,3.42,1.31,20.9%,8.9%,1
203,Spencer Turnbull,,2,3,4.69,8,7,0,0,,39.1,170,38,22,20,5,16,0,2,32,7.28,3.67,1.38,18.6%,9.4%,2
204,Luis Medina,ATH,3,5,5.08,34,11,0,1,,84.2,379,84,51,48,12,43,2,5,77,8.15,4.58,1.50,20.2%,11.4%,1
205,Clarke Schmidt,NYY,1,1,4.05,13,3,0,1,,28.0,119,25,14,13,4,10,0,1,27,8.71,3.14,1.24,22.9%,8.3%,0
206,Caden Dana,LAA,4,7,5.29,16,15,0,0,,82.0,361,84,51,48,14,32,0,5,70,7.70,3.55,1.42,19.4%,9.0%,6
207,Taijuan Walker,PHI,5,7,4.98,37,16,0,1,,109.2,477,111,65,61,18,41,1,4,75,6.18,3.39,1.39,15.8%,8.6%,1
208,Kohl Drake,ARI,1,2,4.43,5,4,0,0,,23.2,101,23,12,12,3,8,0,1,22,8.43,3.02,1.31,21.9%,7.8%,1
209,Gavin Stone,LAD,2,1,4.42,13,4,0,1,,31.0,133,31,16,15,4,10,0,1,27,7.72,2.90,1.31,20.1%,7.5%,0
210,Hayden Birdsong,SFG,2,4,4.80,20,8,0,1,,55.0,242,50,31,29,8,28,1,3,53,8.60,4.53,1.42,21.7%,11.4%,1
211,Martin Perez,ATL,3,4,5.37,9,9,0,0,,47.2,213,54,30,28,7,19,0,2,32,6.10,3.53,1.52,15.2%,8.8%,3
212,Tanner Houck,BOS,1,1,4.15,6,3,0,0,,21.2,92,21,11,10,2,7,0,2,17,6.99,3.09,1.31,18.1%,8.0%,0
213,Carson Whisenhunt,SFG,1,2,4.55,12,4,0,1,,27.1,119,28,15,14,4,10,0,1,23,7.69,3.21,1.36,19.7%,8.3%,0
214,McCade Brown,COL,2,3,5.66,7,7,0,1,,34.2,155,39,23,22,6,13,0,3,30,7.88,3.29,1.49,19.5%,8.1%,2
215,Tomoyuki Sugano,COL,5,9,5.77,21,21,0,0,,117.1,522,140,80,75,21,33,1,6,69,5.26,2.56,1.48,13.2%,6.4%,9
216,Tanner Gordon,COL,2,5,5.95,23,9,0,1,,62.2,279,76,44,41,12,18,1,2,47,6.82,2.53,1.50,17.0%,6.3%,1
217,Gage Jump,ATH,1,1,4.60,3,3,0,0,,16.1,70,16,9,8,3,5,0,1,15,8.25,2.89,1.31,21.4%,7.5%,1
218,Walker Buehler,SDP,2,3,4.82,19,6,0,1,,46.0,200,44,26,25,7,19,1,3,35,6.93,3.69,1.38,17.7%,9.4%,0
219,Mitch Bratt,ARI,1,1,4.43,3,2,0,0,,13.0,55,13,7,6,2,3,0,0,12,8.03,2.22,1.25,21.1%,5.8%,1
220,Tink Hence,STL,1,1,4.11,2,2,0,0,,9.2,40,9,5,4,1,3,0,0,9,8.34,2.79,1.25,22.0%,7.4%,0
221,Wade Miley,,2,3,5.14,7,6,0,0,,32.2,144,35,20,19,5,12,0,1,23,6.43,3.38,1.44,16.3%,8.5%,2
222,Tony Gonsolin,,1,1,4.42,4,3,0,0,,17.1,73,15,9,8,3,7,0,1,16,8.13,3.60,1.30,21.2%,9.4%,1
223,Gunnar Hoglund,ATH,2,2,4.85,16,5,0,1,,38.0,163,38,22,20,7,12,1,2,32,7.55,2.86,1.31,19.6%,7.4%,0
224,Mitch Farris,LAA,2,3,5.32,6,6,0,0,,31.1,138,32,20,19,6,12,0,1,27,7.67,3.54,1.43,19.4%,8.9%,2
225,Adam Macko,TOR,1,1,4.24,7,2,0,0,,14.1,62,13,7,7,2,6,0,1,14,8.86,3.63,1.31,22.9%,9.4%,0
226,Didier Fuentes,ATL,1,1,4.54,6,2,0,0,,12.0,51,12,6,6,2,4,0,0,12,9.07,2.77,1.28,23.6%,7.2%,0
227,Thomas Harrington,PIT,1,1,4.91,7,2,0,1,,16.0,69,17,9,9,2,5,0,1,13,7.20,2.79,1.35,18.4%,7.2%,0
228,Cal Quantrill,TEX,1,2,5.08,5,4,0,0,,20.1,88,20,12,11,3,8,0,1,14,6.43,3.38,1.37,16.4%,8.6%,1
229,Nestor Cortes,,1,1,4.67,3,3,0,0,,13.1,57,12,7,7,2,5,0,0,11,7.62,3.15,1.29,19.8%,8.2%,1
230,Dane Dunning,SEA,1,1,4.57,7,2,0,1,,16.1,71,16,9,8,2,6,0,1,14,7.56,3.38,1.34,19.4%,8.7%,0
231,Brandon Walter,HOU,0,0,4.06,1,1,0,0,,7.1,30,7,3,3,1,2,0,0,7,8.21,2.16,1.19,21.9%,5.8%,0
232,German Marquez,SDP,5,8,5.79,19,19,0,1,,97.1,432,111,67,63,18,34,0,3,60,5.58,3.11,1.49,14.0%,7.8%,7
233,Jose Quintana,COL,5,10,6.18,22,22,0,0,,127.2,583,158,93,88,20,52,0,4,75,5.31,3.70,1.65,12.9%,9.0%,11
234,Jean Cabrera,PHI,1,1,4.75,2,2,0,0,,11.0,47,11,6,6,2,4,0,0,8,6.63,3.13,1.38,17.0%,8.0%,1
235,Matt Waldron,SDP,1,1,5.21,4,3,0,0,,18.2,81,19,12,11,4,6,0,1,16,7.54,3.04,1.36,19.2%,7.8%,1
236,Bryse Wilson,PHI,1,1,5.03,9,3,0,1,,22.0,95,23,13,12,3,7,0,1,15,5.99,2.81,1.38,15.3%,7.2%,0
237,Pete Hansen,STL,0,1,4.73,2,2,0,0,,8.0,34,8,4,4,1,2,0,0,6,6.53,2.66,1.35,16.8%,6.9%,1
238,Jackson Jobe,DET,0,1,4.36,3,1,0,0,,8.2,37,8,4,4,1,4,0,0,7,7.80,3.67,1.30,20.3%,9.5%,0
239,Yoniel Curet,PHI,0,1,4.51,2,1,0,0,,7.1,32,7,4,4,1,3,0,0,7,8.38,3.99,1.37,21.4%,10.2%,0
240,Michael Lorenzen,COL,6,11,6.11,25,25,0,0,,142.2,645,168,103,97,27,56,0,7,105,6.61,3.52,1.57,16.2%,8.7%,12
