#,Name,Team,W,L,ERA,G,GS,SV,HLD,BS,IP,TBF,H,R,ER,HR,BB,IBB,HBP,SO,K/9,BB/9,WHIP,K%,BB%
1,Grant Taylor,CHW,3,3,3,69,2,7,15,,82.1,337,63,29,28,6,28,2,4,97,10.59,3.09,1.11,28.80%,8.40%
2,Mason Miller,SDP,3,2,2.63,59,0,33,2,,64.2,258,40,20,19,6,24,2,3,96,13.33,3.39,1,37.20%,9.50%
3,Cade Smith,CLE,3,2,3.09,67,0,31,3,,69,283,53,25,24,6,23,2,4,88,11.46,2.96,1.1,31.00%,8.00%
4,Griffin Jax,TBR,3,2,3.45,65,0,15,10,,65.2,270,55,27,25,7,18,1,3,80,10.93,2.48,1.12,29.60%,6.70%
5,Edwin Diaz,LAD,3,1,3.52,64,0,37,3,,65.2,271,51,28,26,8,23,1,4,89,12.22,3.13,1.12,32.90%,8.40%
6,Garrett Whitlock,BOS,3,2,3.42,58,0,4,14,,64,262,55,26,24,6,17,1,3,69,9.71,2.33,1.12,26.30%,6.30%
7,Devin Williams,NYM,3,2,3.14,64,0,30,3,,64.1,265,46,24,22,6,28,1,3,84,11.81,3.88,1.14,31.80%,10.50%
8,Andres Munoz,SEA,3,2,2.97,60,0,34,3,,61.2,252,46,22,20,5,22,2,4,74,10.84,3.28,1.1,29.50%,8.90%
9,Jhoan Duran,PHI,3,2,3.24,65,0,33,3,,66.1,273,57,26,24,6,19,2,4,70,9.5,2.55,1.14,25.70%,6.90%
10,Abner Uribe,MIL,3,2,3.02,67,0,16,7,,68.2,287,51,25,23,4,32,2,4,76,9.96,4.23,1.21,26.50%,11.30%
11,Jose A. Ferrer,SEA,3,2,3.15,63,0,3,16,,65,267,58,25,23,4,17,2,3,57,7.94,2.35,1.14,21.50%,6.40%
12,David Bednar,NYY,3,2,3.46,62,0,31,2,,63.2,261,51,26,24,7,20,2,3,75,10.55,2.86,1.11,28.60%,7.70%
13,Alex Vesia,LAD,3,1,3.39,62,0,2,18,,61.2,252,44,25,23,8,24,2,3,78,11.41,3.5,1.11,30.90%,9.50%
14,Matt Svanson,STL,3,2,3.41,59,0,5,15,,66.1,276,57,27,25,5,22,2,3,65,8.81,3.06,1.2,23.40%,8.10%
15,Jeremiah Estrada,SDP,3,2,3.55,67,0,3,15,,68.2,287,52,29,27,9,29,2,3,91,11.96,3.75,1.18,31.80%,10.00%
16,Ben Brown,CHC,2,2,3.6,33,3,0,1,,53,220,44,23,21,6,18,1,2,59,9.99,3.12,1.18,26.70%,8.30%
17,Bryan Abreu,HOU,3,2,3.65,65,0,9,13,,67.1,284,53,29,27,7,29,1,4,87,11.58,3.83,1.21,30.50%,10.10%
18,Orion Kerkering,PHI,3,2,3.5,62,0,2,13,,62.2,260,54,26,24,5,20,1,4,62,8.97,2.81,1.18,24.00%,7.50%
19,Drew Anderson,DET,2,2,3.71,43,3,0,6,,64,273,48,28,26,8,33,2,4,86,12.14,4.71,1.27,31.60%,12.30%
20,Gabe Speier,SEA,3,2,3.41,60,0,1,12,,56.2,233,46,23,22,6,17,2,2,67,10.66,2.63,1.11,28.90%,7.10%
21,Matt Strahm,KCR,3,2,3.75,62,0,2,17,,64.1,266,54,29,27,8,19,1,3,70,9.86,2.69,1.14,26.40%,7.20%
22,A.J. Minter,NYM,3,1,3.38,50,0,2,14,,51.1,210,41,21,19,5,16,1,2,58,10.07,2.87,1.11,27.40%,7.80%
23,Adrian Morejon,SDP,3,2,3.54,65,0,3,13,,66.1,274,59,28,26,7,19,2,2,63,8.58,2.63,1.18,23.00%,7.10%
24,Daniel Palencia,CHC,3,2,3.61,62,0,29,4,,64.2,272,51,28,26,6,28,1,4,74,10.32,3.85,1.22,27.30%,10.20%
25,Matt Brash,SEA,2,2,3.53,59,0,4,12,,59.2,254,49,25,23,5,27,1,3,69,10.36,4.05,1.27,27.10%,10.60%
26,Aaron Bummer,ATL,2,1,3.81,56,0,0,12,,60,256,56,27,25,4,23,2,3,58,8.75,3.41,1.32,22.80%,8.90%
27,Dylan Lee,ATL,3,2,3.83,63,0,2,16,,65,269,58,30,28,9,17,1,2,71,9.82,2.29,1.15,26.40%,6.20%
28,Aroldis Chapman,BOS,3,2,3.34,57,0,30,2,,57.1,240,40,23,21,6,30,1,2,77,12.16,4.79,1.22,32.20%,12.70%
29,Phil Maton,CHC,3,2,3.68,63,0,6,14,,63.2,268,52,28,26,7,24,1,5,73,10.3,3.38,1.2,27.20%,8.90%
30,Josh Hader,HOU,3,2,3.42,53,0,29,2,,56,229,39,23,21,8,22,1,3,77,12.31,3.55,1.08,33.50%,9.70%
31,Pete Fairbanks,MIA,2,2,3.78,61,0,26,4,,63,264,55,28,26,6,22,1,3,62,8.91,3.14,1.23,23.60%,8.30%
32,Erik Sabrowski,CLE,2,2,3.57,58,0,1,14,,59.1,253,43,25,24,6,33,1,3,77,11.69,4.99,1.28,30.40%,13.00%
33,Chris Martin,TEX,2,2,3.62,50,0,6,12,,51,207,47,22,21,6,8,1,2,48,8.52,1.47,1.09,23.30%,4.00%
34,Brant Hurter,DET,2,1,3.37,43,0,0,9,,50.2,211,45,20,19,4,15,2,3,47,8.26,2.66,1.18,22.00%,7.10%
35,Raisel Iglesias,ATL,2,2,3.93,62,0,26,4,,63.2,265,59,30,28,8,16,1,2,65,9.16,2.22,1.17,24.50%,5.90%
36,Will Vest,DET,2,2,3.77,61,0,7,12,,64,269,59,29,27,6,20,1,3,62,8.69,2.79,1.24,22.90%,7.40%
37,Aaron Ashby,MIL,3,2,3.52,56,0,1,13,,67.2,289,57,28,26,5,32,2,4,70,9.33,4.29,1.32,24.30%,11.20%
38,Kody Funderburk,MIN,3,2,3.84,59,0,4,15,,62.2,270,58,29,27,4,26,1,4,57,8.21,3.73,1.34,21.20%,9.70%
39,Cole Sands,MIN,3,2,4.19,62,0,4,13,,66,281,62,33,31,7,21,1,4,61,8.36,2.81,1.25,21.90%,7.30%
40,Tyler Rogers,TOR,3,2,3.6,68,0,2,18,,69,283,66,30,28,6,13,1,3,44,5.75,1.76,1.15,15.50%,4.70%
41,Mason Montgomery,PIT,3,2,3.86,58,0,2,12,,60.1,257,52,28,26,6,25,1,2,67,10.04,3.67,1.28,26.20%,9.60%
42,Shawn Armstrong,CLE,2,2,4.14,64,0,3,16,,67.1,284,62,33,31,8,21,1,4,66,8.86,2.78,1.24,23.30%,7.30%
43,Bryan King,HOU,3,2,3.67,64,0,0,17,,64,271,56,28,26,6,24,1,3,63,8.85,3.34,1.24,23.30%,8.80%
44,Ryan Walker,SFG,3,2,4.03,60,0,24,5,,62,266,59,30,28,6,21,1,4,62,8.95,3.05,1.29,23.30%,7.90%
45,Andrew Nardi,MIA,2,2,3.65,53,0,1,10,,51.2,216,43,23,21,6,19,1,2,61,10.63,3.32,1.19,28.30%,8.80%
46,Ryan Helsley,BAL,3,2,3.82,61,0,29,4,,63.1,266,54,29,27,8,22,1,2,65,9.18,3.13,1.21,24.40%,8.30%
47,Blake Treinen,LAD,3,1,3.91,59,0,1,14,,59,248,52,28,26,7,20,1,3,61,9.38,3.05,1.22,24.80%,8.10%
48,Camilo Doval,NYY,3,2,3.61,62,0,5,14,,63,268,52,27,25,5,28,2,4,66,9.38,4.05,1.27,24.60%,10.60%
49,Jason Adam,SDP,2,1,3.46,49,0,1,15,,50.1,206,39,21,19,5,17,1,3,52,9.23,3.02,1.11,25.00%,8.20%
50,Angel Zerpa,MIL,3,2,3.49,58,0,0,12,,60,250,53,25,23,6,18,1,2,51,7.69,2.73,1.19,20.60%,7.30%
51,Jose Alvarado,PHI,2,1,3.79,55,0,4,12,,56.2,240,50,26,24,5,23,1,3,59,9.34,3.68,1.29,24.40%,9.60%
52,Caleb Thielbar,CHC,3,2,3.87,63,0,2,15,,61,254,52,28,26,8,21,1,2,61,8.99,3.03,1.19,24.00%,8.10%
53,Edwin Uceta,TBR,3,2,4.11,63,0,12,11,,68.1,290,57,33,31,10,27,2,4,83,11,3.61,1.24,28.70%,9.40%
54,Tyler Holton,DET,3,2,3.56,61,1,1,14,,68,278,59,29,27,8,17,1,2,54,7.12,2.21,1.12,19.30%,6.00%
55,Jack Dreyer,LAD,3,1,3.61,48,0,1,12,,50.2,211,42,22,20,5,18,2,2,50,8.96,3.19,1.19,23.90%,8.50%
56,Eduard Bazardo,SEA,3,2,3.94,60,0,0,14,,63.1,266,54,30,28,8,22,1,3,66,9.32,3.06,1.2,24.70%,8.10%
57,Trevor Megill,MIL,3,2,4.22,61,0,20,9,,64,272,57,32,30,9,23,2,3,76,10.66,3.23,1.25,27.80%,8.40%
58,Gordon Graceffo,STL,2,2,4.1,51,0,0,12,,61,260,58,30,28,6,20,2,2,52,7.6,2.88,1.27,19.80%,7.50%
59,Porter Hodge,CHC,2,1,3.48,42,0,1,5,,44.1,187,34,18,17,4,21,1,3,50,10.23,4.34,1.25,26.90%,11.40%
60,Tanner Scott,LAD,3,1,3.87,62,0,5,15,,64.1,276,56,30,28,6,28,1,3,68,9.47,3.93,1.31,24.60%,10.20%
61,JoJo Romero,STL,3,2,3.8,63,0,12,9,,63.2,269,59,29,27,6,23,1,3,56,7.9,3.28,1.29,20.70%,8.60%
62,Justin Bruihl,STL,2,1,3.7,48,0,0,10,,48.1,205,43,21,20,4,18,2,3,45,8.45,3.33,1.26,22.20%,8.80%
63,Gregory Soto,PIT,3,2,3.99,62,0,4,14,,60.1,261,55,29,27,5,26,1,4,60,8.95,3.94,1.35,23.00%,10.10%
64,Bryan Baker,TBR,3,2,4.1,61,0,1,12,,63.1,268,55,31,29,9,24,1,3,71,10.03,3.34,1.23,26.40%,8.80%
65,Brusdar Graterol,LAD,2,1,3.26,40,0,0,5,,40.1,166,37,16,15,2,9,1,2,29,6.4,2.12,1.16,17.20%,5.70%
66,Hunter Harvey,CHC,2,2,3.94,50,0,4,13,,52,216,47,24,23,6,15,1,2,52,9.07,2.52,1.19,24.20%,6.70%
67,Ryan Thompson,ARI,2,2,4.2,60,0,5,16,,62,264,62,31,29,6,18,2,3,50,7.19,2.58,1.29,18.80%,6.70%
68,Robert Garcia,TEX,3,2,3.98,62,0,17,6,,61.2,261,55,29,27,7,22,2,2,63,9.2,3.26,1.26,24.10%,8.50%
69,Evan Sisk,PIT,2,1,3.63,44,0,0,7,,44.1,190,39,19,18,3,20,1,2,45,9.15,3.98,1.32,23.70%,10.30%
70,Steven Okert,HOU,3,2,4.09,63,0,0,14,,62.2,264,51,31,29,9,24,1,4,72,10.34,3.48,1.2,27.30%,9.20%
71,Luis Garcia,HOU,2,4,4.21,39,3,1,0,,51.1,216,45,26,24,8,17,1,2,53,7.46,2.97,1.32,19.30%,7.70%
72,Clayton Beeter,WSN,2,2,3.92,59,0,13,9,,62.2,270,49,29,27,7,34,2,3,75,10.78,4.94,1.33,27.80%,12.70%
73,Jared Koenig,MIL,3,2,3.82,62,0,2,15,,64.1,271,57,29,27,7,23,2,3,62,8.68,3.19,1.23,22.90%,8.40%
74,Luke Weaver,NYM,3,2,4.16,60,0,5,14,,67.2,285,60,33,31,10,22,1,3,71,9.46,2.9,1.22,24.90%,7.60%
75,Brendon Little,TOR,2,1,3.38,52,0,0,10,,51.2,219,42,21,19,4,24,2,3,54,9.52,4.26,1.29,24.90%,11.20%
76,Ryan Yarbrough,NYY,2,2,4.09,41,3,0,7,,62,260,56,30,28,8,19,1,4,51,7.48,2.8,1.22,19.70%,7.40%
77,David Morgan,SDP,3,2,3.96,56,0,0,12,,60.2,257,52,29,27,7,24,2,3,65,9.61,3.57,1.26,25.10%,9.30%
78,Kevin Ginkel,ARI,2,2,4.19,56,0,15,11,,58.2,250,55,29,27,6,20,1,3,56,8.58,3.11,1.29,22.30%,8.10%
79,Yimi Garcia,TOR,3,1,3.79,54,0,5,11,,54.2,226,46,25,23,8,16,1,3,57,9.32,2.63,1.13,25.10%,7.10%
80,Andrew Kittredge,BAL,3,2,4.02,63,0,7,13,,65,271,60,31,29,9,17,1,2,63,8.7,2.36,1.19,23.20%,6.30%
81,Travis Adams,MIN,2,2,4.4,40,2,0,4,,57.2,248,56,30,28,7,20,2,3,50,7.8,3.2,1.32,20.10%,8.30%
82,Kenley Jansen,DET,2,2,3.89,55,0,22,4,,56,233,45,26,24,8,19,1,2,56,9.02,3.09,1.14,24.20%,8.30%
83,PJ Poulin,WSN,2,2,3.9,58,0,3,14,,59.1,254,52,28,26,6,26,2,3,60,9.1,3.92,1.31,23.60%,10.20%
84,Robert Suarez,ATL,3,2,4.21,64,0,11,11,,66.1,281,62,33,31,9,21,2,3,66,8.95,2.87,1.26,23.50%,7.50%
85,Lucas Erceg,KCR,2,2,3.98,59,0,4,13,,62,267,57,29,27,5,25,1,4,55,7.96,3.66,1.32,20.60%,9.50%
86,Sean Newcomb,CHW,2,3,4.24,49,3,1,10,,67.2,293,61,34,32,7,31,2,4,63,8.42,4.18,1.36,21.60%,10.70%
87,Braydon Fisher,TOR,2,1,3.76,49,0,1,7,,50,212,39,22,21,6,24,2,3,59,10.57,4.33,1.26,27.60%,11.30%
88,Garrett Cleavinger,TBR,3,2,3.98,64,0,8,13,,63.2,271,53,30,28,8,27,1,4,76,10.79,3.87,1.27,28.10%,10.10%
89,Hoby Milner,CHC,3,2,3.86,59,0,0,13,,60,252,58,28,26,6,15,1,3,48,7.14,2.31,1.22,19.00%,6.10%
90,Jovani Moran,BOS,2,2,3.73,48,0,0,10,,50.2,218,41,23,21,4,26,1,2,56,9.86,4.58,1.32,25.50%,11.90%
91,Kendry Rojas,MIN,1,1,3.69,25,1,0,0,,31,131,28,14,13,3,10,1,1,32,9.22,3,1.23,24.30%,7.90%
92,Hunter Gaddis,CLE,2,2,4.13,62,0,4,14,,65.2,276,57,32,30,10,21,1,4,65,8.89,2.88,1.19,23.50%,7.60%
93,Brandyn Garcia,ARI,2,1,3.74,44,0,0,7,,47.2,206,43,21,20,3,21,1,3,45,8.51,3.95,1.34,22.00%,10.20%
94,Justin Topa,MIN,3,2,4.58,60,0,7,11,,62,269,66,34,31,6,19,2,3,48,6.98,2.8,1.38,17.90%,7.20%
95,Jeff Hoffman,TOR,3,2,4.08,61,0,26,4,,62,261,52,30,28,9,23,1,3,72,10.43,3.28,1.2,27.60%,8.70%
96,Eric Lauer,TOR,2,2,4.33,38,4,0,4,,61,260,55,31,29,9,24,2,2,63,9.28,3.53,1.29,24.20%,9.20%
97,Ryan Fernandez,STL,2,1,3.99,44,0,0,1,,46.1,196,42,22,20,5,17,1,2,46,9,3.22,1.26,23.60%,8.40%
98,Javier Assad,CHC,2,2,4.34,39,3,0,7,,58.2,252,55,30,28,6,24,1,3,49,7.47,3.65,1.34,19.30%,9.40%
99,Jimmy Herget,COL,3,3,4.7,63,1,2,15,,71.1,307,71,40,37,10,21,2,4,66,8.34,2.7,1.3,21.50%,7.00%
100,Tyler Alexander,TEX,2,3,4.39,49,2,0,11,,69,291,67,36,34,10,18,2,2,58,7.52,2.33,1.23,19.80%,6.10%
101,John Schreiber,KCR,3,2,4.07,64,0,1,14,,62.1,265,58,30,28,7,22,1,3,55,7.94,3.17,1.28,20.70%,8.20%
102,Tyler Kinley,ATL,2,2,4.22,60,0,2,13,,60.1,256,52,30,28,8,23,1,3,62,9.29,3.5,1.26,24.30%,9.10%
103,Dennis Santana,PIT,3,2,4.28,64,0,24,5,,66.2,286,62,34,32,7,26,2,4,61,8.28,3.45,1.32,21.40%,8.90%
104,Graham Ashcraft,CIN,2,2,4.12,54,0,2,16,,61.2,264,61,30,28,6,21,1,3,50,7.29,3.05,1.32,18.90%,7.90%
105,Louis Varland,TOR,3,2,4.19,58,0,4,13,,65.1,278,62,33,31,9,21,2,3,65,8.92,2.87,1.27,23.30%,7.50%
106,Riley O'Brien,STL,3,2,4.02,61,0,16,9,,63.1,274,54,30,28,6,30,2,5,65,9.27,4.32,1.34,23.90%,11.10%
107,Carlos Rodriguez,MIL,1,1,3.78,22,2,0,1,,32.2,137,26,15,14,4,13,1,2,33,9.01,3.63,1.21,23.80%,9.60%
108,Seranthony Dominguez,CHW,2,2,4.06,62,0,21,6,,61.2,262,50,30,28,8,27,1,4,68,9.87,3.96,1.25,25.90%,10.40%
109,Jack Perkins,ATH,1,1,3.52,23,1,0,1,,30,126,23,13,12,3,13,1,2,33,10.01,4.01,1.23,26.40%,10.60%
110,Cade Gibson,MIA,2,2,3.98,55,0,0,12,,61.1,264,58,29,27,5,24,2,3,50,7.39,3.59,1.34,19.10%,9.30%
111,Justin Lawrence,PIT,2,2,4.26,54,0,1,12,,58.1,256,56,30,28,5,27,1,4,56,8.66,4.11,1.41,22.00%,10.40%
112,Jedixson Paez,CHW,1,1,3.66,32,0,0,0,,34.1,140,31,15,14,5,6,1,1,32,8.31,1.49,1.07,22.70%,4.10%
113,A.J. Puk,ARI,1,1,3.85,30,0,5,1,,31.1,132,28,14,13,4,10,1,2,35,10.03,2.86,1.2,26.60%,7.60%
114,Bennett Sousa,HOU,2,1,3.97,47,0,1,4,,49.1,207,43,23,22,6,18,1,2,52,9.57,3.22,1.23,25.30%,8.50%
115,Sam Hentges,SFG,2,2,4.18,47,0,0,1,,46.1,199,46,23,21,5,17,1,2,45,8.71,3.24,1.35,22.50%,8.40%
116,Joel Payamps,ATL,2,1,4.35,51,0,0,10,,50.1,214,50,26,24,7,14,1,2,46,8.12,2.52,1.26,21.20%,6.60%
117,Jake Bird,NYY,3,1,3.91,50,0,0,10,,53.1,227,47,25,23,5,21,1,4,54,9.07,3.53,1.28,23.60%,9.20%
118,Kyle Finnegan,DET,2,2,4.13,59,0,6,13,,61,258,57,30,28,7,20,1,2,56,8.18,2.95,1.26,21.50%,7.80%
119,Tommy Nance,TOR,2,2,4.15,53,0,0,12,,55.2,237,51,27,26,7,20,1,3,54,8.79,3.19,1.28,22.90%,8.30%
120,Keegan Akin,BAL,3,2,4.17,62,0,2,15,,65,275,61,32,30,9,21,1,2,61,8.48,2.9,1.25,22.20%,7.60%
121,AJ Blubaugh,HOU,2,2,4.13,31,2,0,1,,45.2,195,39,22,21,6,19,1,2,47,9.27,3.75,1.27,24.20%,9.80%
122,Taylor Rogers,MIN,3,2,4.43,57,0,13,5,,57.2,250,55,31,28,7,23,1,3,57,8.93,3.63,1.35,22.90%,9.30%
123,Eric Orze,MIN,2,2,4.3,53,0,0,10,,56.2,244,50,29,27,7,24,1,3,58,9.23,3.86,1.32,23.80%,10.00%
124,Kevin Kelly,TBR,2,1,3.94,38,0,0,1,,39.1,164,38,18,17,4,9,1,2,33,7.58,2.12,1.21,20.10%,5.60%
125,Erik Miller,SFG,3,2,3.81,60,0,2,15,,60,259,50,27,25,5,32,2,3,60,9.05,4.85,1.37,23.20%,12.40%
126,Mike Vasil,CHW,2,3,4.27,60,2,1,14,,80.2,347,73,41,38,10,33,2,5,67,7.46,3.63,1.3,19.30%,9.40%
127,Ian Hamilton,ATL,2,1,4.25,46,0,0,7,,48.2,211,45,25,23,5,21,1,3,49,9.02,3.88,1.36,23.10%,10.00%
128,Fernando Cruz,NYY,3,2,4.25,58,0,1,16,,59.1,255,49,30,28,9,28,1,3,79,11.94,4.18,1.28,30.90%,10.80%
129,Justin Wilson,,2,3,4.04,43,0,0,0,,41.2,177,38,20,19,5,15,1,2,42,9.13,3.34,1.27,23.90%,8.70%
130,Pierson Ohl,COL,1,2,4.94,27,2,0,0,,40.2,176,46,24,22,6,9,1,1,33,7.41,1.92,1.34,19.00%,4.90%
131,Wikelman Gonzalez,CHW,2,1,3.96,43,0,0,4,,48,208,38,23,21,4,27,1,3,50,9.38,5,1.34,24.10%,12.80%
132,Elvis Alvarado,ATH,3,2,4.15,56,0,4,10,,59.2,258,51,30,28,7,28,2,4,65,9.74,4.28,1.32,25.10%,11.00%
133,Andrew Chafin,MIN,2,1,4.13,45,0,1,7,,43.2,189,39,22,20,4,20,1,2,45,9.32,4.21,1.36,23.90%,10.80%
134,Bryan Hudson,NYM,2,1,3.6,30,0,0,5,,33.1,141,28,14,13,3,13,1,1,33,8.76,3.49,1.23,23.10%,9.20%
135,Isaac Mattson,PIT,3,2,4.33,59,0,2,13,,64.1,280,56,33,31,7,32,1,4,64,9.01,4.52,1.37,23.00%,11.50%
136,Tim Herrin,CLE,2,2,3.93,53,0,0,10,,51,220,45,24,22,5,23,1,3,49,8.67,4.02,1.33,22.40%,10.40%
137,Anthony Bender,MIA,2,2,4.18,63,0,2,12,,62.2,268,58,31,29,7,23,1,4,56,8.1,3.25,1.29,21.10%,8.50%
138,Grant Anderson,MIL,2,2,4.18,52,0,0,10,,55.1,235,50,28,26,8,19,1,3,55,8.86,3.16,1.26,23.20%,8.30%
139,Luis Garcia,NYM,3,2,4.28,52,0,0,13,,54.1,233,54,28,26,6,18,1,3,45,7.46,2.97,1.32,19.30%,7.70%
140,Luinder Avila,KCR,1,1,3.66,27,0,0,1,,31.1,134,26,14,13,2,14,1,2,31,8.82,3.87,1.27,23.00%,10.10%
141,Richard Lovelady,WSN,1,1,3.8,37,0,0,7,,39,166,36,18,17,3,14,1,2,33,7.67,3.2,1.27,20.10%,8.40%
142,Mason Englert,TBR,2,2,4.35,54,0,0,12,,62.2,266,60,33,30,9,17,1,3,59,8.4,2.5,1.24,22.10%,6.60%
143,Mason Fluharty,TOR,2,1,3.65,36,0,0,1,,36,151,30,16,15,4,14,2,1,37,9.27,3.37,1.2,24.60%,9.00%
144,Will Klein,LAD,2,1,4.1,44,0,0,8,,45.2,200,38,22,21,4,26,1,3,54,10.66,5.12,1.41,27.10%,13.00%
145,Ryan Watson,BOS,2,2,4.2,44,0,0,0,,46,197,43,23,21,6,16,2,2,43,8.45,3.14,1.28,22.00%,8.20%
146,Danny Coulombe,,3,3,4.04,44,0,1,0,,43.1,183,38,21,19,5,16,1,2,44,9.06,3.33,1.25,23.90%,8.80%
147,Yohan Ramirez,PIT,2,1,4.14,46,0,0,10,,50.1,219,45,25,23,5,22,1,5,51,9.16,3.96,1.33,23.40%,10.10%
148,Tony Santillan,CIN,3,2,4.55,66,0,6,13,,66.1,290,61,36,34,9,30,2,4,71,9.55,4.09,1.37,24.30%,10.40%
149,Justin Martinez,ARI,1,1,3.39,23,0,2,1,,24,102,19,10,9,1,12,1,2,27,10.07,4.56,1.32,26.10%,11.80%
150,Calvin Faucher,MIA,2,2,4.57,64,0,6,11,,65.1,287,64,36,33,7,28,2,3,63,8.67,3.87,1.41,22.00%,9.80%
151,Andre Granillo,WSN,1,1,3.99,33,0,2,1,,37.2,161,31,18,17,5,17,1,2,41,9.71,4.04,1.26,25.40%,10.50%
152,Carlos Estevez,KCR,3,2,4.47,63,0,32,2,,64.2,278,62,34,32,9,22,2,3,57,7.89,3.04,1.29,20.40%,7.90%
153,Jordan Leasure,CHW,2,2,4.24,63,0,7,11,,63.2,271,53,32,30,10,27,2,3,71,9.97,3.85,1.25,26.10%,10.10%
154,Brenan Hanifee,DET,2,2,4.15,49,0,0,11,,54.1,232,54,27,25,5,18,1,3,39,6.44,2.91,1.31,16.70%,7.60%
155,Dauri Moreta,,2,2,3.92,27,0,0,0,,27.2,117,23,13,12,4,11,1,1,32,10.47,3.46,1.2,27.70%,9.20%
156,Juan Mejia,COL,3,3,4.72,62,0,3,14,,64.2,287,62,36,34,8,31,3,4,69,9.63,4.31,1.45,24.10%,10.80%
157,Brent Headrick,NYY,2,1,4.12,42,0,0,5,,47,199,42,23,21,7,17,1,2,51,9.7,3.18,1.24,25.40%,8.30%
158,Kade Strowd,ARI,2,2,4.31,56,0,1,12,,57.1,250,55,29,27,6,25,1,3,54,8.51,3.98,1.4,21.70%,10.20%
159,Brady Basso,ATH,2,1,4.1,43,0,0,4,,48.1,205,45,24,22,6,16,1,2,45,8.32,3.08,1.27,21.80%,8.00%
160,Paul Blackburn,NYY,2,3,4.84,47,3,0,12,,64.1,280,66,37,35,9,22,2,3,54,7.57,3.12,1.38,19.30%,8.00%
161,Matt Festa,CLE,2,2,4.43,56,0,0,12,,57.2,248,52,30,28,8,23,1,3,59,9.11,3.54,1.29,23.60%,9.20%
162,Brandon Eisert,CHW,2,2,4.35,53,0,1,6,,55,235,52,29,27,7,18,2,2,53,8.65,3.02,1.29,22.50%,7.90%
163,Colton Gordon,HOU,1,1,4.29,32,1,0,1,,40.2,173,38,21,19,6,13,1,2,38,8.3,2.87,1.26,21.70%,7.50%
164,Max Lazar,PHI,1,1,4.17,32,0,0,1,,35,147,35,17,16,5,8,1,1,29,7.47,2.03,1.21,19.80%,5.40%
165,Brooks Raley,NYM,3,2,4.45,58,0,1,14,,57.1,247,54,30,28,8,21,1,3,58,9.03,3.25,1.31,23.30%,8.40%
166,Colin Selby,BAL,2,1,4.01,41,0,0,4,,44.1,190,38,21,20,5,20,1,2,45,9.09,4.02,1.3,23.60%,10.40%
167,Andrew Hoffmann,ARI,1,1,4.37,33,0,0,1,,36.1,157,34,19,18,4,14,1,2,36,8.87,3.6,1.34,22.80%,9.20%
168,Cole Henry,WSN,2,2,4.18,65,0,11,8,,64,274,53,32,30,8,30,2,5,62,8.75,4.19,1.29,22.60%,10.90%
169,Brock Burke,CIN,2,2,4.43,60,0,1,13,,61,261,61,32,30,8,18,2,2,51,7.54,2.66,1.3,19.60%,6.90%
170,Jose Leclerc,,2,2,4.07,34,0,0,0,,35.1,151,29,17,16,4,16,1,2,38,9.59,4.17,1.27,25.00%,10.90%
171,Yennier Cano,BAL,3,2,4.21,57,0,1,12,,56.1,241,55,28,26,6,20,1,3,49,7.78,3.2,1.33,20.20%,8.30%
172,Caleb Ferguson,CIN,2,2,4.36,55,0,0,10,,54.2,236,53,28,26,6,22,1,3,47,7.78,3.59,1.37,20.00%,9.20%
173,Julian Fernandez,WSN,2,2,4.3,58,0,2,12,,61,262,53,31,29,8,27,2,3,59,8.64,3.95,1.31,22.40%,10.20%
174,Chase Lee,TOR,1,1,3.8,23,0,0,1,,24.2,103,22,11,10,3,7,1,1,25,9.16,2.66,1.19,24.30%,7.10%
175,Spencer Bivens,SFG,3,2,4.25,59,0,2,14,,69,296,67,35,33,8,24,2,4,51,6.67,3.17,1.33,17.30%,8.20%
176,Juan Morillo,ARI,1,1,4.06,34,0,0,1,,33.1,144,30,16,15,3,15,1,2,31,8.47,3.95,1.34,21.80%,10.20%
177,Luis Curvelo,TEX,1,1,3.87,29,0,0,1,,30.2,127,25,14,13,4,10,1,2,31,9.14,3,1.15,24.40%,8.00%
178,Ryan Brasier,TEX,2,1,4.2,37,0,0,1,,38.2,162,36,19,18,5,11,1,2,32,7.53,2.48,1.22,19.90%,6.50%
179,Luke Little,CHC,1,0,2.87,17,0,0,1,,18.1,77,13,6,6,1,10,1,1,20,10.03,4.82,1.24,26.50%,12.80%
180,Dylan Dodd,ATL,1,1,4.5,37,0,0,4,,41,176,42,22,21,5,12,1,1,37,8.01,2.53,1.31,20.80%,6.60%
181,Ethan Roberts,CHC,1,1,4.07,31,0,0,1,,32,136,28,16,15,4,12,1,2,32,8.98,3.4,1.26,23.50%,8.90%
182,Keaton Winn,SFG,1,1,4.45,20,2,0,1,,29.1,127,30,16,15,4,10,1,2,26,7.83,2.92,1.34,20.20%,7.50%
183,Josh Sborz,TEX,2,1,4.4,37,0,0,4,,38.1,165,34,20,19,5,16,1,2,41,9.61,3.84,1.31,24.80%,9.90%
184,Cody Laweryson,MIN,1,1,4.17,20,0,0,1,,23.1,99,22,12,11,3,7,1,1,22,8.39,2.9,1.25,22.00%,7.60%
185,Cole Winn,TEX,3,2,4.1,56,0,3,11,,63,272,53,31,29,7,31,2,4,58,8.3,4.44,1.33,21.40%,11.40%
186,Jonathan Bowlan,PHI,2,1,4.48,47,0,0,10,,52.2,228,50,28,26,7,20,2,2,52,8.84,3.47,1.34,22.70%,8.90%
187,Brad Keller,PHI,2,2,4.03,57,0,4,16,,65,281,58,31,29,7,30,1,3,59,8.24,4.14,1.36,21.20%,10.60%
188,Liam Hendriks,MIN,1,1,4.11,19,0,1,1,,19.1,81,18,10,9,3,5,0,1,21,9.76,2.34,1.18,26.00%,6.20%
189,Tanner Banks,PHI,2,2,4.52,57,0,0,12,,60,258,61,33,30,8,18,1,2,55,8.19,2.71,1.32,21.20%,7.00%
190,Casey Legumina,SEA,2,2,4.25,47,0,0,7,,49.2,213,45,25,23,7,19,1,2,48,8.78,3.44,1.29,22.80%,8.90%
191,George Soriano,STL,1,1,4.44,35,0,0,4,,41.1,179,38,22,20,5,17,1,3,38,8.26,3.82,1.36,21.10%,9.80%
192,Scott Barlow,ATH,2,2,4.39,53,0,3,9,,54.2,236,48,28,27,7,26,1,4,57,9.49,4.29,1.35,24.30%,11.00%
193,Emilio Pagan,CIN,3,2,4.34,63,0,26,4,,65,272,56,33,31,12,22,1,3,71,9.84,3.08,1.2,26.00%,8.20%
194,Yerry De los Santos,NYY,2,1,3.97,29,0,0,1,,32.1,137,30,15,14,3,12,1,2,25,7.07,3.26,1.29,18.50%,8.50%
195,Tristan Beck,SFG,1,1,4.38,27,0,0,1,,33,143,33,17,16,4,11,1,1,29,7.99,2.93,1.32,20.70%,7.60%
196,Jordan Romano,LAA,2,2,4.38,55,0,4,9,,54.2,232,49,29,27,8,20,2,3,56,9.23,3.21,1.25,24.10%,8.40%
197,Paul Sewald,ARI,2,2,4.51,51,0,9,10,,52,221,47,28,26,9,17,1,2,53,9.09,2.87,1.23,23.80%,7.50%
198,Zach Maxwell,CIN,2,1,4.33,41,0,0,1,,43.1,189,37,22,21,5,22,2,2,49,10.2,4.64,1.37,26.00%,11.80%
199,Steven Cruz,KCR,2,1,4.06,37,0,0,1,,38.1,164,33,18,17,4,17,1,2,35,8.14,4.01,1.32,21.00%,10.40%
200,Zach McCambley,PHI,1,1,4.17,36,0,0,0,,37.1,159,33,19,17,5,15,1,2,39,9.34,3.6,1.29,24.20%,9.30%
201,Yuki Matsui,SDP,2,2,4.19,49,0,0,7,,51,218,44,26,24,7,22,1,2,50,8.8,3.84,1.29,22.90%,10.00%
202,Jaden Hill,COL,2,2,4.75,49,0,0,6,,50.2,223,51,29,27,6,21,1,3,51,9.06,3.76,1.41,22.90%,9.50%
203,Shane Drohan,MIL,1,1,3.71,21,0,0,0,,23,97,18,10,9,2,10,1,1,26,10.05,4.01,1.25,26.40%,10.50%
204,DL Hall,MIL,2,2,4.06,44,0,0,6,,53.1,230,47,26,24,6,25,1,3,50,8.47,4.22,1.34,21.80%,10.90%
205,Evan Phillips,LAD,1,0,3.83,19,0,1,1,,18.2,78,17,8,8,2,5,0,1,19,9.13,2.63,1.18,24.30%,7.00%
206,Reiver Sanmartin,SFG,1,1,4.21,33,0,0,1,,36.2,159,38,18,17,3,13,1,1,28,6.99,3.15,1.38,18.00%,8.10%
207,Nolan Hoffman,PHI,1,0,3.73,16,0,0,1,,17,73,16,8,7,1,6,0,1,16,8.24,3.39,1.29,21.50%,8.80%
208,Zach Pop,PHI,2,1,4.15,41,0,0,7,,42,179,42,21,19,4,13,1,2,30,6.4,2.86,1.31,16.60%,7.40%
209,Julian Aguiar,CIN,1,1,4.47,22,2,0,1,,31,132,30,16,15,5,9,1,2,25,7.25,2.66,1.27,18.90%,6.90%
210,Carlos Vargas,SEA,2,2,4.23,52,0,0,10,,53.1,229,53,27,25,5,18,2,3,39,6.54,3.04,1.33,16.90%,7.90%
211,Grant Wolfram,BAL,1,1,4.16,32,0,0,1,,34.1,149,31,17,16,4,16,1,2,34,8.77,4.06,1.35,22.50%,10.40%
212,Chris Roycroft,STL,1,1,4.36,34,0,0,1,,37,163,36,19,18,3,17,1,2,29,7.11,4.09,1.42,18.00%,10.40%
213,Jonathan Loaisiga,ARI,1,1,4.38,34,0,0,4,,35.1,152,37,18,17,4,10,1,2,26,6.57,2.5,1.33,17.00%,6.50%
214,Colin Holderman,CLE,1,1,4.28,36,0,0,1,,36.2,158,33,19,17,4,15,1,2,33,8.03,3.71,1.33,20.70%,9.60%
215,Connor Phillips,CIN,2,2,4.47,48,0,3,7,,53,233,45,28,26,7,29,1,3,59,10,4.91,1.4,25.30%,12.40%
216,Tyler Phillips,MIA,2,2,4.61,59,0,2,15,,69.2,303,72,38,36,8,25,2,3,52,6.7,3.28,1.41,17.10%,8.40%
217,Sam Moll,CIN,1,1,4.26,37,0,0,4,,35.2,154,33,18,17,4,15,1,2,34,8.63,3.76,1.35,22.20%,9.70%
218,Chase Silseth,LAA,1,1,4.13,39,0,0,4,,45,193,39,22,21,6,20,1,3,46,9.16,3.96,1.3,23.80%,10.30%
219,Joel Peguero,SFG,2,2,4.69,60,0,3,12,,64,283,65,36,33,7,28,2,3,57,8.08,4.01,1.45,20.30%,10.10%
220,Pedro Avila,CLE,1,1,4.71,22,2,0,1,,30.2,136,30,17,16,3,14,1,2,28,8.25,4.17,1.45,20.70%,10.40%
221,Sammy Peralta,MIL,1,0,3.75,15,0,0,1,,18,75,16,8,7,2,6,1,1,17,8.57,3.06,1.22,22.60%,8.10%
222,Eduarniel Nunez,ATH,2,2,4.2,47,0,0,6,,50,220,42,25,23,5,29,1,4,55,9.93,5.16,1.41,25.10%,13.00%
223,Prelander Berroa,CHW,1,1,4.04,26,0,0,1,,26.1,114,21,13,12,3,15,1,1,28,9.7,5,1.35,24.90%,12.80%
224,Easton McGee,MIL,1,1,4.19,19,0,0,1,,22.2,96,22,11,11,3,6,1,1,20,8.1,2.44,1.23,21.30%,6.40%
225,Anthony Banda,MIN,3,2,4.66,55,0,1,12,,57.1,251,55,32,30,7,25,2,3,55,8.59,3.96,1.4,21.80%,10.00%
226,Greg Weissert,BOS,3,2,4.43,61,0,1,17,,62.1,267,59,33,31,8,22,2,3,54,7.74,3.21,1.3,20.10%,8.30%
227,Alek Jacob,SDP,1,1,4.21,28,0,0,1,,31,132,28,16,15,4,11,1,2,29,8.36,3.16,1.26,21.80%,8.30%
228,Griff McGarry,WSN,1,1,4.07,40,0,0,0,,46,202,35,22,21,5,30,2,3,55,10.73,5.89,1.42,27.10%,14.90%
229,Jalen Beeks,,2,3,4.36,41,0,0,0,,43,186,42,22,21,5,17,1,2,37,7.76,3.51,1.36,19.90%,9.00%
230,Jakob Junis,TEX,2,2,4.58,55,0,2,14,,63,267,63,34,32,10,15,1,3,53,7.53,2.17,1.24,19.80%,5.70%
231,Angel Bastardo,TOR,1,1,3.67,15,0,0,0,,16.2,71,14,7,7,2,7,1,1,17,9.22,3.49,1.23,24.40%,9.20%
232,Austin Warren,NYM,2,1,4.27,31,0,0,1,,35.2,152,33,18,17,5,13,1,2,34,8.55,3.33,1.29,22.20%,8.70%
233,Victor Vodnik,COL,3,3,4.71,60,0,16,4,,63.2,284,65,36,33,6,31,2,3,57,8.03,4.43,1.52,20.00%,11.10%
234,Huascar Brazoban,NYM,2,2,4.31,47,0,0,7,,51,221,46,26,24,6,23,1,3,47,8.25,4.13,1.35,21.20%,10.60%
235,Kervin Castro,NYY,1,1,3.75,18,0,0,1,,19,80,16,8,8,2,7,1,1,18,8.62,3.48,1.23,22.70%,9.20%
236,Seth Halvorsen,COL,3,3,4.69,57,0,9,11,,60.1,264,60,34,31,7,26,2,3,53,7.98,3.82,1.42,20.20%,9.70%
237,Yosver Zulueta,SEA,1,1,3.71,19,0,0,1,,21,90,17,9,9,2,11,1,1,22,9.67,4.57,1.31,25.00%,11.80%
238,Jose Corniell,TEX,1,1,3.67,15,0,0,1,,17.2,72,14,8,7,2,5,1,1,18,9.17,2.63,1.11,24.80%,7.10%
239,Kyle Backhus,PHI,1,1,3.94,20,0,0,1,,19.1,83,18,9,8,2,8,1,1,19,8.76,3.62,1.31,22.70%,9.40%
240,Matt Gage,SFG,2,2,4.77,51,0,0,10,,52.2,232,55,30,28,6,22,2,2,46,7.89,3.69,1.46,19.80%,9.30%
241,Felix Bautista,BAL,1,0,3.39,11,0,0,1,,11.2,48,8,5,4,1,6,0,1,15,11.91,4.39,1.18,31.80%,11.70%
242,Justin Slaten,BOS,3,2,4.45,55,0,1,13,,59.1,255,56,31,29,8,22,1,3,54,8.14,3.36,1.32,21.00%,8.70%
243,Ryan Zeferjahn,LAA,2,2,4.48,62,0,1,12,,64,280,55,34,32,9,33,2,5,74,10.37,4.64,1.37,26.30%,11.80%
244,Hunter Stratton,ATL,1,1,4.45,22,0,0,1,,23.2,102,22,12,12,3,9,0,1,21,8.18,3.42,1.33,21.10%,8.80%
245,Anthony Molina,ATL,0,0,4.39,10,0,0,0,,19,82,20,10,9,2,5,0,1,15,6.92,2.37,1.31,18.00%,6.20%
246,Juan Burgos,ARI,1,1,4.23,25,0,0,1,,26.2,116,24,13,13,3,11,1,2,24,8.15,3.81,1.33,21.00%,9.80%
247,Josh Simpson,SEA,1,1,3.83,23,0,0,1,,23.2,102,20,11,10,2,12,1,1,25,9.6,4.4,1.32,24.80%,11.40%
248,Jason Foley,SFG,1,1,4.21,23,0,0,1,,23.1,100,24,12,11,2,7,1,1,17,6.59,2.61,1.33,17.10%,6.80%
249,Miguel Ullola,HOU,1,1,3.79,18,0,0,0,,18.2,80,13,8,8,2,11,1,1,22,10.75,5.31,1.3,27.90%,13.80%
250,Paxton Schultz,WSN,1,1,4.58,34,0,0,1,,40.2,178,38,22,21,5,19,1,2,40,8.94,4.17,1.39,22.70%,10.60%
251,Kyle Wright,CHC,1,1,4.26,21,1,0,1,,28,121,26,14,13,3,11,1,2,25,7.99,3.62,1.33,20.70%,9.40%
252,Gavin Hollowell,CHC,1,0,3.78,15,0,0,1,,16.1,70,13,7,7,2,7,1,1,18,9.63,3.91,1.23,25.30%,10.30%
253,Justin Sterner,ATH,3,2,4.6,60,0,10,10,,65.1,279,58,36,33,12,24,2,4,69,9.56,3.35,1.25,24.90%,8.70%
254,Robert Stephenson,LAA,2,2,4.52,54,0,9,8,,55.2,234,49,30,28,10,18,1,3,61,9.93,2.97,1.22,26.10%,7.80%
255,Alex Lange,KCR,2,2,4.49,46,0,0,7,,45,199,40,24,22,5,25,1,3,46,9.24,4.9,1.44,23.30%,12.30%
256,Scott Alexander,SFG,2,2,4.01,27,0,0,0,,27,114,27,13,12,2,8,1,1,17,5.74,2.76,1.3,15.00%,7.20%
257,Cole Wilcox,SEA,1,1,3.98,17,0,0,1,,18.2,79,17,9,8,2,7,1,1,16,7.84,3.22,1.27,20.50%,8.40%
258,Jordan Hicks,CHW,2,2,4.37,49,1,1,9,,57,249,53,30,28,6,27,1,4,47,7.39,4.24,1.4,18.80%,10.80%
259,Joe Jimenez,ATL,1,0,4.31,17,0,0,1,,17.1,74,15,9,8,2,6,0,1,20,10.26,3.29,1.25,26.80%,8.60%
260,Justin Hagenman,NYM,1,1,4.26,17,0,0,1,,22.1,94,21,11,11,3,6,1,1,21,8.52,2.54,1.22,22.50%,6.70%
261,Danny Young,ATL,1,0,4.09,16,0,0,1,,15.2,67,14,8,7,1,7,0,1,17,9.7,3.92,1.36,24.80%,10.00%
262,Connor Brogdon,CLE,2,2,4.61,44,0,0,7,,46.2,201,44,26,24,7,17,1,2,46,8.82,3.3,1.3,22.80%,8.50%
263,Alexis Diaz,TEX,3,2,4.37,56,0,4,11,,58.2,253,47,30,28,8,30,1,5,60,9.15,4.59,1.3,23.50%,11.80%
264,Zack Kelly,BOS,3,2,4.41,51,0,0,12,,54.2,238,49,29,27,7,25,2,3,51,8.41,4.19,1.37,21.50%,10.70%
265,Ben Casparius,LAD,2,1,4.68,46,0,0,13,,54,233,49,30,28,8,23,1,3,54,8.94,3.84,1.34,22.90%,9.80%
266,Mitch Spence,KCR,1,1,4.7,21,1,0,1,,27,117,28,15,14,3,9,1,1,21,7.15,2.93,1.36,18.30%,7.50%
267,Jacob Webb,CHC,2,2,4.35,50,0,0,11,,52.1,223,46,27,25,7,21,1,3,48,8.22,3.55,1.28,21.40%,9.20%
268,Chris Murphy,CHW,1,1,4.12,31,0,0,1,,37,159,32,18,17,4,17,1,2,33,8.1,4.09,1.33,20.90%,10.50%
269,Jose Suarez,ATL,1,0,4.47,15,0,0,1,,17.2,77,17,9,9,2,7,1,1,18,9.02,3.5,1.36,23.10%,9.00%
270,Brent Suter,LAA,2,2,4.35,56,0,0,12,,61.2,263,61,32,30,8,19,1,2,46,6.73,2.77,1.29,17.60%,7.20%
271,James McArthur,KCR,1,1,4.48,29,0,1,1,,29.2,128,29,16,15,4,10,1,2,26,7.8,3.17,1.34,20.10%,8.20%
272,Jayden Murray,HOU,1,1,4.22,27,0,0,1,,29.1,124,26,15,14,4,11,1,2,26,8.09,3.32,1.26,21.10%,8.70%
273,Rob Zastryzny,MIL,2,2,4.49,44,0,0,4,,43.2,188,41,23,22,6,16,1,2,42,8.58,3.3,1.31,22.20%,8.50%
274,Carson Seymour,SFG,1,1,4.13,16,0,0,1,,21.1,92,20,10,10,2,9,1,1,20,8.67,3.74,1.35,22.30%,9.60%
275,Domingo Gonzalez,SEA,1,1,3.93,16,0,0,0,,16.1,70,14,8,7,2,7,0,1,17,9.34,3.78,1.26,24.40%,9.90%
276,Lazaro Estrada,TOR,1,0,4.34,16,0,0,1,,20.2,88,19,11,10,3,7,1,1,21,9.16,3.05,1.24,24.00%,8.00%
277,John King,MIA,2,1,4.34,41,0,0,7,,42.2,185,47,22,21,4,12,1,2,25,5.21,2.54,1.39,13.40%,6.50%
278,Kyle Nicolas,PIT,2,1,4.64,39,0,1,1,,42,185,39,23,22,5,21,1,2,41,8.91,4.57,1.44,22.40%,11.50%
279,Wandy Peralta,SDP,3,2,3.93,58,0,0,10,,57.2,247,53,27,25,6,23,1,3,43,6.74,3.63,1.33,17.50%,9.40%
280,Zak Kent,STL,1,0,4.14,14,0,0,1,,15.1,66,14,8,7,2,6,1,1,15,8.66,3.56,1.3,22.50%,9.20%
281,Gregory Santos,SFG,1,1,4.29,27,0,1,5,,28.1,123,29,15,14,3,11,1,2,21,6.77,3.39,1.4,17.30%,8.70%
282,Beau Brieske,DET,2,2,4.39,41,0,0,4,,44.1,190,40,23,22,6,17,1,2,37,7.45,3.48,1.3,19.30%,9.00%
283,Drey Jameson,ARI,2,2,4.77,53,0,3,11,,57.1,252,59,33,30,7,22,2,3,50,7.79,3.41,1.4,19.80%,8.60%
284,Ronan Kopp,LAD,1,0,3.59,11,0,0,0,,11.1,48,8,5,4,1,7,0,1,14,11.23,5.22,1.33,29.00%,13.50%
285,Trent Thornton,CHC,1,1,4.52,26,0,0,1,,27.2,119,27,15,14,4,10,0,1,23,7.57,3.09,1.31,19.60%,8.00%
286,Rolddy Munoz,ATL,1,0,4.29,17,0,0,1,,18.2,81,17,9,9,2,8,1,1,18,8.86,4,1.38,22.60%,10.20%
287,Emiliano Teodo,TEX,1,0,3.49,12,0,0,0,,12.1,53,9,5,5,1,6,0,1,14,10.09,4.56,1.26,26.50%,12.00%
288,Pierce Johnson,CIN,2,2,4.78,57,0,1,12,,58,252,56,33,31,9,24,1,3,60,9.26,3.68,1.37,23.60%,9.40%
289,Cionel Perez,WSN,1,1,4.26,29,0,0,1,,29,128,28,15,14,2,14,1,1,23,7.06,4.44,1.46,17.90%,11.20%
290,Jackson Rutledge,WSN,2,2,4.69,51,0,1,11,,58.2,258,57,33,31,8,25,2,4,51,7.81,3.8,1.39,19.80%,9.60%
291,Henry Baez,ATH,1,1,3.93,11,0,0,0,,13.2,58,12,6,6,1,5,0,1,12,8.23,3.5,1.29,21.40%,9.10%
292,Manuel Rodriguez,TBR,1,0,4.09,12,0,0,1,,12,52,12,6,6,1,4,0,1,11,7.91,3.03,1.31,20.50%,7.90%
293,Colin Poche,DET,1,2,4.36,25,0,0,1,,25,108,21,13,12,4,11,1,1,24,8.74,3.99,1.3,22.60%,10.30%
294,Bailey Horn,DET,1,1,4.27,36,0,0,1,,38,165,34,19,18,4,18,1,2,36,8.49,4.26,1.37,21.70%,10.90%
295,Nate Pearson,HOU,2,2,4.55,48,0,0,10,,51,221,45,28,26,8,22,1,3,50,8.81,3.86,1.31,22.70%,9.90%
296,Marco Raya,MIN,1,0,4.07,12,0,0,0,,13,55,11,6,6,1,5,0,1,13,8.74,3.75,1.3,22.60%,9.70%
297,Ron Marinaccio,SDP,2,1,4.36,34,0,0,1,,38.1,166,32,20,19,5,19,1,3,39,9.18,4.52,1.35,23.50%,11.60%
298,Kyle Hart,SDP,1,1,4.59,20,1,0,1,,28.2,125,27,16,15,4,12,1,1,27,8.61,3.8,1.37,22.00%,9.70%
299,Eric Cerantola,KCR,1,0,3.92,13,0,0,0,,14,61,11,7,6,1,8,0,1,16,9.91,4.78,1.32,25.60%,12.30%
300,Gavin Collyer,TEX,1,0,4.07,14,0,0,0,,14.2,63,12,7,7,2,7,0,1,16,9.92,4.23,1.29,25.60%,10.90%
301,Gus Varland,WSN,1,1,4.76,41,0,0,4,,42.2,187,41,24,23,6,18,1,2,40,8.46,3.87,1.4,21.40%,9.80%
302,Adbert Alzolay,NYM,2,1,4.5,38,0,0,1,,38.2,164,37,21,19,6,11,1,2,34,7.99,2.54,1.24,21.00%,6.70%
303,Tim Mayza,PHI,1,1,4.36,24,0,0,1,,23.2,101,24,12,11,3,7,1,1,18,6.93,2.74,1.34,17.90%,7.10%
304,Nick Raquet,STL,1,1,4.53,29,0,0,1,,31.1,137,32,17,16,3,13,1,1,26,7.51,3.64,1.42,19.10%,9.20%
305,Yilber Diaz,ARI,1,1,4.68,20,1,0,1,,24.2,109,22,14,13,3,14,1,1,25,9.24,5.09,1.45,23.10%,12.70%
306,Yariel Rodriguez,TOR,2,1,4.22,33,0,0,1,,35.1,152,29,18,17,4,18,1,2,34,8.77,4.65,1.34,22.50%,11.90%
307,Craig Kimbrel,NYM,1,1,4.36,22,0,0,1,,22.1,95,18,12,11,3,11,0,1,26,10.64,4.3,1.29,27.60%,11.10%
308,Sean Guenther,DET,1,1,4.13,15,0,0,1,,16.1,70,16,8,8,2,5,0,1,13,7.08,2.76,1.28,18.50%,7.20%
309,Angel Chivilli,NYY,1,1,4.24,22,0,0,1,,23.2,100,22,12,11,3,7,0,1,19,7.4,2.65,1.25,19.40%,7.00%
310,Taylor Rashi,ARI,0,0,4.43,13,0,0,0,,21.1,93,19,11,11,3,10,1,1,22,9.02,4.11,1.36,23.10%,10.50%
311,Cole Sulser,TBR,2,2,4.65,45,0,0,10,,49.2,215,47,27,26,7,20,1,2,47,8.48,3.57,1.35,21.80%,9.20%
312,Taylor Clarke,ARI,2,2,4.79,51,0,0,10,,54.2,235,56,31,29,9,15,1,2,45,7.33,2.51,1.31,19.00%,6.50%
313,Ryan Loutos,SEA,1,1,4.33,16,0,0,1,,16.2,72,16,9,8,2,7,1,1,15,7.88,3.52,1.34,20.30%,9.00%
314,Garrett Acton,MIA,1,1,4.31,17,0,0,1,,17.1,73,15,9,8,3,7,1,1,18,9.48,3.42,1.24,24.80%,8.90%
315,Tim Hill,NYY,3,2,3.98,63,0,1,15,,64.2,276,67,31,29,6,18,1,3,33,4.59,2.56,1.31,12.00%,6.70%
316,Jhony Brito,SDP,1,1,4.37,16,0,0,1,,18.1,79,19,10,9,2,6,1,1,13,6.39,2.76,1.31,16.60%,7.20%
317,Chad Green,,2,3,4.57,39,0,1,0,,40,169,38,22,20,7,12,1,2,34,7.64,2.7,1.25,20.00%,7.10%
318,Seth Martinez,BOS,1,1,4.47,18,0,0,1,,19,82,17,10,9,2,8,1,1,16,7.77,3.6,1.32,20.00%,9.30%
319,Drew Smith,WSN,1,1,4.58,24,0,0,1,,23.2,102,21,13,12,3,10,1,1,23,8.62,3.64,1.32,22.20%,9.40%
320,Daison Acosta,SDP,0,0,3.96,11,0,0,0,,11.1,49,9,5,5,1,6,1,1,12,9.86,4.7,1.34,25.30%,12.10%
321,Joey Gerber,NYM,1,0,4.39,13,0,0,1,,14.1,62,13,8,7,2,5,0,1,14,8.95,3.38,1.29,23.20%,8.70%
322,Konnor Pilkington,DET,1,1,4.17,26,0,0,1,,27.1,119,23,14,13,3,15,1,1,28,9.35,4.92,1.38,23.80%,12.50%
323,Joey Estes,ATH,1,1,4.72,20,1,0,1,,28,119,27,16,15,5,8,1,2,23,7.37,2.54,1.23,19.30%,6.60%
324,Chase Shugart,PHI,1,1,4.71,29,0,0,1,,32.1,141,32,18,17,4,12,1,2,27,7.56,3.4,1.38,19.30%,8.70%
325,Hogan Harris,ATH,2,2,4.59,53,0,8,11,,64.1,284,59,35,33,8,33,2,4,65,9.04,4.58,1.42,22.80%,11.60%
326,Jose Espada,BAL,1,0,4.18,11,0,0,1,,12.2,54,10,6,6,2,6,0,1,15,10.51,4.06,1.25,27.50%,10.60%
327,Bobby Miller,LAD,1,1,4.41,16,0,0,1,,20.2,89,19,11,10,3,8,1,1,19,8.05,3.51,1.32,20.80%,9.10%
328,James Karinchak,ATL,0,0,4.53,10,0,0,1,,10,44,8,5,5,1,6,0,1,13,11.4,5.12,1.37,29.00%,13.00%
329,Ryan Borucki,CHW,1,1,4.07,16,0,0,1,,16,67,14,8,7,2,6,0,1,14,7.73,3.43,1.28,20.20%,9.00%
330,Daysbel Hernandez,ATL,1,1,4.6,33,0,0,1,,35.1,155,31,19,18,4,20,1,2,36,9.19,4.99,1.44,23.10%,12.60%
331,Andry Lara,WSN,1,1,4.62,24,0,0,0,,34.1,149,34,19,18,4,13,1,1,26,6.92,3.44,1.37,17.70%,8.80%
332,Nick Hernandez,ATH,0,0,4.36,10,0,0,0,,11.2,50,10,6,6,2,5,0,1,13,10.09,3.92,1.26,26.20%,10.20%
333,Jose Butto,SFG,2,2,4.65,53,0,3,13,,61.1,269,58,34,32,8,29,2,3,57,8.31,4.2,1.42,21.00%,10.60%
334,Nick Mears,KCR,2,2,4.63,58,0,0,12,,58.2,255,54,32,30,8,26,1,3,54,8.35,3.93,1.36,21.30%,10.00%
335,Tom Cosgrove,HOU,0,0,4.1,9,0,0,1,,9.2,42,9,5,4,1,4,0,1,10,8.76,3.83,1.3,22.70%,9.90%
336,Michel Otanez,TEX,1,1,4.24,18,0,0,1,,18.1,81,14,9,9,2,12,1,1,22,10.8,5.93,1.44,27.10%,14.90%
337,Osvaldo Bido,NYY,1,1,4.9,13,1,0,1,,17.2,77,16,10,10,3,8,0,1,16,8.17,4.11,1.39,20.60%,10.40%
338,Jackson Wolf,SDP,0,0,4.17,6,0,0,0,,9.1,40,8,5,4,1,4,0,0,9,8.86,3.52,1.29,23.00%,9.10%
339,Wilber Dotel,PIT,0,0,4.32,9,0,0,0,,10.1,45,9,5,5,1,5,0,1,10,8.6,4.06,1.35,22.00%,10.40%
340,Hector Neris,KCR,1,0,4.49,14,0,0,1,,14.1,61,13,8,7,2,6,0,1,14,9.09,3.83,1.33,23.40%,9.80%
341,Scott Effross,DET,1,1,4.66,14,0,0,1,,15,65,16,8,8,2,4,1,1,11,6.47,2.67,1.36,16.60%,6.80%
342,Hunter Bigge,TBR,2,1,4.6,39,0,0,4,,41.2,182,37,23,21,6,19,1,2,44,9.48,4.15,1.36,24.30%,10.60%
343,Seth Johnson,PHI,1,1,4.56,18,0,0,1,,20.2,91,19,11,11,3,9,1,1,21,8.9,4.07,1.38,22.70%,10.40%
344,AJ Smith-Shawver,ATL,0,0,4.45,7,0,0,1,,8.2,37,7,5,4,1,4,0,0,9,9.7,3.94,1.3,25.10%,10.20%
345,Rico Garcia,BAL,2,2,4.67,48,0,0,10,,51.1,222,47,28,27,9,22,2,2,53,9.31,3.91,1.34,23.90%,10.00%
346,Joey Lucchesi,,2,2,4.4,35,0,0,0,,38.2,167,36,20,19,5,17,1,2,33,7.66,3.89,1.37,19.70%,10.00%
347,Isaiah Campbell,ARI,1,1,4.75,19,0,0,0,,22,96,23,13,12,3,7,1,1,16,6.52,3.01,1.39,16.60%,7.70%
348,Lou Trivino,PHI,1,1,4.72,20,0,0,1,,20.2,90,20,12,11,3,9,0,1,18,7.67,3.72,1.39,19.50%,9.40%
349,Sam Bachman,LAA,1,1,4.31,24,0,0,1,,25.2,112,24,13,12,3,12,1,2,22,7.58,4.34,1.4,19.30%,11.10%
350,Daniel Lynch IV,KCR,2,2,4.61,50,0,0,11,,57,248,57,31,29,7,21,2,3,43,6.77,3.37,1.37,17.30%,8.60%
351,Trevor Stephan,CLE,0,0,4.9,13,0,0,1,,13.1,58,13,8,7,2,5,0,1,13,9,3.63,1.37,22.80%,9.20%
352,Nick Burdi,NYM,0,0,4.4,8,0,0,1,,8,34,7,4,4,1,4,0,0,9,9.76,4.29,1.35,25.00%,11.00%
353,Ryne Stanek,STL,2,2,4.69,59,0,2,12,,59,257,54,33,31,8,27,1,3,54,8.32,4.2,1.38,21.20%,10.70%
354,Chayce McDermott,BAL,1,1,4.66,11,1,0,1,,15.1,67,13,8,8,2,9,0,1,16,9.42,5.31,1.44,23.60%,13.30%
355,Dom Hamel,NYY,1,1,4.58,17,0,0,1,,18.1,80,17,10,9,3,8,1,1,18,8.97,4.16,1.38,22.80%,10.60%
356,Bryan Hoeing,SDP,1,1,4.57,16,0,0,1,,18,78,18,10,9,2,6,0,1,14,7,3.02,1.36,18.00%,7.80%
357,Daniel Robert,PHI,0,0,4.33,6,0,0,0,,5.2,24,5,3,3,1,2,0,0,6,9.21,3.86,1.31,23.80%,10.00%
358,Valente Bellozo,COL,1,1,5.12,11,1,0,1,,14,62,15,9,8,2,4,0,1,10,6.27,2.74,1.37,15.90%,7.00%
359,Jeff Criswell,COL,0,0,5,9,0,0,1,,10,44,10,6,6,2,4,0,0,11,9.44,3.94,1.41,23.80%,9.90%
360,Joe La Sorsa,PIT,0,0,4.18,5,0,0,0,,6.1,27,6,3,3,1,2,0,0,5,6.46,2.66,1.27,16.90%,6.90%
361,Carlos Hernandez,CLE,0,0,4.72,12,0,0,1,,12.2,55,12,7,7,2,6,0,1,12,8.27,3.94,1.37,21.10%,10.00%
362,Angel Perdomo,LAA,1,0,4.46,14,0,0,1,,14.2,64,12,8,7,2,9,1,1,18,11.11,5.51,1.42,27.90%,13.80%
363,Blas Castano,SEA,0,0,4.5,8,0,0,1,,10,44,10,5,5,1,4,0,1,8,7.63,3.64,1.36,19.50%,9.30%
364,Bradley Blalock,MIA,1,1,4.95,13,1,0,1,,17,75,18,10,9,2,7,1,1,12,6.6,3.71,1.45,16.60%,9.30%
365,Tayler Saucedo,LAA,1,1,4.55,27,0,0,1,,27.1,120,27,15,14,3,12,1,2,24,7.76,3.8,1.41,19.70%,9.60%
366,Drew Pomeranz,LAA,2,2,4.72,56,0,1,11,,55.2,242,52,31,29,9,24,1,3,60,9.65,3.95,1.38,24.60%,10.10%
367,Luis Mey,CIN,1,1,4.45,32,0,0,1,,32,142,28,17,16,3,19,1,2,31,8.73,5.26,1.48,21.80%,13.20%
368,Ken Waldichuk,WSN,0,1,4.55,11,0,0,1,,14,61,13,8,7,2,7,0,1,14,9.02,4.37,1.39,22.90%,11.10%
369,Lake Bachar,MIA,2,2,4.78,45,0,0,4,,49.2,219,46,28,26,8,24,2,3,52,9.4,4.34,1.4,23.80%,11.00%
370,Lyon Richardson,CIN,1,1,4.75,17,0,0,1,,20,89,20,11,11,2,10,1,1,18,7.9,4.47,1.47,19.80%,11.20%
371,Carson Palmquist,COL,1,1,5.11,16,1,0,1,,22.1,99,21,13,13,3,11,1,1,22,9.06,4.65,1.48,22.50%,11.60%
372,Enyel De Los Santos,HOU,3,2,4.82,58,0,0,12,,59.1,258,57,34,32,9,22,1,4,55,8.34,3.35,1.34,21.40%,8.60%
373,Tucker Davidson,PHI,0,0,4.55,6,0,0,1,,6,25,6,3,3,1,2,0,0,5,7.48,3.76,1.4,19.10%,9.60%
374,Jake Eder,WSN,1,1,4.67,19,0,0,1,,24,106,23,13,13,3,11,1,1,22,8.15,4.17,1.41,20.70%,10.60%
375,Orlando Ribalta,WSN,1,1,4.65,29,0,0,1,,30.1,133,27,17,16,4,15,1,2,28,8.41,4.37,1.39,21.30%,11.10%
376,Guillo Zuniga,SEA,0,0,4.53,6,0,0,1,,6,25,5,3,3,1,2,0,0,6,8.5,3.7,1.31,21.90%,9.60%
377,Tyler Gilbert,CHW,1,1,4.77,29,0,0,1,,31.1,136,30,18,17,5,12,1,1,29,8.21,3.46,1.36,21.00%,8.90%
378,Eli Morgan,KCR,1,1,4.95,22,0,0,1,,23.2,103,24,14,13,4,8,0,1,21,7.76,2.88,1.32,20.00%,7.40%
379,Chris Devenski,PIT,1,1,5.13,16,0,0,1,,17,74,17,10,10,3,6,0,1,15,7.85,2.99,1.35,20.10%,7.70%
380,Jose Franco,CIN,1,1,4.76,14,0,0,0,,14.2,64,13,8,8,2,7,0,1,15,9.26,4.08,1.36,23.60%,10.40%
381,Ryan Rolison,CHC,1,1,4.43,15,0,0,1,,16.2,71,16,9,8,2,6,1,0,13,6.81,3.05,1.33,17.70%,7.90%
382,Jorge Alcala,TOR,1,1,4.67,17,0,0,0,,18,77,16,10,9,3,7,0,1,18,8.99,3.45,1.3,23.30%,8.90%
383,Mark Leiter Jr.,ATH,3,2,4.88,64,0,5,13,,64.1,279,62,37,35,11,24,1,5,68,9.51,3.39,1.35,24.30%,8.70%
384,Shinnosuke Ogasawara,WSN,0,0,4.78,7,0,0,1,,8.1,37,8,5,4,1,3,0,0,7,7.21,3.48,1.4,18.30%,8.80%
385,Zach Brzykcy,MIA,0,0,4.73,8,0,0,0,,7.2,34,7,4,4,1,4,0,0,7,8.65,4.15,1.4,21.90%,10.50%
386,Collin Snider,CHC,0,0,4.93,7,0,0,1,,7.2,34,8,5,4,1,3,0,0,7,7.7,3.7,1.43,19.40%,9.40%
387,Brock Stewart,LAD,2,1,5.03,32,0,0,1,,32,141,30,19,18,6,14,1,2,36,10.05,3.96,1.39,25.40%,10.00%
388,Kolby Allard,CLE,1,1,4.76,22,0,0,1,,25.2,111,26,15,14,4,9,1,1,21,7.17,3.08,1.36,18.40%,7.90%
389,Derek Law,ARI,1,1,5.2,18,0,0,1,,19.1,86,21,12,11,2,7,0,1,15,6.83,3.48,1.5,17.00%,8.70%
390,Julian Merryweather,MIN,0,0,5.22,9,0,0,0,,8.2,39,9,5,5,1,4,0,0,8,8.42,3.95,1.47,21.00%,9.90%
391,Genesis Cabrera,PHI,1,1,4.56,17,0,0,1,,17.2,77,17,10,9,3,7,1,1,15,7.66,3.58,1.33,19.70%,9.20%
392,Dylan Coleman,NYY,0,0,4.5,5,0,0,1,,5.1,23,4,3,3,1,3,0,0,5,8.91,5.37,1.43,22.40%,13.50%
393,Roddery Munoz,HOU,2,2,4.71,40,1,0,7,,47.2,209,43,27,25,8,23,1,3,50,9.42,4.35,1.38,24.00%,11.10%
394,Ty Adcock,SDP,1,1,4.49,24,0,0,1,,26.1,112,24,14,13,4,9,1,1,24,8.37,3.16,1.28,21.80%,8.20%
395,Josh Fleming,TOR,0,0,4.31,7,0,0,0,,8.1,36,9,4,4,1,3,0,0,5,5.17,2.95,1.37,13.30%,7.60%
396,Scott Blewett,STL,1,1,5.09,17,0,0,1,,19.2,88,21,12,11,3,8,1,1,16,7.13,3.57,1.44,17.90%,9.00%
397,Jairo Iriarte,CHW,0,0,4.69,9,0,0,0,,9.2,42,9,5,5,1,5,0,1,9,8.54,4.55,1.41,21.60%,11.50%
398,Luis Guerrero,TBR,1,1,4.48,18,0,0,1,,20.1,89,18,11,10,3,10,1,1,19,8.2,4.55,1.37,20.90%,11.60%
399,Brennan Bernardino,COL,2,3,5.29,57,0,1,10,,56,252,62,35,33,7,23,2,4,48,7.64,3.74,1.52,18.90%,9.20%
400,Randy Dobnak,SEA,0,0,4.74,8,0,0,1,,11,48,11,6,6,1,5,0,1,9,7.1,4.16,1.46,17.80%,10.40%
401,Kirby Yates,LAA,2,2,4.63,54,0,10,12,,55,239,46,30,28,9,27,1,3,63,10.66,4.22,1.35,28.00%,11.10%