#,Name,Team,W,L,ERA,G,GS,SV,HLD,BS,IP,TBF,H,R,ER,HR,BB,IBB,HBP,SO,K/9,BB/9,WHIP,K%,BB%,QS
1,Tarik Skubal,DET,14,7,2.72,30,30,0,0,0,192.1,752,148,63,58,19,39,1,7,233,10.9,1.81,0.97,30.90%,5.10%,18
2,Paul Skenes,PIT,12,8,2.76,30,30,0,0,0,187.1,745,147,62,57,16,46,1,7,225,10.78,2.22,1.03,30.10%,6.20%,18
3,Garrett Crochet,BOS,14,8,3.05,29,29,0,0,1,181.2,727,146,67,62,19,47,2,5,223,11.05,2.31,1.06,30.70%,6.40%,16
4,Logan Webb,SFG,13,10,3.3,30,30,0,0,0,196.2,809,186,78,72,16,45,1,6,186,8.51,2.04,1.17,23.00%,5.50%,17
5,Cristopher Sanchez,PHI,12,8,3.19,30,30,0,0,0,190.1,777,171,73,67,16,46,2,6,185,8.73,2.19,1.14,23.70%,6.00%,17
6,Chris Sale,ATL,11,6,3.18,25,25,0,0,0,155.2,631,128,60,55,17,41,1,9,191,11.06,2.36,1.09,30.30%,6.50%,14
7,Yoshinobu Yamamoto,LAD,12,7,3.25,26,26,0,0,0,160.2,652,131,63,58,16,47,1,5,175,9.78,2.64,1.11,26.80%,7.20%,14
8,Cole Ragans,KCR,10,8,3.43,26,26,0,0,0,152.2,624,121,63,58,16,54,2,5,189,11.14,3.16,1.15,30.30%,8.60%,13
9,Dylan Cease,TOR,11,10,3.71,30,30,0,0,0,175.1,728,146,79,72,21,67,2,5,207,10.64,3.44,1.21,28.50%,9.20%,13
10,Framber Valdez,DET,13,10,3.49,29,29,0,0,0,187,780,167,79,72,16,61,1,8,174,8.38,2.94,1.22,22.30%,7.80%,16
11,Jesus Luzardo,PHI,12,9,3.65,29,29,0,0,0,175.2,720,150,77,71,21,54,1,5,194,9.92,2.75,1.16,26.90%,7.50%,15
12,Hunter Brown,HOU,12,9,3.49,30,30,0,0,0,182.2,753,155,77,71,20,59,2,7,197,9.72,2.93,1.18,26.20%,7.90%,16
13,Max Fried,NYY,14,8,3.32,29,29,0,0,0,180.1,743,158,72,67,17,53,1,7,171,8.53,2.62,1.17,23.00%,7.10%,16
14,Hunter Greene,CIN,10,8,3.66,28,28,0,0,0,167.2,685,134,74,68,25,54,1,10,201,10.79,2.9,1.12,29.30%,7.90%,14
15,Sonny Gray,BOS,12,9,3.81,28,28,0,0,0,169,697,156,78,72,21,44,1,5,179,9.51,2.34,1.18,25.60%,6.30%,13
16,Bryan Woo,SEA,13,8,3.4,30,30,0,0,0,185.1,741,153,76,70,24,38,1,7,187,9.1,1.86,1.03,25.30%,5.20%,16
17,Jacob deGrom,TEX,10,7,3.43,26,26,0,0,0,154.2,617,127,64,59,21,35,1,4,174,10.14,2.03,1.05,28.30%,5.70%,12
18,Logan Gilbert,SEA,10,8,3.43,28,28,0,0,0,165.2,660,136,69,63,22,37,1,6,185,10.07,1.99,1.04,28.10%,5.50%,13
19,Ranger Suarez,BOS,11,9,3.68,27,27,0,0,0,166,694,158,74,68,17,47,1,5,149,8.11,2.56,1.24,21.50%,6.80%,14
20,Kevin Gausman,TOR,12,10,3.91,29,29,0,0,0,181.2,749,165,86,79,24,51,1,4,178,8.81,2.54,1.19,23.80%,6.90%,14
21,Joe Ryan,MIN,11,10,3.82,28,28,0,0,0,168,680,145,77,71,25,38,1,8,185,9.9,2.05,1.09,27.20%,5.60%,13
22,George Kirby,SEA,12,9,3.62,28,28,0,0,0,166,672,151,72,67,20,31,1,7,162,8.8,1.7,1.1,24.10%,4.70%,14
23,Zack Wheeler,PHI,9,6,3.3,21,21,0,0,0,132.2,535,108,53,49,16,36,1,6,153,10.39,2.41,1.08,28.60%,6.60%,13
24,Nathan Eovaldi,TEX,11,8,3.66,25,25,0,0,0,155,631,136,69,63,18,38,1,6,150,8.72,2.18,1.12,23.80%,6.00%,13
25,Chase Burns,CIN,8,8,3.6,29,24,0,0,0,134,548,113,58,54,18,42,1,4,158,10.63,2.82,1.16,28.80%,7.70%,10
26,Freddy Peralta,NYM,12,9,3.77,29,29,0,0,0,166.2,691,137,76,70,22,62,1,8,186,10.03,3.32,1.19,26.90%,8.90%,13
27,Kyle Bradish,BAL,8,7,3.61,24,24,0,0,0,134,554,115,58,54,15,42,1,6,144,9.7,2.85,1.18,26.10%,7.70%,10
28,Drew Rasmussen,TBR,10,8,3.62,29,29,0,0,0,153.2,629,138,67,62,17,39,1,5,140,8.22,2.27,1.15,22.30%,6.20%,10
29,Brandon Woodruff,MIL,10,7,3.74,25,25,0,0,0,143.2,585,122,65,60,20,39,0,6,153,9.54,2.42,1.12,26.10%,6.60%,11
30,Michael King,SDP,10,8,3.73,27,27,0,0,1,154.2,647,136,70,64,20,54,2,7,161,9.39,3.16,1.23,24.90%,8.40%,11
31,Jose Soriano,LAA,10,10,3.77,29,29,0,0,0,168.1,722,150,77,70,14,72,1,9,156,8.33,3.87,1.32,21.60%,10.00%,13
32,Blake Snell,LAD,9,6,3.45,22,22,0,0,0,130,538,101,54,50,14,55,1,3,160,11.04,3.83,1.2,29.70%,10.30%,11
33,MacKenzie Gore,TEX,10,10,3.91,28,28,0,0,0,159.2,672,140,75,69,21,61,1,7,180,10.13,3.42,1.26,26.70%,9.00%,12
34,Jack Flaherty,DET,10,10,4.05,28,28,0,0,0,159,667,143,78,72,22,54,1,7,175,9.91,3.08,1.24,26.30%,8.20%,12
35,Nick Pivetta,SDP,11,9,3.92,28,28,0,0,0,169,691,145,80,74,26,50,1,5,184,9.81,2.67,1.15,26.60%,7.30%,13
36,Eury Perez,MIA,9,9,3.91,27,27,0,0,0,143.1,588,119,68,62,20,47,1,5,159,10.02,2.97,1.16,27.10%,8.00%,9
37,Tanner Bibee,CLE,11,10,3.98,29,29,0,0,0,179,746,165,86,79,24,53,1,8,168,8.44,2.66,1.22,22.50%,7.10%,12
38,Matthew Boyd,CHC,11,9,3.89,27,27,0,0,0,158.2,659,145,75,69,21,45,1,7,145,8.21,2.53,1.2,22.00%,6.80%,12
39,Kris Bubic,KCR,8,8,3.75,29,23,0,1,2,134.2,563,123,61,56,14,44,2,4,131,8.73,2.92,1.24,23.20%,7.80%,10
40,Aaron Nola,PHI,10,10,4.16,28,28,0,0,0,168,700,159,84,78,26,46,1,5,164,8.81,2.46,1.22,23.50%,6.60%,13
41,Spencer Strider,ATL,11,9,3.94,26,26,0,0,0,153,638,132,73,67,21,55,1,7,179,10.54,3.23,1.22,28.00%,8.60%,11
42,Sandy Alcantara,MIA,10,11,4.16,28,28,0,0,0,176.1,743,171,89,82,21,51,1,7,148,7.55,2.61,1.26,19.90%,6.90%,12
43,Andrew Abbott,CIN,10,9,4.11,28,28,0,0,0,163.2,685,154,81,75,26,50,1,4,149,8.2,2.76,1.25,21.80%,7.30%,11
44,Tyler Glasnow,LAD,8,6,3.69,23,23,0,0,0,132.1,544,106,59,54,16,49,0,3,155,10.52,3.36,1.17,28.50%,9.10%,11
45,Shohei Ohtani,LAD,8,5,3.37,21,21,0,0,0,110,447,88,45,41,13,34,1,4,131,10.68,2.75,1.1,29.30%,7.50%,8
46,Nick Lodolo,CIN,9,8,4.02,26,26,0,0,0,149,624,138,72,67,22,38,1,13,151,9.11,2.3,1.18,24.20%,6.10%,11
47,Luis Castillo,SEA,11,10,3.89,29,29,0,0,0,176.2,730,160,83,76,25,49,1,7,165,8.42,2.51,1.18,22.60%,6.70%,14
48,Brady Singer,CIN,11,11,4.4,29,29,0,0,0,168,715,163,89,82,24,54,1,10,155,8.32,2.87,1.29,21.70%,7.50%,12
49,Mitch Keller,PIT,9,12,4.32,30,30,0,0,0,177.1,754,175,92,85,22,53,1,10,155,7.89,2.7,1.29,20.60%,7.10%,13
50,David Peterson,NYM,9,7,3.95,28,28,0,0,0,160.1,688,154,77,70,16,61,2,7,143,8.02,3.44,1.34,20.80%,8.90%,13
51,Nolan McLean,NYM,11,8,3.72,26,26,0,0,0,152.1,643,134,68,63,16,58,1,9,150,8.87,3.42,1.26,23.30%,9.00%,11
52,Merrill Kelly,ARI,11,8,4.07,28,28,0,0,0,170,710,161,84,77,22,50,1,4,153,8.11,2.65,1.24,21.60%,7.10%,13
53,Shane McClanahan,TBR,8,6,3.61,20,20,0,0,0,117.2,482,102,51,47,15,36,1,3,125,9.58,2.72,1.17,26.00%,7.40%,9
54,Emmet Sheehan,LAD,9,6,3.91,34,23,0,0,0,133.1,547,111,63,58,19,43,1,5,152,10.22,2.88,1.15,27.70%,7.80%,7
55,Trevor Rogers,BAL,9,8,4.02,25,25,0,0,0,146,616,139,71,65,17,47,1,5,127,7.8,2.89,1.27,20.60%,7.60%,11
56,Yusei Kikuchi,LAA,8,10,4.23,29,29,0,0,0,169.2,721,162,87,80,26,61,2,5,172,9.11,3.21,1.31,23.80%,8.40%,12
57,Michael Wacha,KCR,10,11,4.35,28,28,0,0,0,165.2,701,164,87,80,22,49,1,5,128,6.93,2.65,1.29,18.20%,7.00%,12
58,Trey Yesavage,TOR,8,6,3.84,30,25,0,0,0,136,570,113,63,58,17,57,1,5,151,10.01,3.75,1.25,26.60%,10.00%,9
59,Casey Mize,DET,9,8,4.12,26,26,0,0,0,143,599,140,71,65,19,38,1,5,125,7.84,2.4,1.25,20.80%,6.40%,9
60,Bailey Ober,MIN,8,9,4.39,28,28,0,0,0,159.2,662,154,85,78,27,37,1,6,145,8.17,2.11,1.2,21.90%,5.70%,11
61,Ryan Pepiot,TBR,11,10,4.03,30,30,0,0,0,169,702,145,82,76,25,58,1,8,172,9.19,3.12,1.2,24.60%,8.30%,12
62,Joe Musgrove,SDP,8,8,3.94,24,24,0,0,0,138,576,130,66,60,19,36,1,9,131,8.56,2.33,1.2,22.80%,6.20%,11
63,Grayson Rodriguez,LAA,8,7,3.98,21,21,0,0,0,119,499,108,57,53,16,40,1,5,125,9.48,2.99,1.24,25.10%,7.90%,9
64,Cody Ponce,TOR,8,8,4.05,34,22,0,1,1,137.2,579,128,67,62,19,45,1,6,140,9.13,2.94,1.25,24.10%,7.80%,9
65,Braxton Ashcraft,PIT,7,7,3.85,37,22,0,1,1,133.1,564,129,62,57,14,42,2,6,120,8.07,2.85,1.28,21.20%,7.50%,6
66,Clay Holmes,NYM,10,9,3.85,28,27,0,0,5,144,619,137,67,62,13,54,2,9,119,7.45,3.4,1.33,19.30%,8.80%,9
67,Zac Gallen,ARI,12,11,4.19,29,29,0,0,0,178.1,753,169,90,83,23,58,1,6,168,8.48,2.92,1.27,22.40%,7.70%,13
68,Robbie Ray,SFG,9,10,4.22,29,29,0,0,0,171.1,725,152,87,80,25,67,1,7,179,9.4,3.52,1.28,24.70%,9.20%,12
69,Shota Imanaga,CHC,10,8,4.02,26,26,0,0,0,155,631,143,75,69,28,33,1,4,141,8.18,1.92,1.14,22.30%,5.20%,12
70,Gavin Williams,CLE,10,9,3.96,29,29,0,0,0,163.2,695,143,78,72,21,70,1,6,167,9.16,3.86,1.3,24.00%,10.10%,11
71,Edward Cabrera,CHC,9,7,3.98,25,25,0,0,0,135.2,571,116,65,60,16,53,1,7,145,9.61,3.55,1.25,25.40%,9.40%,9
72,Bubba Chandler,PIT,8,8,4.2,30,25,0,0,0,140.2,598,131,71,66,17,50,1,8,130,8.33,3.21,1.29,21.70%,8.40%,9
73,Shane Baz,BAL,9,9,4.16,27,27,0,0,0,151.2,639,138,76,70,21,51,1,8,149,8.87,3.05,1.25,23.40%,8.00%,11
74,Chris Bassitt,BAL,11,10,4.25,33,29,0,0,0,168.1,722,164,86,80,23,57,1,11,153,8.16,3.02,1.31,21.10%,7.80%,12
75,Quinn Priester,MIL,11,9,4.14,28,28,0,0,0,166.1,707,161,83,76,20,54,1,7,136,7.37,2.93,1.3,19.30%,7.70%,11
76,Jack Leiter,TEX,9,10,4.29,29,29,0,0,0,163,691,144,84,78,24,65,1,7,157,8.65,3.57,1.28,22.70%,9.40%,10
77,Carlos Rodon,NYY,11,9,4.04,24,24,0,0,0,145.2,607,124,71,65,21,53,1,6,155,9.54,3.26,1.21,25.40%,8.70%,11
78,Cam Schlittler,NYY,8,8,3.9,23,23,0,0,0,130.2,551,115,62,57,16,50,1,6,130,8.98,3.44,1.26,23.60%,9.00%,9
79,Zebby Matthews,MIN,7,8,4.11,31,22,0,0,0,126.1,526,123,63,58,19,32,1,3,123,8.77,2.3,1.23,23.40%,6.10%,7
80,Brayan Bello,BOS,10,10,4.26,28,28,0,0,0,160.1,689,157,82,76,19,56,1,9,131,7.34,3.14,1.33,19.00%,8.10%,12
81,Reid Detmers,LAA,8,9,4.26,33,23,0,0,3,133.1,564,120,69,63,18,49,3,6,147,9.88,3.32,1.27,26.00%,8.70%,7
82,Braxton Garrett,MIA,6,6,4.03,27,20,0,1,0,115.1,482,113,56,52,14,27,1,6,103,8.02,2.14,1.22,21.30%,5.70%,7
83,Michael McGreevy,STL,9,8,4.13,29,24,0,0,0,144,607,148,72,66,16,34,1,4,98,6.14,2.14,1.27,16.20%,5.70%,10
84,Jacob Misiorowski,MIL,9,7,4.05,32,25,0,0,0,139.1,591,114,68,63,18,64,1,9,158,10.22,4.11,1.27,26.80%,10.80%,9
85,Sean Manaea,NYM,7,7,4.16,33,22,0,0,0,130.2,542,115,66,60,19,40,1,7,137,9.4,2.76,1.19,25.20%,7.40%,8
86,Shane Smith,CHW,8,9,4.11,28,28,0,0,0,156.1,662,139,78,71,21,58,1,9,154,8.83,3.31,1.25,23.20%,8.70%,10
87,Taj Bradley,MIN,7,8,4.38,31,23,0,0,0,135,572,127,71,66,19,47,1,4,131,8.73,3.15,1.29,22.90%,8.30%,9
88,Jameson Taillon,CHC,10,9,4.38,27,27,0,0,0,156.1,652,155,83,76,26,37,1,4,121,6.97,2.12,1.23,18.60%,5.70%,12
89,Tatsuya Imai,HOU,8,8,4.3,27,27,0,0,0,155,664,139,81,74,20,65,1,8,152,8.84,3.78,1.32,22.90%,9.80%,11
90,Shane Bieber,TOR,6,5,3.75,17,17,0,0,0,101.2,418,95,46,42,13,25,0,3,94,8.33,2.18,1.17,22.50%,5.90%,7
91,Brandon Pfaadt,ARI,10,10,4.49,28,28,0,0,0,163.2,690,168,89,82,24,38,1,7,144,7.89,2.09,1.26,20.80%,5.50%,11
92,Tyler Mahle,SFG,7,8,4.06,23,23,0,0,0,130.2,549,125,64,59,16,40,0,4,108,7.44,2.78,1.27,19.70%,7.30%,9
93,Cade Horton,CHC,9,7,3.92,23,23,0,0,0,126.2,530,115,60,55,16,40,1,5,109,7.75,2.84,1.22,20.60%,7.50%,8
94,Gerrit Cole,NYY,7,5,3.9,18,18,0,0,0,109.1,452,97,52,47,15,33,1,4,111,9.11,2.68,1.19,24.50%,7.20%,8
95,Ryne Nelson,ARI,9,7,4.22,32,27,0,0,0,159,668,157,81,75,21,43,1,5,131,7.42,2.44,1.26,19.60%,6.50%,11
96,Cade Cavalli,WSN,7,8,4.23,24,24,0,0,0,132.2,571,130,68,62,15,48,1,8,112,7.57,3.23,1.34,19.50%,8.30%,9
97,Steven Matz,TBR,6,6,4.11,34,19,0,1,1,123,518,122,61,56,17,33,1,5,102,7.47,2.42,1.26,19.70%,6.40%,6
98,Matthew Liberatore,STL,7,10,4.37,27,27,0,0,1,147,625,146,78,71,19,46,1,5,120,7.35,2.82,1.31,19.20%,7.40%,10
99,Foster Griffin,WSN,6,7,4.14,27,19,0,0,0,118.1,501,113,59,54,15,38,1,6,107,8.18,2.92,1.28,21.40%,7.70%,8
100,Landen Roupp,SFG,7,7,4.09,27,22,0,0,0,119.2,514,114,59,54,13,48,1,4,111,8.35,3.6,1.35,21.60%,9.30%,7
101,Reynaldo Lopez,ATL,8,7,3.97,28,22,0,1,2,125.2,530,117,60,55,16,43,1,4,124,8.86,3.11,1.28,23.30%,8.20%,8
102,Noah Cameron,KCR,9,8,4.23,25,25,0,0,0,146.2,621,141,75,69,21,48,1,5,124,7.59,2.93,1.29,19.90%,7.70%,10
103,Bryce Miller,SEA,9,8,4.18,25,25,0,0,0,144.1,599,132,73,67,22,42,1,5,129,8.03,2.6,1.2,21.50%,7.00%,9
104,Logan Henderson,MIL,7,6,4.06,33,17,0,0,0,111,460,99,54,50,17,34,1,4,112,9.06,2.73,1.2,24.30%,7.30%,7
105,Jeffrey Springs,ATH,10,10,4.56,29,29,0,0,0,164.1,696,162,90,83,27,52,1,4,140,7.69,2.84,1.3,20.20%,7.50%,11
106,Adrian Houser,SFG,7,8,4.36,25,25,0,0,0,142,615,147,75,69,16,47,1,7,102,6.49,3.01,1.37,16.70%,7.70%,9
107,Joey Cantillo,CLE,7,7,3.9,39,19,0,1,0,126,534,110,59,55,15,54,1,4,132,9.42,3.84,1.3,24.70%,10.10%,6
108,Dustin May,STL,8,9,4.29,29,23,0,0,0,137.2,588,128,71,66,17,51,2,9,123,8.06,3.36,1.3,21.00%,8.70%,9
109,Kodai Senga,NYM,8,6,3.93,29,21,0,0,0,120,509,103,57,52,15,52,1,5,123,9.25,3.89,1.29,24.20%,10.20%,7
110,Justin Verlander,DET,7,8,4.41,23,23,0,0,0,129.2,551,126,69,63,19,41,1,6,108,7.52,2.87,1.29,19.70%,7.50%,9
111,Simeon Woods Richardson,MIN,7,7,4.57,29,25,0,0,0,134,574,129,74,68,19,51,1,4,121,8.1,3.43,1.34,21.00%,8.90%,7
112,Luis Severino,ATH,9,11,4.61,29,29,0,0,0,174.2,751,176,97,90,26,56,1,11,140,7.23,2.89,1.33,18.70%,7.50%,12
113,Eduardo Rodriguez,ARI,8,8,4.42,27,24,0,0,0,132.1,568,133,71,65,18,47,1,3,118,8.02,3.18,1.36,20.80%,8.20%,8
114,Seth Lugo,KCR,9,9,4.4,26,26,0,0,0,156,665,154,83,76,23,51,1,6,132,7.61,2.95,1.31,19.90%,7.70%,12
115,Kyle Freeland,COL,7,12,5.12,28,28,0,0,0,159.2,695,183,99,91,26,42,1,6,117,6.58,2.36,1.4,16.80%,6.00%,10
116,Zack Littell,,8,8,4.47,25,24,0,0,0,139,583,145,75,69,23,28,1,5,106,6.88,1.82,1.24,18.20%,4.80%,10
117,Parker Messick,CLE,7,6,4,22,22,0,0,0,117.1,496,112,57,52,15,38,1,5,106,8.14,2.95,1.28,21.40%,7.70%,8
118,Chad Patrick,MIL,6,8,4.33,24,24,0,1,0,128.1,543,122,67,62,20,43,1,5,121,8.47,3.01,1.28,22.20%,7.90%,8
119,Andre Pallante,STL,7,9,4.39,26,25,0,0,1,135,588,138,72,66,13,52,1,5,93,6.2,3.48,1.41,15.80%,8.90%,9
120,Zach Eflin,BAL,9,8,4.41,29,24,0,0,0,140.2,586,147,75,69,23,26,1,4,109,7,1.69,1.23,18.70%,4.50%,10
121,Jacob Lopez,ATH,8,8,4.3,23,23,0,0,0,128,545,113,66,61,19,51,1,8,131,9.2,3.6,1.28,24.00%,9.40%,9
122,Mike Burrows,HOU,6,7,4.11,29,23,0,0,0,126.1,531,114,63,58,19,44,1,5,122,8.71,3.16,1.26,23.00%,8.30%,7
123,Spencer Schwellenbach,ATL,5,3,3.62,12,12,0,0,0,68.2,278,62,30,28,8,14,1,2,67,8.72,1.85,1.11,23.90%,5.10%,6
124,Nick Martinez,TBR,8,9,4.41,37,22,0,1,1,139.1,589,140,74,68,20,37,1,6,107,6.94,2.42,1.28,18.30%,6.40%,10
125,Max Meyer,MIA,6,8,4.34,27,22,0,0,0,125,531,122,66,60,17,41,1,5,114,8.21,2.97,1.31,21.40%,7.70%,8
126,Ryan Weathers,NYY,7,7,3.99,33,21,0,0,0,126.1,531,115,61,56,18,43,1,5,122,8.68,3.04,1.25,23.00%,8.00%,8
127,Dean Kremer,BAL,9,8,4.41,33,22,0,1,0,134,565,131,71,66,20,41,1,4,114,7.68,2.73,1.28,20.20%,7.20%,8
128,Will Warren,NYY,7,8,4.28,35,21,0,0,0,123,524,116,64,59,17,44,1,5,122,8.95,3.24,1.31,23.40%,8.50%,6
129,Justin Steele,CHC,5,4,3.64,13,13,0,0,0,72,297,66,32,29,8,19,0,3,68,8.47,2.37,1.17,22.90%,6.40%,6
130,Brad Lord,WSN,6,9,4.42,31,22,1,1,0,129.2,556,129,69,64,16,43,1,6,101,7,3.01,1.33,18.20%,7.80%,9
131,Roki Sasaki,LAD,7,6,4.18,33,18,0,1,0,114,489,104,57,53,14,47,1,7,109,8.62,3.7,1.32,22.30%,9.60%,7
132,Jared Jones,PIT,5,5,4.03,14,14,0,0,0,76.1,320,69,37,34,10,25,1,3,79,9.27,2.98,1.24,24.60%,7.90%,6
133,Grant Holmes,ATL,6,6,4.2,29,19,0,1,1,118,506,111,60,55,16,45,2,5,118,8.98,3.46,1.33,23.30%,9.00%,7
134,Cristian Javier,HOU,8,9,4.69,25,25,0,0,0,138,590,126,78,72,22,58,0,5,124,8.13,3.79,1.33,21.10%,9.80%,9
135,Slade Cecconi,CLE,7,9,4.58,26,26,0,0,0,150.1,632,151,83,77,25,38,1,6,124,7.43,2.28,1.26,19.60%,6.00%,10
136,Ian Seymour,TBR,6,6,4.07,32,13,0,1,0,92.2,386,84,45,42,12,28,1,5,90,8.74,2.74,1.21,23.30%,7.30%,5
137,Lucas Giolito,,8,7,4.57,23,23,0,0,0,125.2,540,122,69,64,19,49,1,4,113,8.09,3.5,1.36,20.90%,9.00%,9
138,Kumar Rocker,TEX,5,6,4.29,29,16,0,1,0,96,407,92,50,46,12,31,1,4,85,7.96,2.95,1.29,20.80%,7.70%,5
139,Jose Berrios,TOR,7,7,4.34,35,17,0,1,0,119.1,506,115,62,57,18,37,1,6,101,7.6,2.76,1.27,19.90%,7.20%,8
140,Robby Snelling,MIA,5,5,4.11,15,14,0,0,0,79,338,77,39,36,9,28,0,3,68,7.81,3.23,1.34,20.30%,8.40%,6
141,Aaron Civale,ATH,6,7,4.66,22,22,0,0,0,120.2,514,119,68,62,20,38,1,6,104,7.76,2.87,1.31,20.20%,7.50%,7
142,Johan Oviedo,BOS,6,5,4.24,38,15,0,1,0,102,438,91,52,48,13,44,1,6,98,8.64,3.91,1.32,22.40%,10.10%,5
143,Hunter Barco,PIT,4,4,4.11,27,11,0,1,0,76.1,328,71,38,35,8,31,1,4,69,8.18,3.64,1.33,21.20%,9.40%,4
144,Davis Martin,CHW,7,10,4.6,27,27,0,0,0,151.2,656,153,84,78,22,54,2,8,117,6.96,3.18,1.36,17.90%,8.20%,9
145,Connelly Early,BOS,4,3,3.69,23,7,0,1,0,54,227,47,24,22,5,20,1,3,56,9.33,3.31,1.24,24.70%,8.80%,3
146,Logan Allen,CLE,7,8,4.5,25,21,0,0,0,118.1,513,120,64,59,17,45,1,4,96,7.27,3.43,1.39,18.60%,8.80%,6
147,Jose Quintana,COL,7,9,5.06,22,22,0,0,0,127.2,567,141,78,72,19,49,1,5,89,6.27,3.48,1.49,15.70%,8.70%,8
148,Chris Paddack,MIA,5,7,4.82,28,19,0,0,0,112.2,478,119,66,60,18,29,1,3,88,7.05,2.3,1.31,18.40%,6.00%,6
149,Miles Mikolas,WSN,7,10,4.86,26,26,0,0,0,146,620,158,86,79,25,33,1,5,97,5.95,2.04,1.31,15.60%,5.30%,9
150,David Festa,MIN,4,5,4.25,26,10,0,1,0,69,290,63,35,32,9,23,0,3,70,9.16,3.07,1.26,24.10%,8.10%,4
151,Michael Lorenzen,COL,6,11,5.17,25,25,0,0,0,142.2,626,153,89,82,25,51,1,6,113,7.15,3.25,1.44,18.10%,8.20%,9
152,Max Scherzer,TOR,6,6,4.65,17,17,0,0,0,89.1,374,87,50,46,16,24,0,4,85,8.6,2.47,1.24,22.80%,6.50%,6
153,Anthony Kay,CHW,5,8,4.48,23,21,0,0,1,120,522,119,65,60,16,48,2,5,96,7.23,3.6,1.39,18.50%,9.20%,8
154,Jacob Latz,TEX,4,3,4.21,41,12,0,2,1,101,432,89,51,47,13,47,2,3,95,8.46,4.15,1.34,21.90%,10.80%,5
155,Hunter Dobbins,STL,5,5,4.38,26,14,0,1,1,90.1,387,91,48,44,11,30,1,4,67,6.68,2.95,1.33,17.30%,7.60%,5
156,Kyle Leahy,STL,5,6,4.47,40,16,0,2,4,117,505,117,63,58,15,43,1,4,95,7.31,3.34,1.37,18.80%,8.60%,6
157,Patrick Corbin,,6,8,4.88,22,22,0,0,0,116,504,125,68,63,18,39,1,3,93,7.18,3,1.41,18.40%,7.70%,7
158,Patrick Sandoval,BOS,4,5,4.14,29,9,0,1,0,70.1,306,68,35,32,7,30,1,3,66,8.44,3.87,1.4,21.60%,9.90%,4
159,Andrew Alvarez,WSN,3,4,4.25,27,12,0,1,0,78.2,340,77,40,37,8,31,1,3,59,6.74,3.54,1.37,17.30%,9.10%,4
160,Michael Soroka,ARI,5,6,4.21,40,12,1,2,0,94.2,403,85,48,44,12,35,1,7,95,9.05,3.28,1.26,23.70%,8.60%,4
161,Rhett Lowder,CIN,4,4,4.35,26,11,0,1,0,76,324,75,40,37,10,24,1,3,61,7.22,2.87,1.31,18.80%,7.50%,4
162,Luis Morales,ATH,7,7,4.55,26,20,0,0,0,113,485,107,62,57,17,45,1,4,99,7.91,3.58,1.34,20.50%,9.30%,7
163,Robert Gasser,MIL,4,4,4.03,33,10,0,2,0,76,322,70,37,34,10,25,1,6,69,8.13,2.94,1.25,21.30%,7.70%,3
164,Ryan Feltner,COL,3,6,5.18,25,17,0,0,0,97.1,430,103,61,56,14,40,0,4,80,7.36,3.66,1.47,18.50%,9.20%,6
165,Janson Junk,MIA,4,4,4.57,37,10,0,1,0,85,361,91,47,43,11,19,1,3,63,6.62,2.06,1.3,17.40%,5.40%,3
166,Brandon Sproat,MIL,4,4,4.21,23,11,0,1,0,71.1,305,67,36,33,8,27,1,4,60,7.57,3.41,1.31,19.60%,8.90%,4
167,Bryce Elder,ATL,7,7,4.67,25,18,0,1,0,108.1,470,113,61,56,14,38,1,4,89,7.35,3.12,1.39,18.80%,8.00%,7
168,Sean Burke,CHW,7,9,4.78,26,26,0,0,0,142,617,136,82,76,24,62,1,6,133,8.43,3.93,1.39,21.60%,10.10%,8
169,Luis Gil,NYY,6,5,4.25,36,13,0,0,0,94.2,406,80,49,45,13,46,1,4,94,8.91,4.33,1.32,23.10%,11.20%,5
170,Troy Melton,DET,4,4,3.97,36,8,0,3,0,75,314,70,36,33,10,24,0,2,66,7.92,2.84,1.25,21.00%,7.50%,4
171,Lance McCullers Jr.,HOU,5,5,4.59,23,16,0,0,0,88,388,82,49,45,11,45,0,6,84,8.63,4.61,1.44,21.70%,11.60%,5
172,Randy Vasquez,SDP,6,8,4.81,29,23,0,0,0,127,555,132,74,68,19,46,1,7,86,6.06,3.24,1.4,15.40%,8.20%,7
173,Cody Bradford,TEX,4,4,4.24,25,7,0,1,0,61,252,58,31,29,9,14,1,2,53,7.87,2.03,1.18,21.20%,5.50%,3
174,Joe Boyle,TBR,4,4,4.19,19,12,0,1,0,68.1,297,56,35,32,8,37,1,4,74,9.72,4.87,1.37,24.90%,12.50%,3
175,J.T. Ginn,ATH,3,4,4.21,26,8,0,1,0,63.1,271,61,32,30,8,22,1,4,60,8.51,3.18,1.31,22.10%,8.30%,2
176,Andrew Painter,PHI,5,6,4.67,24,17,0,1,0,93.2,405,95,53,48,14,35,1,3,78,7.53,3.41,1.39,19.30%,8.70%,6
177,Chase Dollander,COL,5,10,5.47,23,23,0,0,0,119,530,124,79,72,20,54,1,7,102,7.69,4.06,1.49,19.20%,10.10%,6
178,Kyle Harrison,MIL,3,3,4.26,24,10,0,2,0,67.1,288,62,35,32,9,27,1,3,68,9.08,3.58,1.31,23.60%,9.30%,2
179,Griffin Canning,SDP,6,6,4.48,25,17,0,1,0,100.2,432,98,54,50,15,38,1,3,88,7.88,3.43,1.36,20.40%,8.90%,5
180,Mick Abel,MIN,5,6,4.68,34,16,0,1,3,102.1,446,98,58,53,14,46,1,4,93,8.22,4.07,1.41,20.90%,10.40%,5
181,Kutter Crawford,BOS,5,5,4.26,41,6,0,2,0,76.1,316,70,39,36,12,21,1,3,75,8.78,2.51,1.19,23.60%,6.70%,4
182,Jon Gray,,3,3,4.66,11,10,0,0,1,55,234,55,31,28,9,18,0,2,47,7.7,2.91,1.31,20.10%,7.60%,3
183,Tomoyuki Sugano,COL,6,8,5.29,21,21,0,0,0,117.1,512,136,75,69,22,28,1,5,75,5.75,2.18,1.4,14.70%,5.60%,6
184,Alex Cobb,,3,2,4.01,8,7,0,0,0,40.1,171,40,19,18,4,13,0,1,33,7.3,2.86,1.32,19.00%,7.50%,3
185,Ryan Weiss,HOU,4,4,4.33,30,9,0,1,0,72.2,313,68,38,35,10,29,1,4,71,8.74,3.59,1.33,22.60%,9.30%,4
186,Colin Rea,CHC,5,5,4.35,34,9,0,1,0,82.2,350,83,43,40,12,23,1,4,67,7.28,2.54,1.28,19.10%,6.70%,4
187,Stephen Kolek,KCR,4,4,4.27,31,8,0,1,0,70,302,73,36,33,7,22,1,4,50,6.49,2.82,1.35,16.70%,7.30%,3
188,Richard Fitts,STL,4,7,4.41,30,17,0,1,0,101,432,101,54,50,15,33,1,4,78,6.94,2.9,1.32,18.10%,7.50%,5
189,Corbin Burnes,ARI,2,2,3.6,6,6,0,0,0,37.1,155,33,16,15,4,12,0,2,36,8.65,2.86,1.21,23.10%,7.60%,3
190,Jordan Montgomery,TEX,3,3,4.51,16,8,0,0,0,53,227,54,29,26,7,17,0,2,41,7.02,2.87,1.35,18.20%,7.40%,3
191,Trevor McDonald,SFG,3,3,4.18,19,8,0,1,0,57.2,250,57,29,27,6,21,1,3,46,7.14,3.19,1.35,18.40%,8.20%,3
192,Jonah Tong,NYM,2,2,3.81,12,5,0,1,0,32,134,27,15,13,3,13,0,1,36,10.04,3.79,1.25,26.60%,10.00%,2
193,Spencer Arrighetti,HOU,5,7,4.59,24,14,0,1,0,87.2,378,80,49,45,13,38,1,5,87,8.91,3.93,1.35,22.90%,10.10%,5
194,Hurston Waldrep,ATL,4,4,4.43,11,11,0,0,0,62,271,59,33,30,7,29,1,3,54,7.78,4.15,1.42,19.80%,10.50%,4
195,Payton Tolle,BOS,3,3,4.11,26,5,0,1,0,50.2,212,46,25,23,7,17,0,2,51,9.13,3.05,1.24,24.30%,8.10%,2
196,Marcus Stroman,,4,5,4.8,14,13,0,0,0,72.1,318,76,42,39,9,28,0,3,51,6.4,3.5,1.45,16.20%,8.80%,4
197,Jordan Wicks,CHC,2,2,4.02,21,3,0,1,0,38,160,37,18,17,4,12,0,1,34,7.99,2.87,1.29,21.00%,7.50%,1
198,Tyler Anderson,LAA,4,6,4.86,18,16,0,0,0,92.1,403,93,54,50,15,37,1,3,71,6.95,3.63,1.42,17.70%,9.20%,5
199,Charlie Morton,,4,4,4.67,11,10,0,0,0,55,242,53,31,29,8,25,0,4,54,8.93,4.09,1.42,22.50%,10.30%,3
200,Sawyer Gipson-Long,DET,2,2,4.15,25,4,0,3,0,42,175,40,21,19,6,11,0,2,38,8.15,2.39,1.2,21.70%,6.40%,1
201,Luis Medina,ATH,4,5,4.7,34,11,0,1,0,84.2,373,82,48,44,11,39,1,5,76,8.03,4.17,1.43,20.30%,10.50%,3
202,Hayden Birdsong,SFG,3,3,4.55,20,8,0,1,0,55,240,50,30,28,8,27,0,3,55,9.02,4.48,1.4,22.90%,11.40%,2
203,German Marquez,SDP,4,7,5.26,19,19,0,0,0,97.1,425,107,62,57,16,35,1,3,71,6.56,3.23,1.45,16.70%,8.20%,5
204,Martin Perez,ATL,2,3,4.57,9,9,0,0,0,47.2,207,49,26,24,6,18,0,2,36,6.88,3.31,1.39,17.60%,8.50%,3
205,JP Sears,SDP,4,5,4.47,28,9,0,1,0,69.1,291,67,37,34,12,19,1,4,60,7.83,2.45,1.24,20.70%,6.50%,3
206,Jake Irvin,WSN,5,7,4.88,24,17,0,0,0,101.1,436,104,60,55,17,33,0,4,76,6.74,2.96,1.35,17.40%,7.70%,6
207,Jose Urquidy,PIT,4,5,4.87,25,14,0,1,0,86.1,372,89,51,47,13,28,0,3,66,6.87,2.96,1.36,17.70%,7.60%,4
208,Tanner Gordon,COL,3,5,5.45,23,9,0,1,0,62.2,272,73,41,38,12,15,1,2,46,6.68,2.2,1.41,17.10%,5.60%,3
209,Alek Manoah,LAA,4,6,4.82,18,18,0,0,0,98.1,433,96,57,53,16,44,1,7,83,7.65,4.07,1.43,19.30%,10.30%,6
210,Thomas White,MIA,1,2,4.22,6,6,0,0,0,31.2,138,28,16,15,4,16,0,1,32,8.97,4.56,1.4,22.90%,11.70%,3
211,Clarke Schmidt,NYY,2,1,3.89,13,3,0,1,0,28,118,25,13,12,4,10,0,1,28,8.87,3.07,1.22,23.60%,8.20%,1
212,Logan Evans,SEA,4,4,4.54,11,11,0,0,1,58.1,251,57,32,29,8,21,1,3,43,6.7,3.24,1.34,17.30%,8.40%,3
213,Mitchell Parker,WSN,3,4,4.69,30,7,0,1,0,66,284,68,37,34,10,22,0,2,51,6.88,3.03,1.36,17.80%,7.80%,3
214,Ricky Tiedemann,TOR,2,2,4.27,16,4,0,1,0,33.2,147,30,17,16,4,17,0,2,36,9.6,4.45,1.39,24.40%,11.30%,1
215,Ryan Bergert,KCR,2,2,4.59,23,9,0,1,0,59.2,258,57,33,30,8,24,1,2,51,7.68,3.68,1.37,19.80%,9.50%,2
216,Erick Fedde,CHW,4,7,4.99,22,17,0,0,0,95.2,416,98,58,53,15,37,1,3,68,6.43,3.52,1.42,16.40%,9.00%,5
217,Jonathan Cannon,CHW,4,6,4.92,31,12,0,1,0,88.1,385,92,53,48,14,31,1,4,67,6.82,3.18,1.39,17.40%,8.10%,4
218,Gavin Stone,LAD,2,1,4.51,13,4,0,1,0,31,132,31,17,16,4,10,0,1,27,7.8,2.83,1.32,20.40%,7.40%,1
219,Spencer Turnbull,,2,3,4.87,8,7,0,0,0,39.1,173,41,23,21,5,16,0,2,30,6.91,3.78,1.45,17.40%,9.50%,2
220,Keider Montero,DET,3,4,4.47,28,5,0,1,0,59.1,254,59,32,29,9,20,0,2,50,7.54,3.07,1.34,19.50%,8.00%,3
221,Cade Povich,BAL,1,2,4.26,13,3,0,1,0,25.2,109,24,13,12,4,9,0,1,26,8.94,3.22,1.3,23.40%,8.40%,1
222,Quinn Mathews,STL,2,3,4.41,8,8,0,0,0,42,188,39,22,21,5,25,0,2,37,7.92,5.41,1.53,19.60%,13.40%,3
223,Kyle Hurt,LAD,1,1,4.17,15,4,0,1,0,31,134,28,16,14,4,14,0,1,31,9.08,3.95,1.34,23.50%,10.20%,1
224,River Ryan,LAD,2,2,4.47,11,6,0,1,0,35.2,154,35,19,18,5,14,0,2,30,7.57,3.56,1.36,19.50%,9.20%,1
225,Josiah Gray,WSN,5,8,5.37,19,19,0,0,0,108.1,476,109,70,65,19,46,1,5,93,7.73,3.81,1.43,19.60%,9.60%,6
226,Taijuan Walker,PHI,5,7,5.06,37,16,0,1,1,109.2,480,116,67,62,18,41,1,4,76,6.27,3.34,1.43,15.90%,8.50%,5
227,Drew Thorpe,CHW,3,3,4.77,9,9,0,0,0,46.2,201,46,27,25,7,17,0,1,35,6.8,3.3,1.35,17.60%,8.50%,3
228,Cristian Mena,ARI,1,1,4.1,15,2,0,1,2,25.2,110,24,13,12,3,10,0,1,24,8.41,3.51,1.33,21.90%,9.10%,1
229,Carson Whisenhunt,SFG,2,2,4.34,12,4,0,1,0,27.1,118,27,14,13,4,10,0,1,22,7.3,3.33,1.36,18.80%,8.60%,1
230,Blade Tidwell,SFG,2,2,4.51,17,3,0,1,0,33,144,32,18,17,5,13,0,2,29,7.78,3.62,1.38,19.90%,9.30%,1
231,Ty Johnson,TBR,1,1,4.21,3,3,0,0,0,16,68,14,8,7,2,6,0,1,16,9.03,3.36,1.26,23.70%,8.80%,1
232,Tanner Houck,BOS,1,2,4.85,6,3,0,0,0,21.2,94,22,13,12,3,7,0,2,18,7.32,3.05,1.38,18.60%,7.80%,1
233,Kai-Wei Teng,HOU,2,2,4.5,18,3,0,1,0,31,135,28,17,15,4,14,0,3,31,9.02,4.03,1.37,22.90%,10.20%,1
234,Kohl Drake,ARI,1,2,4.42,5,4,0,0,0,23.2,103,23,13,12,3,9,0,1,21,7.95,3.58,1.38,20.40%,9.20%,1
235,Jason Alexander,HOU,3,3,4.59,24,6,0,1,0,51.2,224,53,29,26,7,18,1,2,40,7.01,3.11,1.37,18.00%,8.00%,2
236,Austin Gomber,TEX,1,2,4.91,16,4,0,1,0,30.1,128,32,18,17,5,8,0,0,22,6.68,2.37,1.31,17.50%,6.20%,1
237,Ronel Blanco,HOU,1,1,4.15,9,2,0,1,1,18.1,78,17,9,9,3,7,0,0,19,9.25,3.64,1.3,24.30%,9.60%,1
238,Cooper Criswell,SEA,2,2,4.05,26,4,0,1,0,45.1,193,44,22,20,5,14,0,3,36,7.17,2.83,1.29,18.70%,7.40%,1
239,Emerson Hancock,SEA,3,3,4.42,30,6,0,1,0,61,261,60,32,30,8,20,0,3,47,6.95,2.98,1.32,18.00%,7.70%,2
240,Mitch Farris,LAA,1,2,4.89,6,6,0,0,0,31.1,137,30,18,17,5,14,0,1,28,7.93,3.99,1.42,20.20%,10.20%,2